2,2,6-Task1
Time,Translation X,Translation Y,Translation Z,Rotation X,Rotation Y,Rotation Z,Rotation W,Scalling,Camera X,Camera Y,Camera Z,Camera W,IsInCollision,CollisionForce X,CollisionForce Y,CollisionForce Z,Checkpoint0,Checkpoint1,User,Connected,Translation X,Translation Y,Translation Z,Rotation X,Rotation Y,Rotation Z,Rotation W,Scalling,Camera X,Camera Y,Camera Z,Camera W,User,Connected,Translation X,Translation Y,Translation Z,Rotation X,Rotation Y,Rotation Z,Rotation W,Scalling,Camera X,Camera Y,Camera Z,Camera W
420.2405,0,0,0,0,0,0,1,1,0.07105283,0.7416701,-0.07957657,0.662227,1,0,0,0,292.7165,277.4232,0,1,0.126814,-0.07652649,0.1200048,1.10145E-10,5.411544E-09,-7.017531E-09,1,1,7.593942E-07,1.823769E-06,-1.430806E-07,1,1,1,0,0,0,0,0,0,1,1,0.04383995,0.1287552,-0.03072724,0.9902301
420.2906,0,0,0,6.25155E-09,1.757457E-08,2.508734E-08,1,1,0.07105282,0.7416701,-0.07957657,0.662227,1,0,0,0,251.3001,288.2211,0,1,0,0,0,3.153063E-09,9.518006E-09,1.33614E-08,1,1,0,0,0,1,1,1,0,0,0,3.098488E-09,8.056557E-09,1.172594E-08,1,1,0,0,0,1
420.3402,0,0,0,1.324191E-08,4.224978E-08,6.058451E-08,1,1,0.07105283,0.7416701,-0.07957657,0.662227,1,0,0,0,251.3001,288.2211,0,1,0,0,0,3.815031E-09,1.397547E-08,2.002566E-08,1,1,0,0,0,1,1,1,0,0,0,3.17533E-09,1.069973E-08,1.54715E-08,1,1,0,0,0,1
420.3907,0,0,0,2.252432E-08,5.086279E-08,1.548278E-08,1,1,0.07105283,0.7416701,-0.07957657,0.662227,1,0,0,0,281.4561,322.8077,0,1,0,0,0,4.678E-09,5.918934E-09,-2.304957E-08,1,1,0,0,0,1,1,1,0,0,0,4.604399E-09,2.694073E-09,-2.205217E-08,1,1,0,0,0,1
420.4403,0,0,0,2.926477E-08,6.608586E-08,1.617353E-09,1,1,0.07105281,0.7416701,-0.07957657,0.662227,1,0,0,0,276.4301,317.0433,0,1,0,0,0,3.453406E-09,7.6519E-09,-3.539474E-09,1,1,0,0,0,1,1,1,0,0,0,3.28704E-09,7.571157E-09,-1.032595E-08,1,1,0,0,0,1
420.4908,0,0,0,3.578496E-08,8.06627E-08,1.131583E-08,1,1,0.07105283,0.7416701,-0.07957659,0.662227,1,0,0,0,281.4561,322.8077,0,1,0,0,0,3.541524E-09,7.604704E-09,5.253533E-09,1,1,0,0,0,1,1,1,0,0,0,2.978666E-09,6.972138E-09,4.444942E-09,1,1,0,0,0,1
420.5403,0,0,0,4.259274E-08,1.181161E-07,-6.78581E-08,1,1,0.07105283,0.7416701,-0.07957658,0.662227,1,0,0,0,276.4301,317.0433,0,1,0,0,0,3.610589E-09,1.908257E-08,-4.113597E-08,1,1,0,0,0,1,1,1,0,0,0,3.19717E-09,1.837089E-08,-3.803795E-08,1,1,0,0,0,1
420.5902,0,0,0,4.878251E-08,1.343172E-07,-7.563191E-08,1,1,0.07105281,0.7416701,-0.07957657,0.662227,1,0,0,0,276.4301,317.0433,0,1,0,0,0,2.919266E-09,6.737178E-09,-7.926156E-09,1,1,0,0,0,1,1,1,0,0,0,3.270505E-09,9.463844E-09,1.523732E-10,1,1,0,0,0,1
420.6404,0,0,0,5.240305E-08,1.417367E-07,-4.595279E-08,1,1,0.07105282,0.7416701,-0.07957657,0.662227,1,0,0,0,241.2481,276.6922,0,1,0,0,0,2.095287E-09,4.661447E-09,1.628807E-08,1,1,0,0,0,1,1,1,0,0,0,1.525262E-09,2.757997E-09,1.339105E-08,1,1,0,0,0,1
420.6902,0,0,0,6.057351E-08,1.591548E-07,-2.253013E-08,1,1,0.07105283,0.7416701,-0.07957657,0.662227,1,0,0,0,261.3521,299.75,0,1,0,0,0,4.656551E-09,1.034689E-08,1.395985E-08,1,1,0,0,0,1,1,1,0,0,0,3.513907E-09,7.071146E-09,9.462799E-09,1,1,0,0,0,1
420.7402,0,0,0,6.566106E-08,1.676617E-07,-9.503643E-09,1,1,0.07105281,0.7416701,-0.07957657,0.662227,1,0,0,0,271.4041,311.2788,0,1,0,0,0,2.579515E-09,4.471595E-09,6.997102E-09,1,1,0,0,0,1,1,1,0,0,0,2.508017E-09,4.035343E-09,6.029388E-09,1,1,0,0,0,1
420.7909,0,0,0,7.279887E-08,1.848503E-07,5.99913E-10,1,0.8842972,0.07105281,0.7416701,-0.07957656,0.662227,1,0,0,0,269.9373,309.864,0,1,0,0,0,3.856119E-09,8.812372E-09,5.507083E-09,1,0.8842972,0,0,0,1,1,1,0,0,0,3.281677E-09,8.376119E-09,4.596473E-09,1,1,0,0,0,1
420.8401,0,0,0,6.788073E-08,2.013268E-07,-3.367948E-08,1,0.8412687,0.07105281,0.7416701,-0.07957657,0.662227,1,0,0,0,256.0667,294.6533,0,1,0,0,0,-3.140939E-09,1.040518E-08,-2.065207E-08,1,0.9513415,0,0,0,1,1,1,0,0,0,-1.777227E-09,6.071284E-09,-1.362731E-08,1,1,0,0,0,1
420.8909,0,0,0,7.965391E-08,2.096157E-07,-1.647539E-08,1,0.8208121,0.07105281,0.7416701,-0.07957657,0.662227,1,0,0,0,264.1331,304.2687,0,1,0,0,0,5.545677E-09,3.926276E-09,8.152837E-09,1,0.9756837,0,0,0,1,1,1,0,0,0,6.227463E-09,4.362529E-09,9.051258E-09,1,1,0,0,0,1
420.9403,0,0,0,9.160814E-08,2.41002E-07,3.215059E-08,1,0.8185304,0.07105282,0.7416701,-0.07957657,0.662227,1,0,0,0,253.8871,292.5529,0,1,0,0,0,6.292096E-09,1.696111E-08,2.619434E-08,1,0.9972202,0,0,0,1,1,1,0,0,0,5.662156E-09,1.44251E-08,2.243163E-08,1,1,0,0,0,1
420.9901,0,0,0,9.768988E-08,2.582883E-07,6.864967E-08,1,0.8185304,0.07105282,0.7416701,-0.07957657,0.662227,1,0,0,0,263.6153,303.7698,0,1,0,0,0,3.141657E-09,8.547763E-09,1.975989E-08,1,1,0,0,0,1,1,1,0,0,0,2.940099E-09,8.738413E-09,1.673918E-08,1,1,0,0,0,1
421.0403,0,0,0,1.019691E-07,2.748984E-07,9.404121E-08,1,0.8185304,0.0710528,0.7416701,-0.07957655,0.662227,1,0,0,0,248.9699,286.8936,0,1,0,0,0,2.557562E-09,8.744078E-09,1.509427E-08,1,1,0,0,0,1,1,1,0,0,0,2.296089E-09,8.302161E-09,1.120786E-08,1,1,0,0,0,1
421.0905,0.003871676,0.0001569136,0.004238929,1.030793E-07,3.053233E-07,7.073221E-08,1,0.8185304,0.07105073,0.7416494,-0.07956911,0.6622512,1,0,0,0,263.6073,303.7617,0,1,0.008044146,0.0001632631,0.0107361,1.160607E-09,1.355509E-08,-8.871707E-09,1,1,0,0,0,1,1,1,0,0,0,-5.040257E-11,1.686977E-08,-1.443733E-08,1,1,0,0,0,1
421.1407,0.007342879,0.0001621959,0.009644121,1.038804E-07,2.957576E-07,7.907784E-08,1,0.8185304,0.0710479,0.741519,-0.07953383,0.6624019,1,0,0,0,253.5985,292.2711,0,1,0,0,0,3.868341E-10,-5.209731E-09,3.917251E-09,1,1,0,0,0,1,1,1,0,0,0,4.142752E-10,-4.356028E-09,4.42836E-09,1,1,0,0,0,1
421.1903,0.007926283,0.0001630837,0.01055257,9.725143E-08,2.851518E-07,7.708403E-08,1,0.772819,0.07104624,0.7413852,-0.07949915,0.6625559,1,0,0,0,252.7547,291.456,0,1,0,0,0,-2.997013E-09,-5.652841E-09,-8.790195E-10,1,0.9441543,0,0,0,1,1,1,0,0,0,-3.632003E-09,-4.952975E-09,-1.114792E-09,1,1,0,0,0,1
421.2408,0.008024336,0.0001632329,0.01070525,9.879437E-08,2.931008E-07,5.438606E-08,1,0.7384354,0.07104503,0.7412763,-0.07947107,0.6626813,1,0,0,0,255.5793,295.0996,0,1,0,0,0,5.885041E-10,2.243655E-09,-1.066621E-08,1,0.9555089,0,0,0,1,1,1,0,0,0,9.544281E-10,5.705092E-09,-1.203181E-08,1,1,0,0,0,1
421.2903,0.008040817,0.000163258,0.01073092,9.643117E-08,2.776191E-07,3.854409E-08,1,0.7395287,0.07104411,0.741191,-0.07944915,0.6627793,1,0,0,0,249.8958,288.7024,0,1,0,0,0,-1.250233E-09,-7.884701E-09,-8.08779E-09,1,1.00148,0,0,0,1,1,1,0,0,0,-1.112973E-09,-7.597099E-09,-7.754168E-09,1,1,0,0,0,1
421.3404,0.008043585,0.0001632622,0.01073523,9.160583E-08,2.662357E-07,-1.215232E-08,1,0.7447383,0.07104337,0.7411249,-0.07943214,0.6628554,1,0,0,0,250.1027,288.9016,0,1,0,0,0,-2.221673E-09,-5.55536E-09,-2.662446E-08,1,1.007045,0,0,0,1,1,1,0,0,0,-2.603702E-09,-5.828027E-09,-2.407195E-08,1,1,0,0,0,1
421.3905,0.00804405,0.0001632629,0.01073595,8.919118E-08,2.771446E-07,2.738744E-08,1,0.7447383,0.07104281,0.7410737,-0.07941896,0.6629142,1,0,0,0,245.407,283.4554,0,1,0,0,0,-1.426495E-09,6.284329E-09,1.948654E-08,1,1,0,0,0,1,1,1,0,0,0,-9.881633E-10,4.624336E-09,2.005321E-08,1,1,0,0,0,1
421.4402,0.008044127,0.000163263,0.01073607,8.717709E-08,2.575355E-07,5.230437E-08,1,0.7447383,0.07104239,0.7410342,-0.07940879,0.6629598,1,0,0,0,259.843,300.1296,0,1,0,0,0,-8.873427E-10,-1.099427E-08,1.441454E-08,1,1,0,0,0,1,1,1,0,0,0,-1.126776E-09,-8.614875E-09,1.050237E-08,1,1,0,0,0,1
421.4907,0.00804414,0.000163263,0.0107361,8.422123E-08,2.558223E-07,6.023726E-08,1,0.7447383,0.07104203,0.7410035,-0.0794009,0.662995,1,0,0,0,269.4669,311.2455,0,1,0,0,0,-1.593302E-09,3.345694E-09,-1.394986E-09,1,1,0,0,0,1,1,1,0,0,0,-1.362582E-09,-5.058868E-09,9.327845E-09,1,1,0,0,0,1
421.5406,0.008044142,0.000163263,0.0107361,8.381196E-08,2.687324E-07,2.864476E-08,1,0.7447383,0.07104178,0.7409798,-0.0793948,0.6630223,1,0,0,0,264.6549,305.6875,0,1,0,0,0,-2.486807E-10,6.888864E-09,-1.767642E-08,1,1,0,0,0,1,1,1,0,0,0,-8.260597E-10,4.567362E-09,-1.919749E-08,1,1,0,0,0,1
421.5905,0.008044142,0.000163263,0.0107361,7.954231E-08,2.706061E-07,-9.969028E-09,1,0.7447383,0.07104157,0.7409614,-0.07939006,0.6630434,1,0,0,0,221.3478,255.6659,0,1,0,0,0,-2.117104E-09,2.018153E-09,-2.049332E-08,1,1,0,0,0,1,1,1,0,0,0,-1.487112E-09,1.309273E-09,-1.283905E-08,1,1,0,0,0,1
421.6401,0.008044142,0.000163263,0.0107361,7.409272E-08,2.61967E-07,2.860927E-09,1,0.7447383,0.07104141,0.7409472,-0.07938641,0.6630597,1,0,0,0,255.0311,294.5716,0,1,0,0,0,-2.724797E-09,-4.319572E-09,6.414978E-09,1,1,0,0,0,1,1,1,0,0,0,-2.724797E-09,-4.319572E-09,6.414978E-09,1,1,0,0,0,1
421.6908,0.008044142,0.000163263,0.0107361,6.773893E-08,2.396627E-07,-2.214558E-09,1,0.7447383,0.07104129,0.7409362,-0.07938359,0.6630723,1,0,0,0,264.6549,305.6875,0,1,0,0,0,-3.200447E-09,-1.082917E-08,-4.421979E-09,1,1,0,0,0,1,1,1,0,0,0,-3.153397E-09,-1.14753E-08,-6.535088E-10,1,1,0,0,0,1
421.7409,0.008431739,0.0009488998,0.01165943,6.737339E-08,2.375655E-07,-1.516156E-08,1,0.7447383,0.07103883,0.7409248,-0.07937799,0.6630861,1,0,0,0,259.843,300.1295,0,1,0.001291991,0.002618789,0.003077774,-2.89292E-10,-9.570664E-10,-2.493958E-09,1,1,0,0,0,1,1,1,0,0,0,-7.627177E-11,-1.140146E-09,-1.045303E-08,1,1,0,0,0,1
421.7906,0.0375644,0.0826562,0.05473307,6.239827E-08,2.549288E-07,7.496769E-09,1,0.7447383,0.07050065,0.7406442,-0.07869311,0.6635385,1,0,0,0,240.2426,277.5692,0,1,0.05517267,0.1588976,0.07828702,-2.252855E-09,1.102122E-08,1.303233E-08,1,1,0,0,0,1,1,1,0,0,0,-2.722305E-09,6.341922E-09,9.625993E-09,1,1,0,0,0,1
421.8409,0.09354156,0.2579765,0.1249839,6.522473E-08,2.606077E-07,4.091571E-09,1,0.7447383,0.06788094,0.739601,-0.07545637,0.6653487,1,0,0,0,236.8725,274.4319,0,1,0.05665727,0.1871577,0.06490959,1.520421E-09,4.313852E-09,-3.974146E-09,1,1,0,0,0,1,1,1,0,0,0,1.305994E-09,1.364947E-09,5.689502E-10,1,1,0,0,0,1
421.89,0.1352046,0.4014105,0.1717686,6.519777E-08,2.89236E-07,-5.204541E-08,1,0.7447383,0.06344035,0.7381164,-0.07009765,0.6680163,1,0,0,0,231.4407,269.3779,0,1,0.03223114,0.1172111,0.03537597,3.207773E-10,1.382851E-08,-2.62017E-08,1,1,0,0,0,1,1,1,0,0,0,-3.477831E-10,1.47997E-08,-2.993528E-08,1,1,0,0,0,1
421.9403,0.1503396,0.4551847,0.1889212,6.488531E-08,2.927759E-07,-2.588614E-08,1,0.7447383,0.05856786,0.7365897,-0.06431943,0.6707223,1,0,0,0,227.0037,265.2532,0,1,0,0,0,-1.708484E-10,3.057413E-09,1.14313E-08,1,1,0,0,0,1,1,1,0,0,0,-1.41642E-10,4.822912E-10,1.472797E-08,1,1,0,0,0,1
421.9902,0.1528833,0.4642225,0.1918041,6.40206E-08,2.733972E-07,-2.448756E-09,1,0.7447383,0.05447079,0.735304,-0.05952077,0.6729178,1,0,0,0,229.4967,268.6559,0,1,0,0,0,-4.598107E-10,-8.77087E-09,1.088251E-08,1,1,0,0,0,1,1,1,0,0,0,-4.049012E-10,-1.060778E-08,1.255488E-08,1,1,0,0,0,1
422.041,0.1533108,0.4657415,0.1922886,6.151544E-08,2.869027E-07,-2.608494E-08,1,0.7447383,0.05123404,0.7342773,-0.05576533,0.6746126,1,0,0,0,237.9078,278.6446,0,1,0,0,0,-1.091784E-09,7.068067E-09,-1.06406E-08,1,1,0,0,0,1,1,1,0,0,0,-1.413401E-09,6.437333E-09,-1.299557E-08,1,1,0,0,0,1
422.0904,0.1543795,0.468942,0.1959069,6.145048E-08,2.892433E-07,-5.378434E-08,1,0.7447383,0.04869971,0.7334546,-0.05284433,0.6759292,1,0,0,0,215.3337,252.2363,0,1,0.002704397,0.007950735,0.009563941,-3.920595E-11,1.117046E-09,-1.23886E-08,1,1,0,0,0,1,1,1,0,0,0,-2.579512E-11,1.223428E-09,-1.531079E-08,1,1,0,0,0,1
422.1402,0.1857971,0.5917788,0.2551129,6.120186E-08,2.981029E-07,-6.619207E-08,1,0.7447383,0.0459192,0.7323995,-0.04963948,0.677509,1,0,0,0,214.8849,251.8258,0,1,0.06201865,0.2487027,0.1076274,-1.243137E-10,4.429793E-09,-6.203861E-09,1,1,0,0,0,1,1,1,0,0,0,-1.243137E-10,4.429793E-09,-6.203861E-09,1,1,0,0,0,1
422.1901,0.245103,0.8414024,0.3457382,6.042017E-08,3.15089E-07,-6.294327E-08,1,0.7447383,0.04032667,0.7303534,-0.04328079,0.6805032,1,0,0,0,211.22,248.4602,0,1,0.05152555,0.2258833,0.06943171,-5.756128E-10,9.186281E-09,1.579144E-09,1,1,0,0,0,1,1,1,0,0,0,-2.060896E-10,7.799781E-09,1.669671E-09,1,1,0,0,0,1
422.2407,0.2732065,0.9737268,0.3722669,5.873737E-08,3.124647E-07,-7.55801E-08,1,0.7447383,0.03312163,0.7280357,-0.03526276,0.68383,1,0,0,0,171.5882,202.969,0,1,0.01053374,0.05972547,-0.002401793,-7.622225E-10,-9.77506E-10,-5.390255E-09,0.9999999,1,0,0,0,1,1,1,0,0,0,-9.206176E-10,-1.646914E-09,-7.24655E-09,0.9999999,1,0,0,0,1
422.2902,0.2790076,1.002498,0.3758782,5.830501E-08,3.086637E-07,-5.356756E-08,1,0.7447383,0.02654363,0.7260847,-0.02807341,0.686519,1,0,0,0,211.4259,250.8713,0,1,0,0,0,-2.161746E-10,-1.900524E-09,1.100629E-08,1,1,0,0,0,1,1,1,0,0,0,-2.161746E-10,-1.900524E-09,1.100629E-08,1,1,0,0,0,1
422.3408,0.2799825,1.007334,0.3764851,5.920958E-08,3.162617E-07,-3.754819E-08,1,0.7447383,0.02126371,0.7245127,-0.02237366,0.68857,1,0,0,0,223.156,265.0299,0,1,0,0,0,4.629547E-10,3.504896E-09,8.774321E-09,1,1,0,0,0,1,1,1,0,0,0,4.416015E-10,4.092926E-09,7.245058E-09,1,1,0,0,0,1
422.3902,0.2801464,1.008146,0.3765871,5.943099E-08,3.220799E-07,-3.893503E-08,1,0.7447383,0.01713566,0.7232638,-0.01795848,0.6901256,1,0,0,0,214.5176,254.8248,0,1,0,0,0,9.747381E-11,1.886922E-09,1.573185E-10,1,1,0,0,0,1,1,1,0,0,0,1.239132E-10,3.931209E-09,-1.544141E-09,1,1,0,0,0,1
422.4407,0.2835546,1.015305,0.3980297,5.945188E-08,3.171762E-07,-3.750528E-08,1,0.7447383,0.01387035,0.7221497,-0.01448627,0.691446,1,0,0,0,222.8286,264.7249,0,1,0.006906632,0.01032549,0.04967581,2.927285E-13,-3.214701E-09,-2.347185E-10,1,1,0,0,0,1,1,1,0,0,0,2.059289E-11,-1.689082E-09,1.664479E-09,1,1,0,0,0,1
422.4903,0.301334,0.9926519,0.6069725,5.959159E-08,3.274868E-07,-3.790515E-08,1,0.7447383,0.01146533,0.7193815,-0.01187747,0.6944191,1,0,0,0,217.5823,258.812,0,1,0.02463547,-0.04547219,0.3168358,7.60961E-11,6.237703E-09,-4.019198E-10,1,1,0,0,0,1,1,1,0,0,0,6.359448E-11,4.07283E-09,2.051692E-12,1,1,0,0,0,1
422.5401,0.3155022,0.9602106,0.8149577,5.953178E-08,3.29987E-07,-3.603267E-08,1,0.7447383,0.01016367,0.713528,-0.01035304,0.7004765,1,0,0,0,213.6065,255.3456,0,1,0.00895033,-0.02696686,0.1564387,-3.768933E-11,1.223726E-09,1.17009E-09,0.9999999,1,0,0,0,1,1,1,0,0,0,-2.213042E-11,1.276385E-09,7.023881E-10,0.9999999,1,0,0,0,1
422.59,0.3221665,0.9422262,0.9331306,5.958161E-08,3.290153E-07,-3.118191E-08,1,0.7447383,0.009545042,0.7065493,-0.009531741,0.7075353,1,0,0,0,209.8293,252.0704,0,1,0.00352845,-0.01090132,0.0772054,2.740299E-11,-3.681207E-10,2.517764E-09,1,1,0,0,0,1,1,1,0,0,0,2.244549E-11,-6.036643E-10,2.332996E-09,1,1,0,0,0,1
422.641,0.3238586,0.9364607,0.96943,5.960784E-08,3.305287E-07,-2.528749E-08,1,0.7447383,0.009234612,0.7000204,-0.009053733,0.7140057,1,0,0,0,215.68,259.8494,0,1,0,0,0,1.351353E-11,7.691113E-10,2.94718E-09,1,1,0,0,0,1,1,1,0,0,0,1.270823E-11,7.439933E-10,2.947241E-09,1,1,0,0,0,1
422.6906,0.3241429,0.9354916,0.9755309,5.961321E-08,3.260015E-07,-2.833304E-08,1,0.7447383,0.009024868,0.6947145,-0.008717902,0.7191761,1,0,0,0,206.9029,249.5466,0,1,0,0,0,-2.691456E-12,-2.292451E-09,-1.176092E-09,1,1,0,0,0,1,1,1,0,0,0,8.033001E-12,-2.234766E-09,-1.869456E-09,1,1,0,0,0,1
422.7404,0.3241907,0.9353287,0.9765562,5.93572E-08,3.32185E-07,-3.228444E-08,1,0.7447383,0.008864981,0.6905494,-0.008464968,0.7231814,1,0,0,0,218.6276,263.7614,0,1,0,0,0,-1.348407E-10,3.28288E-09,-2.301174E-09,1,1,0,0,0,1,1,1,0,0,0,-1.211816E-10,2.900534E-09,-1.650193E-09,1,1,0,0,0,1
422.7915,0.325224,0.9386837,0.983883,5.929023E-08,3.26712E-07,-3.367858E-08,1,0.7447383,0.008721597,0.6872715,-0.008252917,0.7263014,1,0,0,0,206.6506,249.3298,0,1,0.002593328,0.008458126,0.01973982,-3.348268E-11,-2.736565E-09,-6.970685E-10,1,1,0,0,0,1,1,1,0,0,0,-3.348268E-11,-2.736565E-09,-6.970685E-10,1,1,0,0,0,1
422.8403,0.3360833,0.9723998,1.087274,5.947754E-08,3.282643E-07,-3.049645E-08,1,0.7447383,0.008279198,0.6837154,-0.007757876,0.7296606,1,0,0,0,186.3479,224.9769,0,1,0.01751899,0.05464982,0.1648393,8.471941E-11,9.628325E-10,1.684179E-09,1,1,0,0,0,1,1,1,0,0,0,1.025767E-10,5.893765E-10,1.497955E-09,1,1,0,0,0,1
422.8908,0.3522524,1.024419,1.244316,5.909785E-08,3.505739E-07,-3.131366E-08,1,0.7447383,0.007175033,0.6786665,-0.006630687,0.7343816,1,0,0,0,200.38,242.5249,0,1,0.01583197,0.05199203,0.158808,-2.233993E-10,1.108468E-08,-4.993996E-10,1,1,0,0,0,1,1,1,0,0,0,-1.562847E-10,1.122481E-08,-3.178113E-10,1,1,0,0,0,1
422.9404,0.3644677,1.067528,1.376006,5.942984E-08,3.545448E-07,-3.670194E-08,1,0.7447383,0.005513826,0.6723189,-0.00500801,0.7402242,1,0,0,0,193.8369,235.4813,0,1,0.009209562,0.03610678,0.1135128,1.568961E-10,3.307391E-09,-3.424409E-09,1,1,0,0,0,1,1,1,0,0,0,1.750724E-10,6.634548E-10,-1.963847E-09,1,1,0,0,0,1
422.9905,0.3707269,1.092234,1.443378,5.931236E-08,3.624532E-07,-3.515122E-08,1,0.7447383,0.003654747,0.6658082,-0.00326141,0.7461069,1,0,0,0,191.7875,233.6866,0,1,0.002637196,0.01072222,0.0233255,-6.536775E-11,2.498564E-09,8.542809E-10,1,1,0,0,0,1,1,1,0,0,0,-5.211453E-11,5.409793E-09,6.964585E-10,1,1,0,0,0,1
423.0409,0.3717788,1.096386,1.454701,5.933405E-08,3.649956E-07,-3.693074E-08,1,0.7447383,0.002043938,0.6603326,-0.001797252,0.7509683,1,0,0,0,190.7692,232.793,0,1,0,0,0,3.97539E-11,1.386103E-09,-1.061724E-09,1,1,0,0,0,1,1,1,0,0,0,-1.80869E-11,1.156065E-09,-7.177868E-10,1,1,0,0,0,1
423.0905,0.3719557,1.097084,1.456605,5.939932E-08,3.469213E-07,-3.757605E-08,1,0.7447383,0.0007589989,0.6560085,-0.0006596989,0.7547529,1,0,0,0,201.8992,246.4826,0,1,0,0,0,4.313065E-11,-8.500123E-09,-4.415131E-10,1,1,0,0,0,1,1,1,0,0,0,2.210607E-11,-9.57435E-09,-2.037851E-10,1,1,0,0,0,1
423.1404,0.3719854,1.097201,1.456924,5.936983E-08,3.129791E-07,-3.736703E-08,1,0.7447383,-0.0002476228,0.6526384,0.0002132964,0.7576694,1,0,0,0,178.9757,218.5199,0,1,0,0,0,-1.880533E-11,-1.985351E-08,1.489585E-10,1,1,0,0,0,1,1,1,0,0,0,-1.070623E-11,-1.408879E-08,6.006982E-11,1,1,0,0,0,1
423.1903,0.3719904,1.097221,1.456978,5.93748E-08,3.207878E-07,-3.774324E-08,1,0.7447383,-0.001032255,0.6500202,0.0008829753,0.7599157,1,0,0,0,201.8074,246.4017,0,1,0,0,0,2.473947E-12,3.904315E-09,-1.881106E-10,1,1,0,0,0,1,1,1,0,0,0,2.473947E-12,3.904315E-09,-1.881106E-10,1,1,0,0,0,1
423.2408,0.3719912,1.097224,1.456987,5.933289E-08,2.882186E-07,-3.798236E-08,1,0.7447383,-0.001642616,0.6479885,0.001397493,0.761647,1,0,0,0,209.4192,255.6967,0,1,0,0,0,-2.537636E-11,-1.755424E-08,-1.186619E-10,1,1,0,0,0,1,1,1,0,0,0,-1.653779E-11,-1.501507E-08,-1.204483E-10,1,1,0,0,0,1
423.2904,0.3719913,1.097225,1.456989,5.932319E-08,2.740833E-07,-3.706737E-08,1,0.7447383,-0.002116768,0.6464128,0.001793364,0.7629828,1,0,0,0,209.4184,255.6961,0,1,0,0,0,-7.839875E-12,-9.879945E-09,5.915938E-10,1,1,0,0,0,1,1,1,0,0,0,-1.860349E-12,-4.255349E-09,3.234101E-10,1,1,0,0,0,1
423.3408,0.3805933,1.099208,1.461841,5.944576E-08,2.505365E-07,-3.630628E-08,1,0.7447383,-0.002495832,0.6451709,0.002107555,0.7640314,1,0,0,0,163.7155,199.8964,0,1,0.02220144,0.00504411,0.01176908,6.013678E-11,-1.552355E-08,5.770668E-10,1,1,0,0,0,1,1,1,0,0,0,6.242024E-11,-8.023239E-09,1.840367E-10,1,1,0,0,0,1
423.3908,0.4269128,1.108172,1.473746,5.953994E-08,3.00001E-07,-3.579334E-08,1,0.7447383,-0.00289647,0.6441175,0.002439044,0.7649173,1,0,0,0,189.6773,231.7549,0,1,0.06131662,0.01104553,0.009693237,4.709387E-11,2.473221E-08,2.564778E-10,1,1,0,0,0,1,1,1,0,0,0,4.709387E-11,2.473221E-08,2.564778E-10,1,1,0,0,0,1
423.4401,0.6031458,1.132981,1.46887,5.95614E-08,2.941343E-07,-3.436858E-08,1,0.7447383,-0.003469808,0.6435564,0.002917507,0.7653853,1,0,0,0,190.7869,233.7121,0,1,0.3246255,0.04281764,-0.01890863,7.10029E-12,-5.736125E-09,7.126306E-10,1,1,0,0,0,1,1,1,0,0,0,1.436129E-11,-1.307257E-10,7.121458E-10,1,1,0,0,0,1
423.4903,1.04181,1.187436,1.431128,5.991458E-08,2.82726E-07,-3.693799E-08,1,0.7447383,-0.004617635,0.6446059,0.00389351,0.7644912,1,0,0,0,180.9868,223.8676,0,1,0.4265638,0.051467,-0.0435002,1.765826E-10,-5.704243E-09,-1.284701E-09,1,1,0,0,0,1,1,1,0,0,0,1.765826E-10,-5.704243E-09,-1.284701E-09,1,1,0,0,0,1
423.5407,1.178986,1.20421,1.418578,5.988061E-08,2.632884E-07,-3.645916E-08,1,0.7447383,-0.005950369,0.6465499,0.005043327,0.7628319,1,0,0,0,166.7896,210.3747,0,1,0,0,0,3.130178E-11,-1.291713E-08,3.950704E-10,0.9999998,1,0,0,0,1,1,1,0,0,0,-6.530295E-11,-6.520515E-09,8.376472E-11,0.9999998,1,0,0,0,1
423.5909,1.202041,1.207029,1.416469,6.022937E-08,2.843733E-07,-4.21343E-08,1,0.7447383,-0.007018156,0.6482224,0.005974988,0.7613952,1,0,0,0,161.4077,205.7437,0,1,0,0,0,1.571338E-10,1.120137E-08,-2.414041E-09,1,1,0,0,0,1,1,1,0,0,0,1.916031E-10,9.883435E-09,-3.261091E-09,1,1,0,0,0,1
423.6405,1.205916,1.207503,1.416115,6.03403E-08,2.879706E-07,-3.619517E-08,1,0.7447383,-0.007828549,0.6495343,0.006688362,0.7602626,1,0,0,0,156.0488,199.5209,0,1,0,0,0,5.54638E-11,1.798676E-09,2.969569E-09,1,1,0,0,0,1,1,1,0,0,0,5.54638E-11,1.798676E-09,2.969569E-09,1,1,0,0,0,1
423.6902,1.206567,1.207583,1.416055,6.065927E-08,3.188729E-07,-4.243255E-08,1,0.7447383,-0.008446645,0.6505486,0.007236074,0.7593832,1,0,0,0,155.4736,198.9367,0,1,0,0,0,1.836015E-10,1.545483E-08,-3.394459E-09,1,1,0,0,0,1,1,1,0,0,0,1.353593E-10,1.544733E-08,-2.842902E-09,1,1,0,0,0,1
423.7409,1.208236,1.208002,1.418016,6.067438E-08,3.274413E-07,-4.46995E-08,1,0.7447383,-0.008927223,0.6513222,0.007663663,0.7587101,1,0,0,0,161.3313,206.464,0,1,0.005198373,0.001351731,0.006568846,1.061686E-10,1.579323E-09,-1.14912E-09,1,1,0,0,0,1,1,1,0,0,0,-9.108788E-11,6.98893E-09,-1.117823E-09,1,1,0,0,0,1
423.7906,1.329416,1.232334,1.51115,6.048632E-08,2.962844E-07,-4.643227E-08,1,0.7447383,-0.009459117,0.651369,0.008121408,0.7586587,1,0,0,0,148.7986,190.6004,0,1,0.2130025,0.04225962,0.1588427,-9.304382E-11,-1.764571E-08,-8.648502E-10,1,1,0,0,0,1,1,1,0,0,0,-9.504811E-11,-1.351129E-08,-8.679222E-10,1,1,0,0,0,1
423.8401,1.61111,1.287327,1.705611,6.05235E-08,2.695554E-07,-5.051503E-08,1,0.7447383,-0.01059733,0.6491243,0.009044692,0.7605547,1,0,0,0,138.5023,179.5828,0,1,0.2794697,0.05445967,0.1901668,-1.578502E-11,-1.081824E-08,-1.796793E-09,1,1,0,0,0,1,1,1,0,0,0,5.29467E-11,-1.591086E-08,-2.285952E-09,1,1,0,0,0,1
423.8908,1.733476,1.310887,1.790838,6.153594E-08,3.084492E-07,-4.986209E-08,1,0.7447383,-0.01195422,0.64585,0.01011475,0.7633038,1,0,0,0,129.2644,171.3216,0,1,0.06176765,0.01138262,0.04131083,5.457539E-10,2.015552E-08,4.708566E-10,0.9999999,1,0,0,0,1,1,1,0,0,0,4.666575E-10,1.873826E-08,1.821006E-10,0.9999999,1,0,0,0,1
423.9401,1.760647,1.316016,1.809219,6.026404E-08,3.026883E-07,-4.746988E-08,1,0.7447383,-0.01312315,0.6429077,0.01101789,0.765752,1,0,0,0,117.7825,158.1593,0,1,0,0,0,-6.638518E-10,-3.067258E-09,6.70302E-10,0.9999999,1,0,0,0,1,1,1,0,0,0,-6.080436E-10,-2.693676E-09,1.721922E-09,0.9999999,1,0,0,0,1
423.9903,1.765214,1.316878,1.812308,5.98664E-08,3.458329E-07,-4.28898E-08,1,0.7447383,-0.01403856,0.6405773,0.01171429,0.7676761,1,0,0,0,123.1916,166.0141,0,1,0,0,0,-1.447215E-10,1.849857E-08,2.589703E-09,1,1,0,0,0,1,1,1,0,0,0,-2.529293E-10,2.464593E-08,1.990388E-09,1,1,0,0,0,1
424.0408,1.765982,1.317023,1.812828,6.058216E-08,2.963707E-07,-4.200945E-08,1,0.7447383,-0.01475049,0.6387634,0.01224976,0.7691643,1,0,0,0,127.5187,171.9966,0,1,0,0,0,4.499152E-10,-2.486158E-08,-1.20789E-10,1,1,0,0,0,1,1,1,0,0,0,2.658175E-10,-2.460078E-08,1.001142E-09,1,1,0,0,0,1
424.0905,1.769153,1.317271,1.813159,6.10381E-08,2.835505E-07,-4.455116E-08,1,0.7447383,-0.01531083,0.6373494,0.01266793,0.7703186,1,0,0,0,120.1875,162.1425,0,1,0.005964915,0.0004373183,0.0004780578,2.225589E-10,-5.46529E-09,-1.243664E-09,1,1,0,0,0,1,1,1,0,0,0,2.333827E-10,-7.354982E-09,-1.298042E-09,1,1,0,0,0,1
424.1404,1.813019,1.318304,1.802007,6.192511E-08,2.945965E-07,-4.953353E-08,1,0.7447383,-0.01575079,0.6363779,0.01299878,0.7711071,1,0,0,0,112.6596,152.094,0,1,0.09236652,0.001924149,-0.02556609,4.644563E-10,6.482989E-09,-3.636084E-09,1,1,0,0,0,1,1,1,0,0,0,4.225357E-10,4.562953E-09,-1.346268E-09,1,1,0,0,0,1
424.1906,1.970667,1.321895,1.751359,6.317724E-08,3.252073E-07,-6.301724E-08,1,0.7447383,-0.01605025,0.6366391,0.01325525,0.7708809,1,0,0,0,109.8624,149.2912,0,1,0.1606677,0.003462077,-0.05709754,5.884155E-10,1.669967E-08,-6.840476E-09,1,1,0,0,0,1,1,1,0,0,0,6.637152E-10,1.3911E-08,-6.64322E-09,1,1,0,0,0,1
424.2405,2.015981,1.322711,1.734211,6.436265E-08,3.254411E-07,-6.417941E-08,1,0.7447383,-0.01623853,0.6376545,0.0134469,0.770034,1,0,0,0,106.502,146.7472,0,1,0,0,0,4.800472E-10,3.914225E-11,-6.440585E-10,1,1,0,0,0,1,1,1,0,0,0,7.053719E-10,1.945601E-10,-5.180632E-10,1,1,0,0,0,1
424.2909,2.023597,1.322848,1.731329,6.383539E-08,3.263074E-07,-6.792855E-08,1,0.7447383,-0.01637256,0.6385998,0.01359192,0.7692448,1,0,0,0,114.8556,159.2282,0,1,0,0,0,-7.189386E-12,-2.302182E-09,-2.352705E-09,1,1,0,0,0,1,1,1,0,0,0,-5.201103E-10,3.168408E-09,-1.396442E-09,1,1,0,0,0,1
424.3404,2.026839,1.323032,1.730929,6.444233E-08,3.053741E-07,-6.706647E-08,1,0.7447383,-0.01647534,0.6393597,0.01370484,0.768609,1,0,0,0,114.0986,158.4487,0,1,0.002987248,0.0002448795,0.0001279959,3.159823E-10,-1.093737E-08,-3.268633E-10,1,1,0,0,0,1,1,1,0,0,0,2.909572E-10,-9.996055E-09,1.188937E-09,1,1,0,0,0,1
424.3906,2.027907,1.323106,1.730884,6.467003E-08,3.060567E-07,-6.731776E-08,1,0.7447383,-0.01655839,0.6399536,0.01379566,0.7681113,1,0,0,0,94.50904,131.3223,0,1,0,0,0,1.756901E-10,4.113803E-10,-3.969528E-10,1,1,0,0,0,1,1,1,0,0,0,5.199133E-11,2.710632E-10,1.456868E-10,1,1,0,0,0,1
424.4409,2.028086,1.323118,1.730876,6.312827E-08,3.131715E-07,-5.933678E-08,1,0.6743078,-0.01662664,0.640411,0.01386936,0.7677271,1,0,0,0,104.1967,145.2486,0,1,0,0,0,-7.84795E-10,1.780489E-09,4.367191E-09,0.9999999,0.9054292,0,0,0,1,1,1,0,0,0,-7.569706E-10,5.334336E-09,3.613798E-09,0.9999999,1,0,0,0,1
424.49,2.028117,1.32312,1.730875,6.194755E-08,3.594915E-07,-5.558882E-08,1,0.6213631,-0.0166833,0.6407613,0.01392958,0.7674325,1,0,0,0,104.2379,146.2468,0,1,0,0,0,-3.915865E-10,1.88191E-08,1.594405E-09,1,0.9214829,0,0,0,1,1,1,0,0,0,-7.891599E-10,2.750083E-08,2.153573E-09,1,1,0,0,0,1
424.5408,2.028122,1.323121,1.730875,6.130682E-08,3.563799E-07,-5.082564E-08,1,0.6039997,-0.01672966,0.64103,0.01397827,0.7672062,1,0,0,0,107.3544,151.1024,0,1,0,0,0,-3.032419E-10,-1.553661E-09,2.692823E-09,1,0.9871666,0,0,0,1,1,1,0,0,0,-3.374967E-10,-1.557939E-09,2.07035E-09,1,0.9846929,0,0,0,1
424.5904,2.028123,1.323121,1.730875,6.038303E-08,3.857716E-07,-5.61122E-08,1,0.5662205,-0.01676836,0.6412347,0.01401824,0.7670335,1,0,0,0,96.38214,135.9593,0,1,0,0,0,-7.466635E-10,2.041563E-08,-2.876363E-09,1,1,0,0,0,1,1,1,0,0,0,-1.7714E-10,8.975892E-09,-2.410171E-09,1,0.9374518,0,0,0,1
424.6403,2.028123,1.323121,1.730875,5.982459E-08,4.020948E-07,-6.524402E-08,1,0.5175749,-0.01679941,0.6413919,0.01405007,0.7669008,1,0,0,0,97.23463,137.718,0,1,0,0,0,-2.792369E-10,8.161475E-09,-4.565906E-09,1,1,0,0,0,1,1,1,0,0,0,-2.792369E-10,8.161475E-09,-4.565906E-09,1,0.9140872,0,0,0,1
424.6905,2.028123,1.323121,1.730875,6.090633E-08,4.211709E-07,-6.457232E-08,1,0.437596,-0.01682353,0.6415132,0.01407478,0.7667984,1,0,0,0,99.59068,141.8474,0,1,0,0,0,5.408708E-10,9.538045E-09,3.358641E-10,1,1,0,0,0,1,1,1,0,0,0,5.408708E-10,9.538045E-09,3.358641E-10,1,0.8454736,0,0,0,1
424.741,2.028123,1.323121,1.730875,6.391974E-08,4.283552E-07,-7.899338E-08,1,0.437596,-0.01684236,0.6416069,0.01409404,0.7667192,1,0,0,0,97.81792,140.1597,0,1,0,0,0,1.472815E-09,4.646267E-09,-7.746062E-09,1,1,0,0,0,1,1,1,0,0,0,1.540601E-09,2.53796E-09,-6.674973E-09,1,1,0,0,0,1
424.7909,2.028123,1.323121,1.730875,6.217608E-08,4.523041E-07,-6.737607E-08,1,0.3987761,-0.01685734,0.6416788,0.01410928,0.7666584,1,0,0,0,91.38248,131.2093,0,1,0,0,0,-8.617348E-10,1.457849E-08,6.770208E-09,1,0.9112883,0,0,0,1,1,1,0,0,0,-8.819514E-10,9.370546E-09,4.847138E-09,1,1,0,0,0,1
424.8402,2.028123,1.323121,1.730875,6.323913E-08,4.82128E-07,-6.008311E-08,1,0.3730776,-0.01686945,0.6417336,0.01412147,0.766612,1,0,0,0,92.35223,133.0685,0,1,0,0,0,5.737721E-10,1.753305E-08,3.020977E-09,1,0.9355567,0,0,0,1,1,1,0,0,0,4.892534E-10,1.229081E-08,4.272012E-09,1,1,0,0,0,1
424.8909,2.028123,1.323121,1.730875,6.29048E-08,4.688661E-07,-4.353252E-08,1,0.3693683,-0.01687787,0.6417772,0.01413016,0.7665752,1,0,0,0,95.7901,138.2198,0,1,0,0,0,-9.255617E-11,-7.677546E-09,7.680661E-09,1,0.9900575,0,0,0,1,1,1,0,0,0,-2.417999E-10,-5.584424E-09,8.869938E-09,1,1,0,0,0,1
424.9409,2.028123,1.323121,1.730875,6.372145E-08,4.63616E-07,-4.571021E-08,1,0.3691063,-0.01688383,0.6418113,0.01413644,0.7665464,1,0,0,0,93.81512,135.3987,0,1,0,0,0,5.263257E-10,-4.962661E-09,-1.256448E-09,1,0.9992908,0,0,0,1,1,1,0,0,0,2.902979E-10,-2.873639E-10,-9.212291E-10,1,1,0,0,0,1
424.9906,2.028123,1.323121,1.730875,6.345755E-08,4.562825E-07,-2.811973E-08,1,0.3691063,-0.01688814,0.6418381,0.01414105,0.7665238,1,0,0,0,97.64158,140.9226,0,1,0,0,0,-2.353528E-10,-3.145988E-09,8.991768E-09,1,1,0,0,0,1,1,1,0,0,0,-2.857238E-11,-4.187575E-09,8.598719E-09,1,1,0,0,0,1
425.0406,2.028123,1.323121,1.730875,6.178266E-08,4.867438E-07,-2.797982E-08,1,0.3691063,-0.01689127,0.6418591,0.01414446,0.7665061,1,0,0,0,101.4707,146.449,0,1,0,0,0,-7.505091E-10,1.574392E-08,-1.395238E-10,1,1,0,0,0,1,1,1,0,0,0,-9.243897E-10,1.471744E-08,2.794414E-10,1,1,0,0,0,1
425.0908,2.025068,1.322954,1.730808,6.132937E-08,4.82117E-07,-1.549379E-08,1,0.3691063,-0.01689343,0.6418725,0.01414677,0.7664948,1,0,0,0,99.56139,143.6912,0,1,-0.005989688,-0.0003261481,-0.0001313302,-1.661768E-10,-4.14876E-09,6.246549E-09,1,1,0,0,0,1,1,1,0,0,0,-2.871438E-10,-4.781473E-10,6.239477E-09,1,1,0,0,0,1
425.1409,1.864022,1.315717,1.703806,6.114709E-08,4.687294E-07,-1.394163E-08,1,0.333822,-0.01689275,0.6418463,0.01414522,0.7665168,1,0,0,0,94.81184,136.4113,0,1,-0.2388101,-0.01045338,-0.04186396,-6.609038E-11,-5.875116E-09,1.17679E-10,1,1,0,0,0,1,1,1,0,0,0,-1.162227E-10,-7.512566E-09,1.434486E-09,1,0.904406,0,0,0,1
425.1902,1.626826,1.309298,1.652059,6.015915E-08,4.847375E-07,-6.348173E-09,1,0.3020509,-0.0169355,0.6419359,0.01418442,0.76644,1,0,0,0,99.117,139.9083,0,1,-0.2356454,-0.0046023,-0.05401639,-6.181577E-10,9.305266E-09,4.292723E-09,1,1,0,0,0,1,1,1,0,0,0,-3.698513E-10,6.7028E-09,3.30074E-09,1,0.9048265,0,0,0,1
425.2414,1.489427,1.30954,1.623854,5.920477E-08,5.012218E-07,-2.389064E-09,1,0.2810995,-0.01707155,0.6421226,0.01430554,0.7662783,1,0,0,0,98.69029,136.0962,0,1,-0.09554479,0.002272802,-0.01747561,-2.931449E-10,8.730336E-09,2.265699E-09,1,1,0,0,0,1,1,1,0,0,0,-6.612348E-10,7.753873E-09,1.693411E-09,1,0.9306359,0,0,0,1
425.2906,1.458401,1.309932,1.618474,5.861484E-08,5.014898E-07,-8.615742E-09,1,0.266422,-0.01723317,0.6422893,0.01444748,0.7661324,1,0,0,0,111.8087,151.7706,0,1,0,0,0,-3.091949E-10,1.496974E-10,-3.366741E-09,1,1,0,0,0,1,1,1,0,0,0,-2.807459E-10,1.180391E-10,-2.859934E-09,1,0.9477856,0,0,0,1
425.3407,1.453186,1.309998,1.61757,5.612947E-08,4.48023E-07,-7.959772E-09,1,0.2581783,-0.01736232,0.6424311,0.01456132,0.7660084,1,0,0,0,118.4675,160.1371,0,1,0,0,0,-1.242698E-09,-2.673344E-08,3.279842E-10,1,1,0,0,0,1,1,1,0,0,0,-1.242698E-09,-2.673344E-08,3.279842E-10,1,0.9690575,0,0,0,1
425.3905,1.45231,1.310009,1.617418,5.522326E-08,4.480252E-07,-1.25315E-08,1,0.257132,-0.01746139,0.6425455,0.01464893,0.7659085,1,0,0,0,121.3429,163.8664,0,1,0,0,0,-6.112996E-10,1.87307E-10,-1.609312E-09,1,1,0,0,0,1,1,1,0,0,0,-2.949129E-10,-1.849904E-10,-2.962413E-09,1,0.9959475,0,0,0,1
425.4406,1.452162,1.310011,1.617392,5.457049E-08,4.586654E-07,-1.83307E-08,1,0.257132,-0.0175414,0.642631,0.01471945,0.7658336,1,0,0,0,123.9002,167.2742,0,1,0,0,0,-6.055353E-10,8.439142E-09,-5.060269E-09,1,1,0,0,0,1,1,1,0,0,0,-4.723008E-11,2.20099E-09,-7.3893E-10,1,1,0,0,0,1
425.4908,1.452138,1.310011,1.617388,5.444152E-08,4.496893E-07,-1.257258E-08,1,0.257132,-0.01761045,0.6426893,0.01477972,0.7657819,1,0,0,0,119.0712,160.7442,0,1,0,0,0,-1.289544E-10,-8.976054E-09,5.758109E-09,1,1,0,0,0,1,1,1,0,0,0,0,0,0,1,1,0,0,0,1
425.5403,1.452133,1.310011,1.617387,6.132669E-08,4.570546E-07,4.366127E-09,1,0.257132,-0.01767085,0.6427265,0.01483193,0.7657483,1,0,0,0,131.2276,177.1529,0,1,0,0,0,1.491527E-09,-5.453446E-09,6.237727E-09,1,1,0,0,0,1,1,1,0,0,0,5.393666E-09,1.281846E-08,1.070099E-08,1,1,0,0,0,1
425.5908,1.452133,1.310011,1.617387,6.218652E-08,4.987287E-07,-2.216578E-09,1,0.257132,-0.01772339,0.6427488,0.01487694,0.7657275,1,0,0,0,133.659,180.4348,0,1,0,0,0,8.369484E-10,2.332916E-08,-6.117593E-09,1,1,0,0,0,1,1,1,0,0,0,2.288558E-11,1.834476E-08,-4.651103E-10,1,1,0,0,0,1
425.6405,1.452133,1.310011,1.617387,6.164056E-08,4.96063E-07,-1.334991E-09,1,0.257132,-0.01776816,0.6427615,0.01491506,0.765715,1,0,0,0,128.7989,173.8738,0,1,0,0,0,-5.459561E-10,-2.665801E-09,8.815865E-10,1,1,0,0,0,1,1,1,0,0,0,0,0,0,1,1,0,0,0,1
425.6911,1.452133,1.310011,1.617387,5.344641E-08,5.925897E-07,3.203633E-08,1,0.257132,-0.01780506,0.6427688,0.01494636,0.7657074,1,0,0,0,119.0782,160.7513,0,1,0,0,0,-1.104545E-09,2.632616E-08,5.566276E-09,1,1,0,0,0,1,1,1,0,0,0,-7.08966E-09,7.020103E-08,2.780505E-08,1,1,0,0,0,1
425.7404,1.452133,1.310011,1.617387,5.42831E-08,5.780656E-07,3.223767E-08,1,0.257132,-0.01783486,0.6427732,0.01497156,0.7657026,1,0,0,0,128.7989,173.8739,0,1,0,0,0,5.510133E-10,-8.538597E-09,5.715564E-10,1,1,0,0,0,1,1,1,0,0,0,2.856687E-10,-5.985515E-09,-3.702257E-10,1,1,0,0,0,1
425.7906,1.452133,1.310011,1.617387,5.54749E-08,5.778274E-07,3.103712E-08,1,0.257132,-0.01785861,0.6427757,0.01499163,0.7656994,1,0,0,0,131.2291,177.1545,0,1,0,0,0,1.191783E-09,-2.381495E-10,-1.200548E-09,1,1,0,0,0,1,1,1,0,0,0,0,0,0,1,1,0,0,0,1
425.8401,1.452133,1.310011,1.617387,5.707541E-08,5.267356E-07,3.86459E-08,1,0.257132,-0.01787781,0.6427769,0.0150078,0.7656977,1,0,0,0,131.2291,177.1545,0,1,0,0,0,1.389536E-10,1.740247E-08,2.894952E-09,1,1,0,0,0,1,1,1,0,0,0,1.46153E-09,-6.849406E-08,4.713825E-09,1,1,0,0,0,1
425.8904,1.512065,1.33032,1.608271,5.814577E-08,5.233722E-07,4.652228E-08,1,0.2615142,-0.01799504,0.6428752,0.01511025,0.7656105,1,0,0,0,123.8526,167.2252,0,1,0.1487568,0.04925909,-0.02576218,-2.920278E-11,-9.919437E-09,4.34557E-09,1,1,0,0,0,1,1,1,0,0,0,1.099548E-09,6.555995E-09,3.530802E-09,1,1.017043,0,0,0,1
425.9403,1.782089,1.408969,1.546975,5.845255E-08,5.116502E-07,4.727499E-08,1,0.2615142,-0.01895546,0.6442647,0.01597635,0.7644007,1,0,0,0,112.7997,153.571,0,1,0.278564,0.07732016,-0.0674227,3.067649E-10,-1.17222E-08,7.527065E-10,1,1,0,0,0,1,1,1,0,0,0,0,0,0,1,1,0,0,0,1
425.9907,2.109755,1.488752,1.461127,5.955187E-08,5.062182E-07,5.31246E-08,1,0.2615142,-0.02077394,0.6475312,0.01766365,0.761551,1,0,0,0,103.5838,144.981,0,1,0.3696923,0.08335423,-0.09811006,1.099312E-09,-5.431978E-09,5.849615E-09,1,1,0,0,0,1,1,1,0,0,0,0,0,0,1,1,0,0,0,1
426.041,2.257001,1.521059,1.427465,5.391586E-08,6.028177E-07,5.412261E-08,1,0.2656704,-0.02270826,0.6514259,0.01951238,0.7581213,1,0,0,0,89.27143,129.3973,0,1,0.04116697,0.008364778,-0.005942275,-1.61293E-10,1.762033E-08,-3.342014E-09,1,1,0,0,0,1,1,1,0,0,0,-5.474698E-09,7.89792E-08,4.339995E-09,1,1.015893,0,0,0,1
426.0908,2.284714,1.527091,1.421379,5.60657E-08,5.565801E-07,5.553488E-08,1,0.2656704,-0.02427308,0.654706,0.02104306,0.7552007,1,0,0,0,70.73888,104.7251,0,1,0,0,0,6.846514E-10,-1.477653E-08,1.412267E-09,1,1,0,0,0,1,1,1,0,0,0,1.465194E-09,-3.146102E-08,0,1,1,0,0,0,1
426.1406,2.289371,1.528105,1.420357,5.85366E-08,5.391249E-07,4.481837E-08,1,0.2656704,-0.02545646,0.6572596,0.02222255,0.7529063,1,0,0,0,82.36964,122.8486,0,1,0,0,0,1.098595E-09,-1.39797E-08,-5.27692E-09,1,1,0,0,0,1,1,1,0,0,0,1.372295E-09,-3.475698E-09,-5.439594E-09,1,1,0,0,0,1
426.1905,2.290154,1.528275,1.420185,5.994217E-08,5.573403E-07,4.310894E-08,1,0.2656704,-0.02635407,0.6592284,0.02312978,0.7511248,1,0,0,0,86.89691,129.8189,0,1,0,0,0,6.485293E-10,1.129314E-08,1.706375E-10,1,1,0,0,0,1,1,1,0,0,0,7.570194E-10,6.922228E-09,-1.880082E-09,1,1,0,0,0,1
426.2411,2.290286,1.528304,1.420156,6.038525E-08,5.506794E-07,4.426518E-08,1,0.2656704,-0.02704648,0.6607435,0.0238358,0.7497455,1,0,0,0,85.10824,127.1966,0,1,0,0,0,3.516907E-10,-5.419941E-09,1.404384E-09,1,1,0,0,0,1,1,1,0,0,0,9.135651E-11,-1.241262E-09,-2.481706E-10,1,1,0,0,0,1
426.2901,2.290307,1.528309,1.420151,6.225581E-08,5.602219E-07,4.162136E-08,1,0.2656704,-0.02758999,0.6619059,0.02439218,0.7486817,1,0,0,0,86.75156,129.6635,0,1,0,0,0,9.701049E-10,4.785484E-09,-7.885451E-10,0.9999999,1,0,0,0,1,1,1,0,0,0,9.00448E-10,4.756869E-09,-1.855283E-09,0.9999999,1,0,0,0,1
426.3405,2.302372,1.530623,1.432745,6.109856E-08,5.550382E-07,3.708199E-08,1,0.2656704,-0.02803258,0.6627223,0.02483904,0.7479281,1,0,0,0,86.69521,129.6083,0,1,0.02687292,0.004879611,0.02668449,-7.083335E-10,-1.631873E-09,-2.849103E-09,1,1,0,0,0,1,1,1,0,0,0,-4.489369E-10,-3.551845E-09,-1.690275E-09,1,1,0,0,0,1
426.3901,2.363998,1.535752,1.461099,6.1336E-08,5.599053E-07,3.524892E-08,1,0.2656704,-0.02841778,0.6630143,0.02520107,0.7476426,1,0,0,0,82.49738,123.7782,0,1,0.09295499,0.004724574,0.02665293,6.270541E-11,1.183416E-09,3.337975E-10,1,1,0,0,0,1,1,1,0,0,0,1.747067E-10,3.683583E-09,-2.166872E-09,1,1,0,0,0,1
426.4409,2.472681,1.536285,1.471399,6.361753E-08,5.348186E-07,4.058589E-08,1,0.2656704,-0.02864946,0.6631159,0.02541403,0.7475364,1,0,0,0,84.21736,127.959,0,1,0.119969,-0.00249582,3.363166E-05,1.256599E-09,-1.433148E-08,2.867609E-09,0.9999999,1,0,0,0,1,1,1,0,0,0,1.024878E-09,-1.075526E-08,2.469363E-09,0.9999999,1,0,0,0,1
426.4909,2.555239,1.533809,1.473331,6.195942E-08,5.154249E-07,3.760502E-08,1,0.2656704,-0.02867254,0.6633238,0.02544882,0.7473499,1,0,0,0,77.75639,120.5634,0,1,0.05991609,-0.003135824,0.0003037022,-5.995131E-10,-1.047283E-08,-2.184974E-09,1,1,0,0,0,1,1,1,0,0,0,-1.058599E-09,-8.920778E-09,-7.958995E-10,1,1,0,0,0,1
426.5403,2.584178,1.532539,1.473742,6.309678E-08,5.128798E-07,4.108441E-08,1,0.2656704,-0.02858517,0.6635746,0.02538826,0.7471325,1,0,0,0,73.8487,116.5398,0,1,0,0,0,5.271844E-10,1.267007E-10,-8.286969E-10,0.9999999,1,0,0,0,1,1,1,0,0,0,6.101749E-10,-2.671915E-09,4.308083E-09,0.9999999,1,0,0,0,1
426.5905,2.589042,1.532325,1.473811,6.518665E-08,5.140945E-07,2.05939E-08,1,0.2656704,-0.02849241,0.6637886,0.02532028,0.7469483,1,0,0,0,73.4665,116.9192,0,1,0,0,0,1.044932E-09,6.071343E-10,-1.024526E-08,1,1,0,0,0,1,1,1,0,0,0,1.044932E-09,6.071343E-10,-1.024526E-08,1,1,0,0,0,1
426.6404,2.589859,1.53229,1.473822,6.635235E-08,5.055453E-07,-1.714645E-09,1,0.2656704,-0.02841736,0.6639559,0.02526482,0.7468044,1,0,0,0,72.9635,116.3989,0,1,0,0,0,5.658687E-10,-5.528153E-09,-1.258705E-08,1,1,0,0,0,1,1,1,0,0,0,5.998098E-10,-3.02128E-09,-9.721508E-09,1,1,0,0,0,1
426.6905,2.589997,1.532284,1.473824,6.731343E-08,5.058322E-07,1.67328E-10,1,0.2656704,-0.02836155,0.6640827,0.02522371,0.7466951,1,0,0,0,74.21713,118.4677,0,1,0,0,0,3.06683E-10,9.853225E-10,5.675299E-10,1,1,0,0,0,1,1,1,0,0,0,6.543627E-10,-6.986587E-10,1.314444E-09,1,1,0,0,0,1
426.7404,2.581768,1.514794,1.479634,6.762855E-08,4.940626E-07,1.514142E-08,1,0.2656704,-0.02824717,0.6641399,0.02512559,0.7466519,1,0,0,0,70.07069,111.8656,0,1,0,0,0,1.361496E-10,-7.500385E-09,8.311523E-09,1,1,0,0,0,1,1,1,-0.02332334,-0.05132342,0.01337768,1.789336E-10,-4.269367E-09,6.662569E-09,1,1,0,0,0,1
426.7906,2.478743,1.273544,1.511235,6.606339E-08,4.988728E-07,5.836561E-09,1,0.2656704,-0.02582013,0.663763,0.02293858,0.7471451,1,0,0,0,69.03361,110.298,0,1,0,0,0,-9.67132E-10,1.256052E-10,-3.291194E-09,0.9999999,1,0,0,0,1,1,1,-0.158216,-0.3731149,0.04225378,-5.980732E-10,4.684269E-09,-6.013671E-09,0.9999999,1,0,0,0,1
426.8406,2.348192,0.9632683,1.536784,6.709476E-08,4.839089E-07,1.252963E-09,1,0.2656704,-0.018854,0.6628047,0.01669834,0.7483687,1,0,0,0,73.244,116.0921,0,1,0,0,0,4.688071E-10,-8.267197E-09,-2.361374E-09,1,1,0,0,0,1,1,1,-0.1141212,-0.2726982,0.01434274,5.625586E-10,-6.696814E-09,-2.222228E-09,1,1,0,0,0,1
426.891,2.253254,0.738236,1.538328,6.733351E-08,4.612914E-07,2.314952E-10,1,0.2656704,-0.009078929,0.6616759,0.008013033,0.7496922,1,0,0,0,81.36399,124.8975,0,1,0,0,0,1.02457E-10,-7.610098E-09,-1.513294E-09,1,1,0,0,0,1,1,1,-0.07932121,-0.1857514,-0.006580428,1.362691E-10,-1.500756E-08,4.918251E-10,1,1,0,0,0,1
426.9409,2.195559,0.606835,1.534054,6.814993E-08,4.159045E-07,-2.948799E-09,1,0.2656704,0.001494762,0.6606083,-0.001315326,0.7507281,1,0,0,0,86.80597,128.7915,0,1,0,0,0,4.224131E-10,-2.171604E-08,-1.609691E-09,1,1,0,0,0,1,1,1,-0.03998324,-0.08762434,-0.004360744,3.939821E-10,-2.367099E-08,-1.570607E-09,1,1,0,0,0,1
426.9904,2.178505,0.5693443,1.533059,6.819206E-08,4.666208E-07,-3.747105E-09,1,0.2656704,0.01103678,0.6596341,-0.00968833,0.7514435,1,0,0,0,91.62999,133.0499,0,1,0,0,0,4.528877E-11,2.383729E-08,-3.817221E-10,1,1,0,0,0,1,1,1,0,0,0,-5.312508E-11,2.447284E-08,-2.404518E-10,1,1,0,0,0,1
427.0407,2.175639,0.5630432,1.532891,6.714694E-08,4.509745E-07,-3.98689E-09,1,0.2656704,0.01874662,0.6587911,-0.01642491,0.751913,1,0,0,0,80.77345,116.3036,0,1,0,0,0,-3.961042E-10,-4.811659E-09,-9.574852E-11,1,1,0,0,0,1,1,1,0,0,0,-5.990734E-10,-8.428627E-09,-3.20157E-10,1,1,0,0,0,1
427.0906,2.175157,0.5619842,1.532863,6.629477E-08,4.677545E-07,-3.515447E-09,1,0.2656704,0.02477819,0.6580881,-0.02167745,0.7522209,1,0,0,0,83.10686,119.3852,0,1,0,0,0,-4.260892E-10,8.390017E-09,2.357252E-10,1,1,0,0,0,1,1,1,0,0,0,-4.260892E-10,8.390017E-09,2.357252E-10,1,1,0,0,0,1
427.1409,2.175076,0.5618062,1.532859,6.338222E-08,4.388316E-07,4.083464E-09,1,0.2656704,0.02945223,0.6575131,-0.02573701,0.7524273,1,0,0,0,77.67077,111.5182,0,1,0,0,0,-1.729505E-09,-1.96507E-08,1.628442E-09,1,1,0,0,0,1,1,1,0,0,0,-1.403445E-09,-1.364705E-08,2.769214E-09,1,1,0,0,0,1
427.1902,2.175891,0.5632664,1.533973,6.483274E-08,4.386035E-07,-2.67247E-08,1,0.2656704,0.0330585,0.6570458,-0.02886227,0.7525722,1,0,0,0,92.49405,132.7852,0,1,0.001377445,0.002345701,0.003255814,9.905755E-10,3.345002E-09,-1.233523E-08,1,1,0,0,0,1,1,1,0.001383384,0.002621495,0.0004626165,6.80289E-10,8.016561E-10,-1.527167E-08,1,1,0,0,0,1
427.2408,2.208901,0.6225006,1.551139,6.160074E-08,4.394348E-07,-1.455305E-08,1,0.2656704,0.0352934,0.6565594,-0.03078059,0.7528191,1,0,0,0,90.28748,129.8132,0,1,0.008477092,0.01378688,0.01964761,-1.791667E-09,1.829011E-09,7.604933E-09,1,1,0,0,0,1,1,1,0.04355553,0.07909121,0.00539702,-1.440398E-09,-9.978618E-10,4.566718E-09,1,1,0,0,0,1
427.2909,2.296613,0.772801,1.562991,6.075457E-08,4.338813E-07,-2.010946E-08,1,0.2656704,0.0349081,0.6561542,-0.03041016,0.7532054,1,0,0,0,83.91762,122.1132,0,1,0.01804894,0.02541209,0.01853475,-4.04103E-10,-2.116213E-09,-3.466128E-09,0.9999999,1,0,0,0,1,1,1,0.09365515,0.1623317,-0.01144177,-4.420765E-10,-3.437287E-09,-2.090289E-09,0.9999999,1,0,0,0,1
427.3408,2.442954,0.9984171,1.577487,5.870947E-08,4.14316E-07,-2.594845E-08,1,0.2656704,0.03101996,0.6560358,-0.02700369,0.7536083,1,0,0,0,79.53822,119.1337,0,1,0.09365836,0.1145616,0.02602239,-1.116881E-09,-1.143726E-08,-2.650465E-09,1,1,0,0,0,1,1,1,0.08030467,0.1421922,-0.01170228,-9.282221E-10,-8.128043E-09,-3.188514E-09,1,1,0,0,0,1
427.3903,2.586877,1.212932,1.579214,5.928351E-08,4.660841E-07,-2.08505E-08,1,0.2656704,0.02408468,0.6562963,-0.02096858,0.7538272,1,0,0,0,69.61594,109.0318,0,1,0.05705263,0.05767555,0.003472951,2.870252E-10,2.588411E-08,2.54898E-09,1,1,0,0,0,1,1,1,0.07263528,0.1351541,-0.006762466,2.870252E-10,2.588411E-08,2.54898E-09,1,1,0,0,0,1
427.4404,2.682105,1.355614,1.583258,5.92774E-08,4.784747E-07,-2.161597E-08,1,0.2656704,0.01584566,0.6567497,-0.01380527,0.7538158,1,0,0,0,62.32024,102.041,0,1,0.02779772,0.02254402,0.003658607,-3.131238E-11,5.158593E-09,1.072688E-09,1,1,0,0,0,1,1,1,0.04663576,0.09520669,0.003044629,2.52011E-11,7.231777E-09,-1.838149E-09,1,1,0,0,0,1
427.4903,2.739416,1.451197,1.594448,5.741029E-08,4.467125E-07,-1.63246E-08,1,0.2656704,0.007684089,0.657083,-0.006698624,0.7537493,1,0,0,0,58.14386,97.66271,0,1,0.0100032,0.006061309,0.003997136,-9.650423E-10,-1.771926E-08,2.442117E-09,1,1,0,0,0,1,1,1,0.02876188,0.06543503,0.009125737,-9.020862E-10,-1.404308E-08,2.849253E-09,1,1,0,0,0,1
427.5401,2.76375,1.501379,1.602594,5.709053E-08,4.418949E-07,-1.159212E-08,1,0.2656704,0.0003917003,0.657217,-0.0003415572,0.7537013,1,0,0,0,53.73292,91.22729,0,1,0,0,0,-1.662122E-10,-2.781811E-09,2.410516E-09,1,1,0,0,0,1,1,1,0.01323928,0.03292176,0.006066464,-1.535432E-10,-2.035931E-09,2.321967E-09,1,1,0,0,0,1
427.5901,2.773042,1.523411,1.606451,5.720984E-08,4.235764E-07,-1.161617E-08,1,0.2656704,-0.005687388,0.6572272,0.004959707,0.7536547,1,0,0,0,56.57323,96.28853,0,1,0,0,0,1.013994E-10,-6.356284E-09,-1.206526E-10,1,1,0,0,0,1,1,1,0.004144148,0.01107959,0.002017093,1.790825E-11,-1.196225E-08,9.660313E-11,1,1,0,0,0,1
427.6406,2.772995,1.532256,1.621469,5.614358E-08,4.585453E-07,-6.944142E-09,1,0.2656704,-0.01059309,0.6570607,0.009234764,0.7537066,1,0,0,0,58.70259,99.9187,0,1,0,0,0,-4.564077E-10,8.536728E-09,1.584618E-09,1,1,0,0,0,1,1,1,-0.003845325,0.004008358,0.0211136,-6.098653E-10,2.643218E-08,3.087412E-09,1,1,0,0,0,1
427.6909,2.761811,1.516774,1.640993,5.6435E-08,4.796595E-07,-8.296069E-09,1,0.2656704,-0.0143124,0.6565955,0.0124634,0.7540041,1,0,0,0,58.69629,99.89865,0,1,0,0,0,1.457082E-10,1.055714E-08,-6.759603E-10,1,1,0,0,0,1,1,1,-0.01633645,-0.02712324,0.02134109,1.457082E-10,1.055714E-08,-6.759603E-10,1,1,0,0,0,1
427.7406,2.739787,1.477577,1.666328,5.696846E-08,4.992431E-07,-1.710655E-08,1,0.2656704,-0.01670399,0.6557943,0.01451651,0.7546152,1,0,0,0,57.67475,98.21131,0,1,0,0,0,3.452672E-10,1.224847E-08,-5.115594E-09,1,1,0,0,0,1,1,1,-0.0255443,-0.04737218,0.02652118,1.88197E-10,7.334971E-09,-3.694878E-09,1,1,0,0,0,1
427.7907,2.716318,1.430292,1.685145,5.734748E-08,4.681432E-07,-1.575342E-08,1,0.2656704,-0.01784257,0.6547517,0.01546372,0.7554752,1,0,0,0,59.18315,100.8335,0,1,0,0,0,2.608546E-10,-1.529088E-08,2.88023E-10,1,1,0,0,0,1,1,1,-0.02312158,-0.04929378,0.01458765,1.18157E-10,-1.580906E-08,1.065107E-09,1,1,0,0,0,1
427.8407,2.696427,1.387732,1.697268,5.878033E-08,4.893308E-07,-1.473131E-08,1,0.2656704,-0.01797259,0.6536639,0.01553126,0.7564121,1,0,0,0,58.44952,99.54764,0,1,0,0,0,7.412361E-10,9.815174E-09,7.375378E-10,1,1,0,0,0,1,1,1,-0.01766406,-0.03761638,0.01086111,6.915963E-10,1.137222E-08,2.845901E-10,1,1,0,0,0,1
427.8907,2.675147,1.34107,1.706867,5.950803E-08,4.703115E-07,-2.215415E-08,1,0.2656704,-0.0173654,0.6525967,0.01496332,0.7573587,1,0,0,0,54.13054,92.06699,0,1,0,0,0,2.865783E-10,-1.025874E-08,-2.511069E-09,1,1,0,0,0,1,1,1,-0.02303505,-0.05136897,0.008402201,4.411061E-10,-8.760512E-09,-4.911763E-09,1,1,0,0,0,1
427.9409,2.654988,1.294688,1.711342,5.910761E-08,4.250211E-07,-1.09814E-08,1,0.2656704,-0.01607739,0.6516035,0.01381588,0.7582635,1,0,0,0,62.01464,105.1973,0,1,0,0,0,-2.196966E-10,-2.336107E-08,5.349253E-09,1,1,0,0,0,1,1,1,-0.01775677,-0.04229816,0.001289256,-1.807444E-10,-2.192935E-08,5.823489E-09,1,1,0,0,0,1
427.991,2.657024,1.270898,1.710579,5.931859E-08,4.337992E-07,-8.207519E-09,1,0.2656704,-0.01453658,0.6508098,0.0124645,0.7589993,1,0,0,0,60.11869,101.7234,0,1,0.02094137,0.0002863263,0.001501378,9.811382E-11,2.841895E-09,1.612642E-09,1,1,0,0,0,1,1,1,-0.006241792,-0.01662648,-0.002932424,1.128421E-10,5.936095E-09,1.161241E-09,1,1,0,0,0,1
428.0406,2.75464,1.253642,1.692588,5.838418E-08,4.114143E-07,-1.234737E-08,1,0.2656704,-0.01297486,0.650474,0.01111472,0.7593364,1,0,0,0,57.12934,97.08118,0,1,0.1520628,-0.007610893,-0.0288609,-4.825799E-10,-9.349296E-09,-2.602126E-09,1,1,0,0,0,1,1,1,-0.00317262,-0.008292877,-0.001470457,-4.518609E-10,-1.303576E-08,-1.537731E-09,1,1,0,0,0,1
428.091,2.895169,1.238138,1.652823,5.938313E-08,4.088852E-07,-1.868488E-08,1,0.2656704,-0.01141661,0.6511714,0.009797513,0.7587816,1,0,0,0,53.97295,94.7524,0,1,0.1434016,-0.01151817,-0.03857087,5.147336E-10,-3.173382E-09,-2.503773E-09,1,1,0,0,0,1,1,1,-0.0004723779,-0.005164925,-0.006715684,4.841976E-10,6.440066E-10,-3.833727E-09,1,1,0,0,0,1
428.1404,2.960087,1.218167,1.62289,5.911756E-08,3.532122E-07,-1.83693E-08,1,0.2656704,-0.00986331,0.6525317,0.008494853,0.7576497,1,0,0,0,47.49485,87.33312,0,1,0.02402776,-0.002358433,-0.001479091,-1.618495E-10,-2.634349E-08,-1.447522E-10,1,1,0,0,0,1,1,1,-0.002723177,-0.01824039,-0.02060691,-1.037214E-10,-2.932958E-08,4.603302E-10,1,1,0,0,0,1
428.1903,2.964184,1.175564,1.588019,5.959067E-08,3.778518E-07,-1.712684E-08,1,0.2656704,-0.008134121,0.6541646,0.007035865,0.7562758,1,0,0,0,42.67152,80.70506,0,1,0,0,0,2.365586E-10,1.231982E-08,6.212304E-10,1,1,0,0,0,1,1,1,-0.01562162,-0.05595447,-0.03862472,2.365586E-10,1.231982E-08,6.212304E-10,1,1,0,0,0,1
428.2412,2.929561,1.077432,1.554665,5.882129E-08,3.66796E-07,-1.561996E-08,1,0.2656704,-0.005529784,0.6559509,0.004805804,0.754768,1,0,0,0,45.39826,85.76999,0,1,0,0,0,-4.337967E-10,-2.801222E-09,4.769124E-10,1,1,0,0,0,1,1,1,-0.04767741,-0.1195182,-0.03176948,-3.355811E-10,-8.254741E-09,1.02997E-09,1,1,0,0,0,1
428.2909,2.912857,1.034611,1.543203,5.867759E-08,3.523986E-07,-1.632672E-08,1,0.2656704,-0.002309617,0.6576095,0.002016089,0.7533527,1,0,0,0,49.20886,90.92458,0,1,0,0,0,-9.200469E-11,-7.384522E-09,-4.160586E-10,0.9999999,1,0,0,0,1,1,1,-0.00352888,-0.008167868,-0.001353865,-5.17034E-11,-7.012865E-09,-2.906897E-10,0.9999999,1,0,0,0,1
428.3406,2.912913,1.027223,1.544516,5.864234E-08,3.653717E-07,-1.670191E-08,1,0.2656704,0.0004496423,0.6589251,-0.0003938811,0.7522083,1,0,0,0,49.53601,90.19556,0,1,0.005613354,-0.0003755275,0.006352105,-1.763225E-11,7.596062E-09,-1.878421E-10,0.9999999,1,0,0,0,1,1,1,0,0,0,-1.762423E-11,5.376938E-09,-1.873527E-10,0.9999999,1,0,0,0,1
428.3901,2.944875,1.022426,1.561317,5.866072E-08,3.546448E-07,-1.703341E-08,1,0.2656704,0.002652403,0.6597915,-0.002328903,0.7514405,1,0,0,0,47.65311,86.59795,0,1,0.06979409,-0.008301804,0.02864316,1.383443E-11,-8.093925E-09,-3.981432E-10,1,1,0,0,0,1,1,1,0,0,0,4.52963E-12,-2.633023E-09,6.663853E-11,1,1,0,0,0,1
428.4401,3.091231,1.004639,1.617264,5.882215E-08,3.596889E-07,-1.393497E-08,1,0.2656704,0.0045351,0.6600673,-0.003985013,0.7511823,1,0,0,0,47.72723,88.3096,0,1,0.2471804,-0.02911228,0.100658,9.156211E-11,4.445835E-09,1.887258E-09,1,1,0,0,0,1,1,1,0,0,0,6.987547E-11,5.98158E-10,1.211184E-09,1,1,0,0,0,1
428.4901,3.273206,0.9830534,1.692085,5.90005E-08,3.206334E-07,-1.360612E-08,1,0.2656704,0.006315853,0.6593882,-0.005539829,0.7517557,1,0,0,0,41.97324,83.27423,0,1,0.1077249,-0.0133365,0.04031891,8.171531E-11,-1.950477E-08,-2.951108E-10,1,1,0,0,0,1,1,1,0,0,0,1.174847E-10,-1.777233E-08,1.078079E-10,1,1,0,0,0,1
428.5402,3.346703,0.9732196,1.711577,5.926966E-08,3.497476E-07,-1.551152E-08,1,0.2656704,0.007879023,0.658481,-0.006894373,0.7525246,1,0,0,0,33.6856,73.87024,0,1,0.02381782,-0.003942864,-0.001471506,9.241519E-11,1.89764E-08,-9.716637E-10,1,1,0,0,0,1,1,1,0,0,0,1.7675E-10,1.013785E-08,-9.337303E-10,1,1,0,0,0,1
428.591,3.360771,0.9712829,1.714747,5.935095E-08,3.768818E-07,-1.334211E-08,1,0.2656704,0.009139339,0.6577526,-0.007981854,0.7531363,1,0,0,0,29.46295,68.52741,0,1,0,0,0,-1.131396E-10,1.661782E-08,8.828135E-10,1,1,0,0,0,1,1,1,0,0,0,1.944215E-10,1.051638E-08,1.286601E-09,1,1,0,0,0,1
428.6404,3.363136,0.9709574,1.71528,6.004534E-08,3.774566E-07,-1.405857E-08,1,0.2656704,0.01012272,0.6571935,-0.008827714,0.7536023,1,0,0,0,30.13905,71.50575,0,1,0,0,0,2.516814E-10,-4.040662E-09,4.073054E-10,1,1,0,0,0,1,1,1,0,0,0,4.426996E-10,4.615353E-09,-1.123756E-09,1,1,0,0,0,1
428.6908,3.363533,0.9709027,1.71537,5.988011E-08,3.741034E-07,-1.387791E-08,1,0.2656704,0.01088355,0.6567618,-0.009480475,0.75396,1,0,0,0,30.45736,72.59877,0,1,0,0,0,0,0,0,1,1,0,0,0,1,1,1,0,0,0,-1.652493E-10,-3.353187E-09,1.806552E-10,1,1,0,0,0,1
428.7406,3.3636,0.9708935,1.715385,5.969689E-08,3.642869E-07,-1.075386E-08,1,0.2656704,0.01146775,0.6564222,-0.009980484,0.7542406,1,0,0,0,29.812,71.13483,0,1,0,0,0,0,0,0,1,1,0,0,0,1,1,1,0,0,0,-1.832275E-10,-9.816404E-09,3.124047E-09,1,1,0,0,0,1
428.7902,3.45096,0.9574528,1.703206,5.586809E-08,2.737755E-07,-1.229342E-08,1,0.2656704,0.01198084,0.6563017,-0.01042386,0.7543315,1,0,0,0,29.02397,69.49691,0,1,0.1588844,-0.02443467,-0.02295141,-2.820914E-09,-8.371138E-08,-1.047398E-09,1,1,0,0,0,1,1,1,0,0,0,-1.007865E-09,-6.800234E-09,-4.92157E-10,1,1,0,0,0,1
428.8401,3.510474,0.9483051,1.694246,5.593572E-08,2.963222E-07,-1.147423E-08,1,0.2656704,0.01256488,0.6566635,-0.01094284,0.7539997,1,0,0,0,25.7741,64.78114,0,1,0,0,0,0,0,0,1,1,0,0,0,1,1,1,0,0,0,6.762818E-11,2.254661E-08,8.191945E-10,1,1,0,0,0,1
428.8901,3.521698,0.9476131,1.693106,5.519938E-08,3.004766E-07,-8.876036E-09,1,0.2656704,0.01305176,0.657047,-0.01137877,0.7536508,1,0,0,0,21.85953,57.07569,0,1,0,0,0,0,0,0,1,1,0,0,0,1,1,1,0.002395542,0.001657893,0.000716077,-7.363351E-10,4.154514E-09,2.59819E-09,0.9999998,1,0,0,0,1
428.9409,4.000062,0.9604766,1.623747,5.448435E-08,3.148193E-07,4.919922E-09,1,0.2656704,0.01327312,0.6584738,-0.01161621,0.7523969,0,0,0,0,21.13868,57.62664,0,1,0.5230526,-0.082006,-0.1059168,-4.191297E-10,1.427885E-08,1.397862E-08,1,1,0,0,0,1,1,1,0.1899081,0.1190466,0.003822091,-2.958834E-10,6.375345E-11,-1.826643E-10,1,1,0,0,0,1
428.9903,4.372212,1.085403,1.579856,5.421471E-08,3.139533E-07,8.538104E-09,1,0.2656704,0.01179051,0.6616004,-0.01040509,0.7496917,0,0,0,0,16.75575,38.16105,0,1,0,0,0,-2.321681E-10,-8.672063E-12,1.777882E-09,1,1,0,0,0,1,1,1,0.2742096,0.1640081,-0.02737528,-3.748077E-11,-8.573335E-10,1.8403E-09,1,1,0,0,0,1
429.0405,4.676854,1.248203,1.499077,5.448812E-08,3.072648E-07,7.491637E-09,1,0.2656704,0.008175726,0.6656799,-0.007293929,0.7461569,0,0,0,0,28.6379,22.89329,0,1,0,0,0,0,0,0,1,1,0,0,0,1,1,1,0.276486,0.159699,-0.05658978,2.734155E-10,-6.688472E-09,-1.046468E-09,1,1,0,0,0,1
429.0907,4.949263,1.346292,1.432731,5.420702E-08,2.997482E-07,1.211362E-08,1,0.2656704,0.0035289,0.670403,-0.003188467,0.7419819,1,0,0,0,44.01288,16.15859,0,1,0,0,0,-2.21619E-10,-1.102515E-08,4.612263E-09,1,1,0,0,0,1,1,1,0.1168641,0.05724568,-0.05583663,-5.95002E-11,3.508593E-09,9.73048E-12,1,1,0,0,0,1
429.1406,4.981221,1.362778,1.42158,5.414343E-08,3.004463E-07,1.278378E-08,1,0.2656704,-0.0003433593,0.6745374,0.0003137307,0.7382405,0,0,0,0,47.38006,18.5906,0,1,0,0,0,-3.697353E-11,-1.387519E-09,2.722471E-10,1,1,0,0,0,1,1,1,0,0,0,-2.661869E-11,2.085569E-09,3.979087E-10,1,1,0,0,0,1
429.1908,4.986591,1.365548,1.419706,5.41669E-08,3.038734E-07,1.259498E-08,1,0.2656704,-0.00326191,0.6777833,0.003006967,0.7352484,0,0,0,0,67.43069,28.08091,0,1,0,0,0,0,0,0,1,1,0,0,0,1,1,1,0,0,0,2.347263E-11,3.427115E-09,-1.887953E-10,1,1,0,0,0,1
429.2406,5.008683,1.369247,1.42558,5.466328E-08,3.831681E-07,8.083378E-09,1,0.2656704,-0.005512331,0.6802393,0.005115896,0.7329516,0,0,0,0,66.00557,27.93789,0,1,0.04154526,0.006338172,0.01213538,4.813704E-10,7.123315E-08,-4.490449E-09,1,1,0,0,0,1,1,1,0,0,0,1.504455E-11,8.061166E-09,-2.11567E-11,1,1,0,0,0,1
429.2907,5.049187,1.37657,1.430747,5.489319E-08,3.724736E-07,1.059101E-08,1,0.2656704,-0.007393135,0.6819947,0.0068948,0.7312872,0,0,0,0,62.2224,26.58792,0,1,0.029419,0.005863379,0.0003459716,7.376106E-11,-3.725887E-09,1.180603E-09,1,1,0,0,0,1,1,1,0,0,0,1.561492E-10,-6.968607E-09,1.327029E-09,1,1,0,0,0,1
429.3406,5.095798,1.38742,1.428093,5.431129E-08,3.754508E-07,1.780214E-08,1,0.2656704,-0.009000764,0.6832886,0.008424307,0.7300444,0,0,0,0,62.47314,27.07159,0,1,0.07597107,0.01843729,-0.006936224,-5.096352E-10,6.137253E-09,4.092704E-09,1,1,0,0,0,1,1,1,0,0,0,-7.226416E-11,-3.160177E-09,3.118424E-09,0.9999999,1,0,0,0,1
429.3909,5.167179,1.404469,1.432365,5.388699E-08,3.763479E-07,2.47406E-08,1,0.2656704,-0.01054225,0.6843092,0.009895306,0.7290486,0,0,0,0,66.27006,29.63013,0,1,0.06348034,0.01454175,0.01555334,-1.586907E-10,-2.241503E-09,4.666831E-09,1,1,0,0,0,1,1,1,0,0,0,-2.656149E-10,3.13858E-09,2.271626E-09,1,1,0,0,0,1
429.4408,5.192897,1.410142,1.439071,5.374887E-08,3.781823E-07,2.693895E-08,1,0.2656704,-0.01191187,0.6849526,0.01120129,0.7284042,0,0,0,0,67.77832,31.31917,0,1,0,0,0,0,0,0,1,1,0,0,0,1,1,1,0,0,0,-1.381117E-10,1.834421E-09,2.198354E-09,1,1,0,0,0,1
429.4909,5.200469,1.411081,1.445805,5.428146E-08,3.567177E-07,3.991201E-08,1,0.2656704,-0.01302957,0.6853622,0.01226674,0.7279825,0,0,0,0,72.02808,33.74752,0,1,0.01083207,-4.879711E-05,0.01869043,4.637706E-10,-1.26255E-08,1.306485E-08,1,1,0,0,0,1,1,1,0,0,0,6.882145E-11,-8.839246E-09,-9.177525E-11,1,1,0,0,0,1
429.5404,5.207504,1.411213,1.456879,5.403297E-08,3.488211E-07,4.867945E-08,1,0.2656704,-0.01392358,0.6854539,0.01311229,0.7278648,0,0,0,0,69.62354,32.67977,0,1,0,0,0,-1.400613E-10,-4.112134E-09,4.596524E-09,1,1,0,0,0,1,1,1,0,0,0,-1.084605E-10,-3.784503E-09,4.170901E-09,1,1,0,0,0,1
429.5908,5.208686,1.411235,1.45874,5.426982E-08,3.617027E-07,5.241814E-08,1,0.2656704,-0.01463722,0.6854361,0.01378417,0.7278553,0,0,0,0,72.7538,34.09831,0,1,0,0,0,1.040657E-10,5.444888E-09,2.044116E-09,0.9999998,1,0,0,0,1,1,1,0,0,0,1.327982E-10,7.436684E-09,1.694569E-09,0.9999998,1,0,0,0,1
429.6409,5.208885,1.411239,1.459053,5.459207E-08,3.570131E-07,4.745065E-08,1,0.2656704,-0.01520603,0.685392,0.01431852,0.7278747,0,0,0,0,77.1916,36.1568,0,1,0,0,0,2.088921E-10,-1.640591E-09,-2.048915E-09,1,1,0,0,0,1,1,1,0,0,0,1.133414E-10,-3.049272E-09,-2.91859E-09,1,1,0,0,0,1
429.6906,5.20112,1.403728,1.467209,5.458319E-08,3.68627E-07,3.985085E-08,1,0.2656704,-0.01561478,0.6852727,0.01469891,0.7279708,0,0,0,0,74.25748,34.74216,0,1,0,0,0,-6.702606E-11,6.642713E-09,-4.09922E-09,1,1,0,0,0,1,1,1,-0.01427645,-0.01383176,0.01241763,1.767749E-12,6.78638E-09,-3.489453E-09,1,1,0,0,0,1
429.7401,5.13247,1.339349,1.495473,5.439818E-08,3.591047E-07,3.572597E-08,1,0.2656704,-0.01536852,0.6848329,0.0144494,0.7283948,0,0,0,0,70.51553,32.41687,0,1,-0.006067412,-0.003370082,0.008295035,-9.250942E-11,-4.761155E-09,-2.062438E-09,0.9999999,1,0,0,0,1,1,1,-0.09730591,-0.09246164,0.03048092,-9.250942E-11,-4.761155E-09,-2.062438E-09,0.9999999,1,0,0,0,1
429.7904,4.872762,1.172373,1.591563,5.453696E-08,3.519596E-07,2.68647E-08,1,0.2656704,-0.01314916,0.6832197,0.01230668,0.7299908,1,0,0,0,65.50691,27.00968,0,1,-0.2324091,-0.08575467,0.06987602,7.679082E-11,-2.197994E-09,-4.954199E-09,1,1,0,0,0,1,1,1,-0.1304746,-0.1212636,0.0637735,6.199381E-11,-4.947153E-09,-3.907073E-09,1,1,0,0,0,1
429.841,4.863933,1.036763,1.678481,5.437042E-08,3.497268E-07,3.307868E-08,1,0.2656704,-0.009026832,0.6802871,0.008379479,0.7328423,1,0.05605555,0,0,56.14623,17.20727,0,1,-0.148265,-0.04975828,0.03123439,-4.579268E-11,-1.078126E-09,1.766447E-09,1,1,0,0,0,1,1,1,-0.06921141,-0.06302582,0.04150673,-1.207457E-10,-1.154813E-09,4.447523E-09,1,1,0,0,0,1
429.8904,4.879876,0.8912011,1.7568,5.488161E-08,3.607311E-07,2.689915E-08,1,0.2656704,-0.003372746,0.6765553,0.003098748,0.7363776,1,0.05232906,0,0,52.46107,15.18207,0,1,-0.05226906,-0.01473183,0.001226384,2.060146E-10,6.217591E-09,-1.256579E-09,1,1,0,0,0,1,1,1,-0.1448293,-0.1294859,0.06630227,3.051701E-10,4.786645E-09,-4.922958E-09,1,1,0,0,0,1
429.9407,4.905869,0.7924041,1.797055,5.497733E-08,3.518172E-07,2.446173E-08,1,0.2656704,0.003215373,0.6726831,-0.002923198,0.7399181,1,0.02581692,0,0,53.8444,19.21076,0,1,-0.01484349,-0.004656915,0.004484356,4.581764E-11,-5.841243E-09,-1.158016E-09,1,1,0,0,0,1,1,1,-0.07808277,-0.06744336,0.02117316,4.987911E-11,-3.072598E-09,-1.279403E-09,1,1,0,0,0,1
429.99,4.922086,0.7513701,1.815206,5.471223E-08,3.524318E-07,2.766884E-08,1,0.2656704,0.009419359,0.6692289,-0.008484719,0.7429482,1,0.00850153,0,0,55.22847,23.3306,0,1,0,0,0,-1.668368E-10,-1.050745E-09,1.829115E-09,0.9999999,1,0,0,0,1,1,1,-0.0246119,-0.02040333,0.01015513,-9.826401E-11,1.66526E-09,1.377987E-09,0.9999999,1,0,0,0,1
430.0405,4.928062,0.7395701,1.81842,5.517273E-08,3.392623E-07,1.693801E-08,1,0.2656704,0.01458954,0.6664025,-0.01304447,0.7453353,1,0.002036572,0,0,59.27603,26.89222,0,1,0,0,0,3.588152E-10,-8.246649E-09,-5.018308E-09,1,1,0,0,0,1,1,1,-0.00455534,-0.003781898,-0.0009726923,2.302409E-10,-6.584715E-09,-5.365413E-09,1,1,0,0,0,1
430.0902,4.944215,0.7515157,1.819655,5.638116E-08,3.291649E-07,2.858885E-08,1,0.2656704,0.01855172,0.6641824,-0.01649145,0.7471584,1,0,0,0,61.22992,28.37205,0,1,0,0,0,4.5274E-10,-3.307335E-09,6.472292E-09,1,1,0,0,0,1,1,1,0.02807426,0.02332538,0.0002877335,6.270927E-10,-5.128219E-09,4.831446E-09,1,1,0,0,0,1
430.1404,5.032938,0.817575,1.817801,5.676611E-08,3.384824E-07,2.932601E-08,1,0.2656704,0.02077007,0.6626185,-0.01838834,0.7484432,0,0,0,0,58.39651,26.66029,0,1,0.02053768,0.003417292,0.002742379,2.274093E-10,4.555961E-09,3.153973E-10,1,1,0,0,0,1,1,1,0.09884785,0.08255267,-0.004343126,1.575386E-10,4.761382E-09,4.217406E-10,1,1,0,0,0,1
430.1901,5.266542,0.9247651,1.806379,5.824763E-08,3.789225E-07,3.424167E-08,1,0.2656704,0.02075288,0.6618696,-0.0183361,0.7491073,0,0,0,0,60.18273,26.47565,0,1,0.2392663,0.04345584,-0.03162656,8.15271E-10,2.234968E-08,2.827542E-09,1,1,0,0,0,1,1,1,0.09951708,0.0846718,0.003127466,6.246236E-10,2.009596E-08,3.180276E-09,1,1,0,0,0,1
430.2407,5.564532,1.031745,1.770195,5.908273E-08,3.723349E-07,2.758205E-08,1,0.2656704,0.01866962,0.6624056,-0.0165171,0.7487305,0,0,0,0,65.42366,30.08119,0,1,0.2409026,0.043503,-0.04320407,4.107303E-10,-3.324351E-09,-2.455612E-09,1,1,0,0,0,1,1,1,0.06895058,0.05970138,0.002409981,4.243697E-10,-3.263433E-09,-4.204006E-09,1,1,0,0,0,1
430.2908,5.850359,1.12287,1.737378,5.932132E-08,3.612238E-07,2.818759E-08,1,0.2656704,0.01533113,0.6639916,-0.01361914,0.7474588,0,0,0,0,77.12053,40.1874,0,1,0.2195167,0.03801023,-0.03714743,7.431807E-11,-6.37152E-09,-5.230161E-10,1,1,0,0,0,1,1,1,0.05099741,0.04621073,0.007760738,1.642469E-10,-4.739635E-09,1.128538E-09,1,1,0,0,0,1
430.3404,6.082595,1.198917,1.721229,5.944967E-08,3.480865E-07,2.159983E-08,1,0.2656704,0.01144359,0.6660927,-0.01022178,0.7457111,0,0,0,0,84.39731,48.72347,0,1,0.1417057,0.0236419,-0.01196483,8.867821E-12,-7.813176E-09,-4.262631E-09,1,1,0,0,0,1,1,1,0.04542058,0.0427158,0.009500889,1.194753E-10,-5.32412E-09,-2.325141E-09,1,1,0,0,0,1
430.3903,6.200251,1.252212,1.716542,5.908141E-08,3.639064E-07,2.354639E-08,1,0.2656704,0.007594688,0.6681508,-0.006820829,0.743956,0,0,0,0,85.18896,52.81638,0,1,0.009144465,0.001678051,-0.001887571,-1.551984E-10,9.549829E-09,1.437586E-09,1,1,0,0,0,1,1,1,0.04175728,0.03976803,0.002327266,-2.130638E-10,6.270038E-09,5.089741E-10,1,1,0,0,0,1
430.4402,6.261776,1.300979,1.715428,5.8753E-08,3.53662E-07,2.414605E-08,1,0.2656704,0.004009012,0.6699013,-0.003617365,0.7424306,0,0,0,0,111.4905,71.46388,0,1,0,0,0,-1.801909E-10,-6.67376E-09,2.295753E-10,1,1,0,0,0,1,1,1,0.05075844,0.04906082,-0.001277411,-1.482203E-10,-3.570791E-09,3.700855E-10,1,1,0,0,0,1
430.4903,6.300376,1.338414,1.721972,5.870022E-08,3.585654E-07,2.297111E-08,1,0.2656704,0.0006696447,0.6712665,-0.0006064498,0.7412156,0,0,0,0,119.8655,78.18301,0,1,0,0,0,-6.201606E-12,2.281699E-09,-6.764528E-10,1,1,0,0,0,1,1,1,0.03040913,0.03196122,0.008872324,-4.657134E-11,2.621592E-09,-4.984889E-10,1,1,0,0,0,1
430.5403,6.322451,1.361398,1.727662,5.869349E-08,3.623954E-07,2.354525E-08,1,0.2656704,-0.00232908,0.6722397,0.002114875,0.740327,0,0,0,0,124.5099,82.02313,0,1,0,0,0,-1.049451E-11,2.525019E-09,3.357764E-10,1,1,0,0,0,1,1,1,0.01603085,0.01722494,0.004723548,3.758336E-12,1.304873E-09,2.383551E-10,1,1,0,0,0,1
430.5908,6.360045,1.379464,1.730869,5.895209E-08,3.553837E-07,2.394627E-08,1,0.2656704,-0.004949749,0.6729101,0.004502856,0.7396941,0,0,0,0,125.824,83.37179,0,1,0.0628981,0.008885149,-0.003786397,1.436809E-10,-3.249077E-09,1.579029E-10,0.9999999,1,0,0,0,1,1,1,0.0119105,0.01301826,0.003558578,1.149206E-10,-3.762697E-09,2.431147E-10,0.9999999,1,0,0,0,1
430.6401,6.513975,1.411572,1.710881,5.91608E-08,3.631575E-07,2.274811E-08,1,0.2656704,-0.007391355,0.6736361,0.006737638,0.7389955,0,0,0,0,123.2293,82.50372,0,1,0.2178694,0.03018546,-0.04326767,1.025701E-10,2.777934E-09,-3.424919E-10,1,1,0,0,0,1,1,1,0.009853251,0.01091409,0.002965691,1.061305E-10,4.995796E-09,-8.556738E-10,1,1,0,0,0,1
430.6901,6.705564,1.441117,1.669644,5.956881E-08,3.433595E-07,1.514813E-08,1,0.2656704,-0.009717485,0.6750021,0.008891606,0.7376983,0,0,0,0,132.7227,91.18648,0,1,0.1634992,0.02319537,-0.03969555,2.39026E-10,-9.465462E-09,-3.536421E-09,1,1,0,0,0,1,1,1,0,0,0,1.689704E-10,-1.033266E-08,-4.063553E-09,1,1,0,0,0,1
430.7404,6.802628,1.45294,1.632468,5.98933E-08,3.584738E-07,1.700137E-08,1,0.2656704,-0.01172798,0.6768336,0.01078571,0.7359636,0,0,0,0,144.2404,101.8975,0,1,0.02983828,0.004167229,-0.001240203,1.853029E-10,7.825222E-09,6.797686E-10,0.9999999,1,0,0,0,1,1,1,0.0005831851,-0.004691881,-0.0309546,1.391708E-10,7.289134E-09,1.173464E-09,0.9999999,1,0,0,0,1
430.791,6.821453,1.453622,1.619559,6.04654E-08,3.642608E-07,3.967545E-09,1,0.2656704,-0.0132686,0.6786505,0.01226404,0.7342391,0,0,0,0,149.3994,107.0867,0,1,0,0,0,2.878082E-10,3.873601E-09,-6.745264E-09,1,1,0,0,0,1,1,1,0,0,0,2.843142E-10,1.913212E-09,-6.288558E-09,1,1,0,0,0,1
430.8404,6.824616,1.453736,1.617389,6.02892E-08,3.434677E-07,8.123901E-09,1,0.2656704,-0.01445343,0.6801189,0.0134137,0.7328365,0,0,0,0,157.1329,113.1417,0,1,0,0,0,-1.357434E-10,-9.118669E-09,2.183004E-09,1,1,0,0,0,1,1,1,0,0,0,-4.048645E-11,-1.167458E-08,1.973348E-09,1,1,0,0,0,1
430.8902,6.825148,1.453755,1.617024,6.081649E-08,3.31637E-07,8.161573E-09,1,0.2656704,-0.01538602,0.6812426,0.01432392,0.7317559,0,0,0,0,166.6462,120.1211,0,1,0,0,0,2.413497E-10,-7.099946E-09,1.311529E-09,1,1,0,0,0,1,1,1,0,0,0,2.859131E-10,-4.730932E-09,-1.273859E-09,1,1,0,0,0,1
430.9402,6.825237,1.453758,1.616963,6.081086E-08,3.325258E-07,1.426541E-08,1,0.2656704,-0.01613226,0.6820857,0.01505403,0.7309393,0,0,0,0,163.717,118.0387,0,1,0,0,0,-3.755738E-11,5.512274E-10,3.211321E-09,1,1,0,0,0,1,1,1,0,0,0,3.19253E-11,3.375874E-10,2.892519E-09,1,1,0,0,0,1
430.9906,6.825253,1.453759,1.616953,6.08664E-08,3.303647E-07,1.079362E-08,1,0.2656704,-0.01673301,0.6827131,0.01564209,0.7303275,0,0,0,0,163.7382,118.0601,0,1,0,0,0,4.417513E-11,-2.249023E-09,-2.342068E-09,1,1,0,0,0,1,1,1,0,0,0,1.13449E-11,8.777667E-11,-1.129725E-09,1,1,0,0,0,1
431.0404,6.825255,1.453759,1.616951,6.056762E-08,3.387077E-07,1.576979E-08,1,0.2656704,-0.01721513,0.6831796,0.01611387,0.7298697,0,0,0,0,160.7102,115.878,0,1,0,0,0,-1.49393E-10,4.171437E-09,2.488084E-09,1,1,0,0,0,1,1,1,0,0,0,-1.49393E-10,4.171437E-09,2.488084E-09,1,1,0,0,0,1
431.09,6.825255,1.453759,1.616951,6.093632E-08,3.440371E-07,1.950144E-08,1,0.2656704,-0.01759885,0.6835282,0.01648922,0.7295256,0,0,0,0,136.4528,98.3877,0,1,0,0,0,1.355035E-10,4.103079E-09,2.213757E-09,1,1,0,0,0,1,1,1,0,0,0,2.331733E-10,1.226422E-09,1.517879E-09,1,1,0,0,0,1
431.1403,6.825255,1.453759,1.616951,6.062246E-08,3.330267E-07,1.839233E-08,1,0.2656704,-0.01790094,0.6837912,0.01678472,0.729265,0,0,0,0,166.7757,120.2517,0,1,0,0,0,-1.516914E-10,-4.088449E-09,-4.659465E-10,1,1,0,0,0,1,1,1,0,