2,3,11-Task0
Time,Translation X,Translation Y,Translation Z,Rotation X,Rotation Y,Rotation Z,Rotation W,Scalling,Camera X,Camera Y,Camera Z,Camera W,IsInCollision,CollisionForce X,CollisionForce Y,CollisionForce Z,Checkpoint0,Checkpoint1,Checkpoint2,User,Connected,Translation X,Translation Y,Translation Z,Rotation X,Rotation Y,Rotation Z,Rotation W,Scalling,Camera X,Camera Y,Camera Z,Camera W,User,Connected,Translation X,Translation Y,Translation Z,Rotation X,Rotation Y,Rotation Z,Rotation W,Scalling,Camera X,Camera Y,Camera Z,Camera W
452.371,0,0,0,0,0,0,1,1,0.07105283,0.7416701,-0.07957658,0.662227,0,0,0,0,448.9717,425.7312,188.255,0,1,0,0,0,5.963447E-08,-4.93881E-07,3.324507E-06,1,1,0,0,0,1,1,0,0,0,0,0,0,0,1,1,0,0,0,1
452.4207,0,0,0,3.769658E-09,2.798441E-08,-6.371501E-08,1,1,0.07105283,0.7416701,-0.07957659,0.662227,0,0,0,0,269.6527,309.5897,759.073,0,1,0,0,0,2.024921E-09,1.269606E-08,-3.167896E-08,1,1,0,0,0,1,1,0,0,0,0,0,0,0,1,1,0,0,0,1
452.4707,0,0,0,1.079294E-08,5.463441E-08,-1.148709E-07,1,1,0.07105282,0.7416701,-0.07957657,0.662227,0,0,0,0,266.3739,305.5105,746.3356,0,1,0,0,0,2.775475E-09,1.220936E-08,-2.434966E-08,1,1,0,0,0,1,1,0,0,0,0,0,0,0,1,1,0,0,0,1
452.5207,0,0,0,1.882058E-08,7.30492E-08,-8.333554E-08,1,1,0.07105283,0.7416701,-0.07957658,0.662227,0,0,0,0,261.3521,299.75,732.2571,0,1,0,0,0,4.235336E-09,8.891105E-09,1.530628E-08,1,1,0,0,0,1,1,0,0,0,0,0,0,0,1,1,0,0,0,1
452.5705,0,0,0,2.411974E-08,8.267794E-08,-1.188578E-07,1,1,0.07105283,0.7416701,-0.07957657,0.662227,0,0,0,0,251.3001,288.2211,704.0934,0,1,0,0,0,2.649583E-09,4.814368E-09,-1.776113E-08,1,1,0,0,0,1,1,0,0,0,0,0,0,0,1,1,0,0,0,1
452.6203,0,0,0,2.842125E-08,9.748843E-08,-1.920382E-07,1,1,0.07105283,0.7416701,-0.07957657,0.662227,0,0,0,0,251.3001,288.2211,704.0934,0,1,0,0,0,2.641781E-09,6.73947E-09,-3.972282E-08,1,1,0,0,0,1,1,0,0,0,0,0,0,0,1,1,0,0,0,1
452.6708,0,0,0,3.446924E-08,1.082421E-07,-1.778924E-07,1,1,0.07105283,0.7416701,-0.07957657,0.662227,0,0,0,0,251.3001,288.2211,704.0934,0,1,0,0,0,3.053952E-09,5.693106E-09,7.505724E-09,1,1,0,0,0,1,1,0,0,0,0,0,0,0,1,1,0,0,0,1
452.72,0,0,0,4.090515E-08,1.282862E-07,-1.372074E-07,1,1,0.07105282,0.7416701,-0.07957657,0.662227,0,0,0,0,241.2481,276.6922,675.9297,0,1,0,0,0,2.928065E-09,8.700454E-09,1.849831E-08,1,1,0,0,0,1,1,0,0,0,0,0,0,0,1,1,0,0,0,1
452.7701,0,0,0,4.98613E-08,1.483779E-07,-9.289331E-08,1,1,0.07105281,0.7416701,-0.07957656,0.662227,0,0,0,0,246.2741,282.4567,690.0116,0,1,0,0,0,4.749596E-09,1.237266E-08,2.544425E-08,1,1,0,0,0,1,1,0,0,0,0,0,0,0,1,1,0,0,0,1
452.8208,0,0,0,6.004366E-08,1.682145E-07,-6.026308E-08,1,1,0.0710528,0.7416701,-0.07957655,0.662227,0,0,0,0,246.2741,282.4567,690.0116,0,1,0,0,0,5.40524E-09,1.013641E-08,1.676738E-08,1,1,0,0,0,1,1,0,0,0,0,0,0,0,1,1,0,0,0,1
452.8704,0,0,0,6.20413E-08,1.922883E-07,-4.467459E-08,1,1,0.07105282,0.7416701,-0.07957657,0.662227,0,0,0,0,246.2741,282.4567,690.0116,0,1,0,0,0,1.560775E-09,1.297961E-08,1.155391E-08,1,1,0,0,0,1,1,0,0,0,0,0,0,0,1,1,0,0,0,1
452.9207,0,0,0,6.295083E-08,2.080931E-07,-5.344305E-08,1,1,0.0710528,0.7416701,-0.07957654,0.662227,0,0,0,0,261.3521,299.75,732.2571,0,1,0,0,0,-1.371733E-10,6.643359E-09,-8.576711E-09,1,1,0,0,0,1,1,0,0,0,0,0,0,0,1,1,0,0,0,1
452.9708,0,0,0,6.042389E-08,2.203712E-07,-8.709431E-08,1,1,0.07105282,0.7416701,-0.07957657,0.662227,0,0,0,0,261.3521,299.75,732.2571,0,1,0,0,0,-1.321007E-09,4.125341E-09,-1.69617E-08,1,1,0,0,0,1,1,0,0,0,0,0,0,0,1,1,0,0,0,1
453.0204,0,0,0,6.320083E-08,2.281695E-07,-7.56866E-08,1,1,0.0710528,0.7416701,-0.07957655,0.662227,0,0,0,0,261.3521,299.75,732.2571,0,1,0,0,0,1.351354E-09,3.672044E-09,7.562745E-09,1,1,0,0,0,1,1,0,0,0,0,0,0,0,1,1,0,0,0,1
453.0703,0,0,0,5.782973E-08,2.312046E-07,-8.897237E-08,1,1,0.07105279,0.7416701,-0.07957653,0.662227,0,0,0,0,261.3521,299.75,732.2571,0,1,0,0,0,-2.391432E-09,1.288629E-09,-5.518356E-09,1,1,0,0,0,1,1,0,0,0,0,0,0,0,1,1,0,0,0,1
453.1208,0,0,0,5.667094E-08,2.323954E-07,-7.35467E-08,1,1,0.07105279,0.7416701,-0.07957654,0.662227,0,0,0,0,266.3781,305.5144,746.339,0,1,0,0,0,-5.794062E-10,5.953746E-10,7.712839E-09,1,1,0,0,0,1,1,0,0,0,0,0,0,0,1,1,0,0,0,1
453.1709,0,0,0,5.425053E-08,2.444451E-07,-4.98833E-08,1,1,0.07105279,0.7416701,-0.07957654,0.662227,0,0,0,0,261.3521,299.75,732.2571,0,1,0,0,0,-1.118701E-09,6.112252E-09,1.110115E-08,1,1,0,0,0,1,1,0,0,0,0,0,0,0,1,1,0,0,0,1
453.2209,0,0,0,6.038255E-08,2.441126E-07,1.971345E-08,1,1,0.07105277,0.7416701,-0.07957652,0.662227,0,0,0,0,261.3521,299.75,732.2571,0,1,0,0,0,3.262673E-09,-6.362125E-11,3.471024E-08,1,1,0,0,0,1,1,0,0,0,0,0,0,0,1,1,0,0,0,1
453.2702,0,0,0,7.037426E-08,2.513205E-07,9.257215E-08,1,1,0.07105277,0.7416701,-0.07957651,0.662227,0,0,0,0,256.3261,293.9855,718.1753,0,1,0,0,0,4.995854E-09,3.603859E-09,3.642934E-08,1,1,0,0,0,1,1,0,0,0,0,0,0,0,1,1,0,0,0,1
453.3206,0,0,0,7.98675E-08,2.509292E-07,1.702089E-07,1,1,0.07105277,0.7416701,-0.07957651,0.662227,0,0,0,0,266.3781,305.5144,746.339,0,1,0,0,0,4.464923E-09,-1.958071E-10,3.65413E-08,1,1,0,0,0,1,1,0,0,0,0,0,0,0,1,1,0,0,0,1
453.3705,0,0,0,8.900055E-08,2.548244E-07,2.481521E-07,1,1,0.07105277,0.7416701,-0.07957651,0.662227,0,0,0,0,261.3521,299.75,732.2571,0,1,0,0,0,4.568957E-09,1.527525E-09,3.800237E-08,1,1,0,0,0,1,1,0,0,0,0,0,0,0,1,1,0,0,0,1
453.4208,0,0,0,9.891311E-08,2.555127E-07,3.25173E-07,1,1,0.07105278,0.7416701,-0.07957652,0.662227,0,0,0,0,266.3781,305.5144,746.339,0,1,0,0,0,4.704324E-09,2.949788E-10,3.625577E-08,1,1,0,0,0,1,1,0,0,0,0,0,0,0,1,1,0,0,0,1
453.4705,0,0,0,1.072943E-07,2.566916E-07,3.928731E-07,1,1,0.07105278,0.7416701,-0.07957652,0.662227,0,0,0,0,261.3521,299.75,732.2571,0,1,0,0,0,4.472259E-09,5.8945E-10,3.612712E-08,1,1,0,0,0,1,1,0,0,0,0,0,0,0,1,1,0,0,0,1
453.5206,0,0,0,1.148226E-07,2.576151E-07,4.772515E-07,1,1,0.07105279,0.7416701,-0.07957652,0.662227,0,0,0,0,266.3781,305.5144,746.339,0,1,0,0,0,3.660521E-09,4.616735E-11,3.890878E-08,1,1,0,0,0,1,1,0,0,0,0,0,0,0,1,1,0,0,0,1
453.5703,0,0,0,1.236919E-07,2.591544E-07,5.610827E-07,1,1,0.07105277,0.7416701,-0.07957651,0.662227,0,0,0,0,261.3521,299.75,732.2571,0,1,0,0,0,4.671828E-09,9.933059E-10,4.527002E-08,1,1,0,0,0,1,1,0,0,0,0,0,0,0,1,1,0,0,0,1
453.6211,0,0,0,1.243216E-07,2.590577E-07,5.602512E-07,1,1,0.07105277,0.7416701,-0.0795765,0.662227,0,0,0,0,256.3261,293.9855,718.1753,0,1,0,0,0,3.148266E-10,-4.842443E-11,-4.159655E-10,1,1,0,0,0,1,1,0,0,0,0,0,0,0,1,1,0,0,0,1
453.6708,0,0,0,1.312021E-07,2.650663E-07,6.031448E-07,1,1,0.07105278,0.7416701,-0.07957652,0.662227,0,0,0,0,251.3001,288.2211,704.0934,0,1,0,0,0,2.896865E-09,4.00549E-09,1.493322E-08,1,1,0,0,0,1,1,0,0,0,0,0,0,0,1,1,0,0,0,1
453.7207,0,0,0,1.40681E-07,2.667361E-07,6.796981E-07,1,1,0.07105278,0.7416701,-0.07957652,0.662227,0,0,0,0,256.3261,293.9855,718.1753,0,1,0,0,0,4.460677E-09,7.857643E-10,3.60251E-08,1,1,0,0,0,1,1,0,0,0,0,0,0,0,1,1,0,0,0,1
453.7701,0,0,0,1.462915E-07,2.667722E-07,7.484791E-07,1,1,0.07105279,0.7416701,-0.07957653,0.662227,0,0,0,0,256.3261,293.9855,718.1753,0,1,0,0,0,2.723117E-09,7.160066E-11,3.205076E-08,1,1,0,0,0,1,1,0,0,0,0,0,0,0,1,1,0,0,0,1
453.8207,0,0,0,1.483859E-07,2.679414E-07,8.162005E-07,1,1,0.07105278,0.7416701,-0.07957652,0.662227,0,0,0,0,261.3521,299.75,732.2571,0,1,0,0,0,9.650186E-10,6.38062E-10,3.152087E-08,1,1,0,0,0,1,1,0,0,0,0,0,0,0,1,1,0,0,0,1
453.87,0,0,0,1.561203E-07,2.764354E-07,9.227513E-07,1,1,0.07105279,0.7416701,-0.07957653,0.662227,0,0,0,0,246.2741,282.4567,690.0116,0,1,0,0,0,3.949308E-09,4.193324E-09,5.561473E-08,1,1,0,0,0,1,1,0,0,0,0,0,0,0,1,1,0,0,0,1
453.9201,0,0,0,1.614569E-07,2.763973E-07,9.876652E-07,1,1,0.07105278,0.7416701,-0.07957652,0.662227,0,0,0,0,251.3001,288.2211,704.0934,0,1,0,0,0,2.58616E-09,3.447238E-11,3.011727E-08,1,1,0,0,0,1,1,0,0,0,0,0,0,0,1,1,0,0,0,1
453.9708,0,0,0,1.709358E-07,2.78067E-07,1.064219E-06,1,1,0.07105278,0.7416701,-0.07957652,0.662227,0,0,0,0,261.3521,299.75,732.2571,0,1,0,0,0,4.460677E-09,7.857643E-10,3.60251E-08,1,1,0,0,0,1,1,0,0,0,0,0,0,0,1,1,0,0,0,1
454.0204,0,0,0,1.798572E-07,2.796385E-07,1.136269E-06,1,1,0.07105278,0.7416701,-0.07957652,0.662227,0,0,0,0,256.3261,293.9855,718.1753,0,1,0,0,0,4.460677E-09,7.857643E-10,3.60251E-08,1,1,0,0,0,1,1,0,0,0,0,0,0,0,1,1,0,0,0,1
454.071,0,0,0,1.859906E-07,2.80719E-07,1.185803E-06,1,1,0.07105278,0.7416701,-0.07957652,0.662227,0,0,0,0,175.91,201.7547,492.8657,0,1,0,0,0,2.230338E-09,3.928822E-10,1.801255E-08,1,1,0,0,0,1,1,0,0,0,0,0,0,0,1,1,0,0,0,1
454.121,0,0,0,1.94912E-07,2.822906E-07,1.257853E-06,1,1,0.07105278,0.7416701,-0.07957652,0.662227,0,0,0,0,241.2481,276.6922,675.9297,0,1,0,0,0,5.018261E-09,8.839849E-10,4.052823E-08,1,1,0,0,0,1,1,0,0,0,0,0,0,0,1,1,0,0,0,1
454.1716,0,0,0,2.060637E-07,2.84255E-07,1.347916E-06,1,1,0.07105278,0.7416701,-0.07957652,0.662227,0,0,0,0,261.3521,299.75,732.2571,0,1,0,0,0,6.133431E-09,1.080426E-09,4.95345E-08,1,1,0,0,0,1,1,0,0,0,0,0,0,0,1,1,0,0,0,1
454.2216,0,0,0,2.149851E-07,2.858265E-07,1.419966E-06,1,1,0.07105278,0.7416701,-0.07957652,0.662227,0,0,0,0,261.3521,299.75,732.2571,0,1,0,0,0,3.903092E-09,6.875438E-10,3.152196E-08,1,1,0,0,0,1,1,0,0,0,0,0,0,0,1,1,0,0,0,1
454.2708,0,0,0,2.27252E-07,2.879874E-07,1.519035E-06,1,1,0.07105278,0.7416701,-0.07957652,0.662227,0,0,0,0,246.2741,282.4567,690.0116,0,1,0,0,0,6.133431E-09,1.080426E-09,4.95345E-08,1,1,0,0,0,1,1,0,0,0,0,0,0,0,1,1,0,0,0,1
454.321,0,0,0,2.378461E-07,2.898536E-07,1.604595E-06,1,1,0.07105278,0.7416701,-0.07957652,0.662227,0,0,0,0,251.3001,288.2211,704.0934,0,1,0,0,0,5.018261E-09,8.839849E-10,4.052823E-08,1,1,0,0,0,1,1,0,0,0,0,0,0,0,1,1,0,0,0,1
454.3713,0,0,0,2.462099E-07,2.913269E-07,1.672142E-06,1,1,0.07105278,0.7416701,-0.07957652,0.662227,0,0,0,0,266.3781,305.5144,746.339,0,1,0,0,0,3.903092E-09,6.875438E-10,3.152196E-08,1,1,0,0,0,1,1,0,0,0,0,0,0,0,1,1,0,0,0,1
454.4216,0,0,0,2.551312E-07,2.928985E-07,1.744192E-06,1,1,0.07105278,0.7416701,-0.07957652,0.662227,0,0,0,0,266.3781,305.5144,746.339,0,1,0,0,0,3.903092E-09,6.875438E-10,3.152196E-08,1,1,0,0,0,1,1,0,0,0,0,0,0,0,1,1,0,0,0,1
454.4707,0,0,0,2.640525E-07,2.944701E-07,1.816242E-06,1,1,0.07105278,0.7416701,-0.07957652,0.662227,0,0,0,0,261.3521,299.75,732.2571,0,1,0,0,0,4.460677E-09,7.857643E-10,3.60251E-08,1,1,0,0,0,1,1,0,0,0,0,0,0,0,1,1,0,0,0,1
454.5209,0,0,0,2.74089E-07,2.962382E-07,1.897299E-06,1,1,0.07105278,0.7416701,-0.07957652,0.662227,0,0,0,0,266.3781,305.5144,746.339,0,1,0,0,0,5.018261E-09,8.839849E-10,4.052823E-08,1,1,0,0,0,1,1,0,0,0,0,0,0,0,1,1,0,0,0,1
454.5709,0,0,0,2.830104E-07,2.978098E-07,1.969349E-06,1,1,0.07105278,0.7416701,-0.07957652,0.662227,0,0,0,0,266.3781,305.5144,746.339,0,1,0,0,0,4.460677E-09,7.857643E-10,3.60251E-08,1,1,0,0,0,1,1,0,0,0,0,0,0,0,1,1,0,0,0,1
454.6209,0,0,0,2.913742E-07,2.992832E-07,2.036896E-06,1,1,0.07105278,0.7416701,-0.07957652,0.662227,0,0,0,0,266.3781,305.5144,746.339,0,1,0,0,0,3.903092E-09,6.875438E-10,3.152196E-08,1,1,0,0,0,1,1,0,0,0,0,0,0,0,1,1,0,0,0,1
454.671,0,0,0,3.014107E-07,3.010512E-07,2.117952E-06,1,1,0.07105278,0.7416701,-0.07957652,0.662227,0,0,0,0,266.3781,305.5144,746.339,0,1,0,0,0,5.018261E-09,8.839849E-10,4.052823E-08,1,1,0,0,0,1,1,0,0,0,0,0,0,0,1,1,0,0,0,1
454.7208,0,0,0,3.108896E-07,3.02721E-07,2.194506E-06,1,1,0.07105278,0.7416701,-0.07957652,0.662227,0,0,0,0,266.3781,305.5144,746.339,0,1,0,0,0,5.018261E-09,8.839849E-10,4.052823E-08,1,1,0,0,0,1,1,0,0,0,0,0,0,0,1,1,0,0,0,1
454.7708,0,0,0,3.203686E-07,3.043909E-07,2.271059E-06,1,1,0.07105278,0.7416701,-0.07957652,0.662227,0,0,0,0,266.3781,305.5144,746.339,0,1,0,0,0,5.018261E-09,8.839849E-10,4.052823E-08,1,1,0,0,0,1,1,0,0,0,0,0,0,0,1,1,0,0,0,1
454.8208,0,0,0,3.2929E-07,3.059625E-07,2.343109E-06,1,1,0.07105278,0.7416701,-0.07957652,0.662227,0,0,0,0,266.378,305.5144,746.339,0,1,0,0,0,4.460677E-09,7.857643E-10,3.60251E-08,1,1,0,0,0,1,1,0,0,0,0,0,0,0,1,1,0,0,0,1
454.8709,0,0,0,3.38769E-07,3.076323E-07,2.419662E-06,1,1,0.07105278,0.7416701,-0.07957652,0.662227,0,0,0,0,266.378,305.5144,746.339,0,1,0,0,0,4.460677E-09,7.857643E-10,3.60251E-08,1,1,0,0,0,1,1,0,0,0,0,0,0,0,1,1,0,0,0,1
454.9212,0,0,0,3.482479E-07,3.09302E-07,2.496216E-06,1,1,0.07105278,0.7416701,-0.07957652,0.662227,0,0,0,0,266.378,305.5144,746.339,0,1,0,0,0,5.018261E-09,8.839849E-10,4.052823E-08,1,1,0,0,0,1,1,0,0,0,0,0,0,0,1,1,0,0,0,1
454.9708,0,0,0,3.577269E-07,3.109719E-07,2.572769E-06,1,1,0.07105278,0.7416701,-0.07957652,0.662227,0,0,0,0,261.352,299.7499,732.2571,0,1,0,0,0,4.460677E-09,7.857643E-10,3.60251E-08,1,1,0,0,0,1,1,0,0,0,0,0,0,0,1,1,0,0,0,1
455.0211,0,0,0,3.672059E-07,3.126417E-07,2.649322E-06,1,1,0.07105278,0.7416701,-0.07957652,0.662227,0,0,0,0,266.378,305.5144,746.339,0,1,0,0,0,5.018261E-09,8.839849E-10,4.052823E-08,1,1,0,0,0,1,1,0,0,0,0,0,0,0,1,1,0,0,0,1
455.071,0,0,0,3.772425E-07,3.144098E-07,2.730379E-06,1,1,0.07105278,0.7416701,-0.07957652,0.662227,0,0,0,0,266.378,305.5144,746.339,0,1,0,0,0,5.018261E-09,8.839849E-10,4.052823E-08,1,1,0,0,0,1,1,0,0,0,0,0,0,0,1,1,0,0,0,1
455.1215,0,0,0,3.867215E-07,3.160796E-07,2.806932E-06,1,1,0.07105278,0.7416701,-0.07957652,0.662227,0,0,0,0,271.404,311.2788,760.4208,0,1,0,0,0,4.460677E-09,7.857643E-10,3.60251E-08,1,1,0,0,0,1,1,0,0,0,0,0,0,0,1,1,0,0,0,1
455.1714,0,0,0,3.956429E-07,3.176512E-07,2.878982E-06,1,1,0.07105278,0.7416701,-0.07957652,0.662227,0,0,0,0,271.404,311.2788,760.4208,0,1,0,0,0,4.460677E-09,7.857643E-10,3.60251E-08,1,1,0,0,0,1,1,0,0,0,0,0,0,0,1,1,0,0,0,1
455.2213,0,0,0,4.051219E-07,3.19321E-07,2.955536E-06,1,1,0.07105278,0.7416701,-0.07957652,0.662227,0,0,0,0,271.404,311.2788,760.4208,0,1,0,0,0,4.460677E-09,7.857643E-10,3.60251E-08,1,1,0,0,0,1,1,0,0,0,0,0,0,0,1,1,0,0,0,1
455.2711,0,0,0,4.140433E-07,3.208926E-07,3.027586E-06,1,1,0.07105278,0.7416701,-0.07957652,0.662227,0,0,0,0,266.378,305.5144,746.339,0,1,0,0,0,3.903092E-09,6.875438E-10,3.152196E-08,1,1,0,0,0,1,1,0,0,0,0,0,0,0,1,1,0,0,0,1
455.3209,0,0,0,4.224071E-07,3.22366E-07,3.095133E-06,1,1,0.07105278,0.7416701,-0.07957652,0.662227,0,0,0,0,266.378,305.5144,746.339,0,1,0,0,0,3.903092E-09,6.875438E-10,3.152196E-08,1,1,0,0,0,1,1,0,0,0,0,0,0,0,1,1,0,0,0,1
455.3708,0,0,0,4.318861E-07,3.240359E-07,3.171686E-06,1,1,0.07105278,0.7416701,-0.07957652,0.662227,0,0,0,0,266.378,305.5144,746.339,0,1,0,0,0,4.460677E-09,7.857643E-10,3.60251E-08,1,1,0,0,0,1,1,0,0,0,0,0,0,0,1,1,0,0,0,1
455.4208,0,0,0,4.413651E-07,3.257057E-07,3.248239E-06,1,1,0.07105278,0.7416701,-0.07957652,0.662227,0,0,0,0,266.378,305.5144,746.339,0,1,0,0,0,5.018261E-09,8.839849E-10,4.052823E-08,1,1,0,0,0,1,1,0,0,0,0,0,0,0,1,1,0,0,0,1
455.4712,0,0,0,4.502865E-07,3.272772E-07,3.32029E-06,1,1,0.07105278,0.7416701,-0.07957652,0.662227,0,0,0,0,271.404,311.2788,760.4208,0,1,0,0,0,4.460677E-09,7.857643E-10,3.60251E-08,1,1,0,0,0,1,1,0,0,0,0,0,0,0,1,1,0,0,0,1
455.5212,0,0,0,4.592079E-07,3.288488E-07,3.39234E-06,1,1,0.07105278,0.7416701,-0.07957652,0.662227,0,0,0,0,266.378,305.5144,746.339,0,1,0,0,0,4.460677E-09,7.857643E-10,3.60251E-08,1,1,0,0,0,1,1,0,0,0,0,0,0,0,1,1,0,0,0,1
455.5713,0,0,0,4.686869E-07,3.305187E-07,3.468893E-06,1,1,0.07105278,0.7416701,-0.07957652,0.662227,0,0,0,0,266.378,305.5144,746.339,0,1,0,0,0,5.018261E-09,8.839849E-10,4.052823E-08,1,1,0,0,0,1,1,0,0,0,0,0,0,0,1,1,0,0,0,1
455.621,0,0,0,4.781658E-07,3.321885E-07,3.545446E-06,1,1,0.07105278,0.7416701,-0.07957652,0.662227,0,0,0,0,261.352,299.7499,732.2571,0,1,0,0,0,4.460677E-09,7.857643E-10,3.60251E-08,1,1,0,0,0,1,1,0,0,0,0,0,0,0,1,1,0,0,0,1
455.6711,0,0,0,4.870873E-07,3.337601E-07,3.617497E-06,1,1,0.07105278,0.7416701,-0.07957652,0.662227,0,0,0,0,256.326,293.9855,718.1753,0,1,0,0,0,4.460677E-09,7.857643E-10,3.60251E-08,1,1,0,0,0,1,1,0,0,0,0,0,0,0,1,1,0,0,0,1
455.7212,0,0,0,4.95451E-07,3.352335E-07,3.685044E-06,1,1,0.07105278,0.7416701,-0.07957652,0.662227,0,0,0,0,256.326,293.9855,718.1753,0,1,0,0,0,4.460677E-09,7.857643E-10,3.60251E-08,1,1,0,0,0,1,1,0,0,0,0,0,0,0,1,1,0,0,0,1
455.7715,0,0,0,5.054877E-07,3.370015E-07,3.7661E-06,1,1,0.07105278,0.7416701,-0.07957652,0.662227,0,0,0,0,261.352,299.7499,732.2571,0,1,0,0,0,4.460677E-09,7.857643E-10,3.60251E-08,1,1,0,0,0,1,1,0,0,0,0,0,0,0,1,1,0,0,0,1
455.8211,0,0,0,5.149668E-07,3.386713E-07,3.842653E-06,1,1,0.07105278,0.7416701,-0.07957652,0.662227,0,0,0,0,261.352,299.7499,732.257,0,1,0,0,0,4.460677E-09,7.857643E-10,3.60251E-08,1,1,0,0,0,1,1,0,0,0,0,0,0,0,1,1,0,0,0,1
455.8709,0,0,0,5.238882E-07,3.402429E-07,3.914703E-06,1,1,0.07105278,0.7416701,-0.07957652,0.662227,0,0,0,0,261.352,299.7499,732.257,0,1,0,0,0,4.460677E-09,7.857643E-10,3.60251E-08,1,1,0,0,0,1,1,0,0,0,0,0,0,0,1,1,0,0,0,1
455.9211,0,0,0,5.333671E-07,3.419127E-07,3.991257E-06,1,1,0.07105278,0.7416701,-0.07957652,0.662227,0,0,0,0,271.404,311.2788,760.4207,0,1,0,0,0,4.460677E-09,7.857643E-10,3.60251E-08,1,1,0,0,0,1,1,0,0,0,0,0,0,0,1,1,0,0,0,1
455.9716,0,0,0,5.428461E-07,3.435825E-07,4.067811E-06,1,1,0.07105278,0.7416701,-0.07957652,0.662227,0,0,0,0,276.43,317.0432,774.5026,0,1,0,0,0,5.018261E-09,8.839849E-10,4.052823E-08,1,1,0,0,0,1,1,0,0,0,0,0,0,0,1,1,0,0,0,1
456.0213,0,0,0,5.523252E-07,3.452524E-07,4.144365E-06,1,1,0.07105278,0.7416701,-0.07957652,0.662227,0,0,0,0,271.404,311.2788,760.4207,0,1,0,0,0,4.460677E-09,7.857643E-10,3.60251E-08,1,1,0,0,0,1,1,0,0,0,0,0,0,0,1,1,0,0,0,1
456.0708,0,0,0,5.612467E-07,3.46824E-07,4.216415E-06,1,1,0.07105278,0.7416701,-0.07957652,0.662227,0,0,0,0,266.378,305.5144,746.3389,0,1,0,0,0,4.460677E-09,7.857643E-10,3.60251E-08,1,1,0,0,0,1,1,0,0,0,0,0,0,0,1,1,0,0,0,1
456.1215,0,0,0,5.712834E-07,3.48592E-07,4.297472E-06,1,1,0.07105278,0.7416701,-0.07957652,0.662227,0,0,0,0,271.404,311.2788,760.4207,0,1,0,0,0,5.018261E-09,8.839849E-10,4.052823E-08,1,1,0,0,0,1,1,0,0,0,0,0,0,0,1,1,0,0,0,1
456.1712,0,0,0,5.802049E-07,3.501636E-07,4.369522E-06,1,1,0.07105278,0.7416701,-0.07957652,0.662227,0,0,0,0,266.378,305.5144,746.3389,0,1,0,0,0,4.460677E-09,7.857643E-10,3.60251E-08,1,1,0,0,0,1,1,0,0,0,0,0,0,0,1,1,0,0,0,1
456.2212,0,0,0,5.885687E-07,3.51637E-07,4.437069E-06,1,1,0.07105278,0.7416701,-0.07957652,0.662227,0,0,0,0,211.092,242.1056,591.4385,0,1,0,0,0,3.903092E-09,6.875438E-10,3.152196E-08,1,1,0,0,0,1,1,0,0,0,0,0,0,0,1,1,0,0,0,1
456.272,0,0,0,5.969325E-07,3.531104E-07,4.504616E-06,1,1,0.07105278,0.7416701,-0.07957652,0.662227,0,0,0,0,266.378,305.5144,746.3389,0,1,0,0,0,4.460677E-09,7.857643E-10,3.60251E-08,1,1,0,0,0,1,1,0,0,0,0,0,0,0,1,1,0,0,0,1
456.3212,0,0,0,6.069691E-07,3.548784E-07,4.585673E-06,1,1,0.07105278,0.7416701,-0.07957652,0.662227,0,0,0,0,246.274,282.4566,690.0115,0,1,0,0,0,5.018261E-09,8.839849E-10,4.052823E-08,1,1,0,0,0,1,1,0,0,0,0,0,0,0,1,1,0,0,0,1
456.372,0,0,0,6.192361E-07,3.570392E-07,4.684742E-06,1,1,0.07105278,0.7416701,-0.07957652,0.662227,0,0,0,0,271.404,311.2788,760.4207,0,1,0,0,0,5.575846E-09,9.822054E-10,4.503137E-08,1,1,0,0,0,1,1,0,0,0,0,0,0,0,1,1,0,0,0,1
456.4217,0,0,0,6.275999E-07,3.585125E-07,4.752289E-06,1,1,0.07105278,0.7416701,-0.07957652,0.662227,0,0,0,0,261.352,299.7499,732.257,0,1,0,0,0,4.460677E-09,7.857643E-10,3.60251E-08,1,1,0,0,0,1,1,0,0,0,0,0,0,0,1,1,0,0,0,1
456.4714,0,0,0,6.376365E-07,3.602805E-07,4.833347E-06,1,1,0.07105278,0.7416701,-0.07957652,0.662227,0,0,0,0,261.352,299.7499,732.257,0,1,0,0,0,5.018261E-09,8.839849E-10,4.052823E-08,1,1,0,0,0,1,1,0,0,0,0,0,0,0,1,1,0,0,0,1
456.5215,0,0,0,6.471155E-07,3.619502E-07,4.9099E-06,1,1,0.07105278,0.7416701,-0.07957652,0.662227,0,0,0,0,251.3,288.2209,704.0933,0,1,0,0,0,4.460677E-09,7.857643E-10,3.60251E-08,1,1,0,0,0,1,1,0,0,0,0,0,0,0,1,1,0,0,0,1
456.5715,0,0,0,6.565946E-07,3.6362E-07,4.986454E-06,1,1,0.07105278,0.7416701,-0.07957652,0.662227,0,0,0,0,261.352,299.7497,732.257,0,1,0,0,0,5.018261E-09,8.839849E-10,4.052823E-08,1,1,0,0,0,1,1,0,0,0,0,0,0,0,1,1,0,0,0,1
456.6217,0,0,0,6.660736E-07,3.652897E-07,5.063008E-06,1,1,0.07105278,0.7416701,-0.07957652,0.662227,0,0,0,0,261.352,299.7497,732.257,0,1,0,0,0,4.460677E-09,7.857643E-10,3.60251E-08,1,1,0,0,0,1,1,0,0,0,0,0,0,0,1,1,0,0,0,1
456.6716,0,0,0,6.74995E-07,3.668612E-07,5.135059E-06,1,1,0.07105278,0.7416701,-0.07957652,0.662227,0,0,0,0,261.352,299.7497,732.257,0,1,0,0,0,4.460677E-09,7.857643E-10,3.60251E-08,1,1,0,0,0,1,1,0,0,0,0,0,0,0,1,1,0,0,0,1
456.7219,0,0,0,6.844741E-07,3.68531E-07,5.211613E-06,1,1,0.07105278,0.7416701,-0.07957652,0.662227,0,0,0,0,261.352,299.7497,732.257,0,1,0,0,0,4.460677E-09,7.857643E-10,3.60251E-08,1,1,0,0,0,1,1,0,0,0,0,0,0,0,1,1,0,0,0,1
456.7716,0,0,0,6.933955E-07,3.701025E-07,5.283664E-06,1,1,0.07105278,0.7416701,-0.07957652,0.662227,0,0,0,0,261.352,299.7497,732.257,0,1,0,0,0,4.460677E-09,7.857643E-10,3.60251E-08,1,1,0,0,0,1,1,0,0,0,0,0,0,0,1,1,0,0,0,1
456.8214,0,0,0,7.034321E-07,3.718704E-07,5.36472E-06,1,1,0.07105278,0.7416701,-0.07957652,0.662227,0,0,0,0,261.352,299.7497,732.257,0,1,0,0,0,5.018261E-09,8.839849E-10,4.052823E-08,1,1,0,0,0,1,1,0,0,0,0,0,0,0,1,1,0,0,0,1
456.8721,0,0,0,7.129111E-07,3.735402E-07,5.441274E-06,1,1,0.07105278,0.7416701,-0.07957652,0.662227,0,0,0,0,266.378,305.5141,746.3389,0,1,0,0,0,5.018261E-09,8.839849E-10,4.052823E-08,1,1,0,0,0,1,1,0,0,0,0,0,0,0,1,1,0,0,0,1
456.9217,0,0,0,7.218325E-07,3.751117E-07,5.513324E-06,1,1,0.07105278,0.7416701,-0.07957652,0.662227,0,0,0,0,261.352,299.7497,732.257,0,1,0,0,0,4.460677E-09,7.857643E-10,3.60251E-08,1,1,0,0,0,1,1,0,0,0,0,0,0,0,1,1,0,0,0,1
456.9712,0,0,0,7.313115E-07,3.767814E-07,5.589878E-06,1,1,0.07105278,0.7416701,-0.07957652,0.662227,0,0,0,0,261.352,299.7497,732.257,0,1,0,0,0,5.018261E-09,8.839849E-10,4.052823E-08,1,1,0,0,0,1,1,0,0,0,0,0,0,0,1,1,0,0,0,1
457.022,0,0,0,7.413481E-07,3.785494E-07,5.670935E-06,1,1,0.07105278,0.7416701,-0.07957652,0.662227,0,0,0,0,266.378,305.5141,746.3389,0,1,0,0,0,5.018261E-09,8.839849E-10,4.052823E-08,1,1,0,0,0,1,1,0,0,0,0,0,0,0,1,1,0,0,0,1
457.0717,0,0,0,7.502695E-07,3.801209E-07,5.742985E-06,1,1,0.07105278,0.7416701,-0.07957652,0.662227,0,0,0,0,261.352,299.7497,732.257,0,1,0,0,0,3.903092E-09,6.875438E-10,3.152196E-08,1,1,0,0,0,1,1,0,0,0,0,0,0,0,1,1,0,0,0,1
457.1213,0,0,0,7.591909E-07,3.816924E-07,5.815036E-06,1,1,0.07105278,0.7416701,-0.07957652,0.662227,0,0,0,0,261.352,299.7497,732.257,0,1,0,0,0,4.460677E-09,7.857643E-10,3.60251E-08,1,1,0,0,0,1,1,0,0,0,0,0,0,0,1,1,0,0,0,1
457.172,0,0,0,7.692275E-07,3.834605E-07,5.896092E-06,1,1,0.07105278,0.7416701,-0.07957652,0.662227,0,0,0,0,266.378,305.5141,746.3389,0,1,0,0,0,5.018261E-09,8.839849E-10,4.052823E-08,1,1,0,0,0,1,1,0,0,0,0,0,0,0,1,1,0,0,0,1
457.2212,0,0,0,7.792642E-07,3.852285E-07,5.977149E-06,1,1,0.07105278,0.7416701,-0.07957652,0.662227,0,0,0,0,261.352,299.7497,732.257,0,1,0,0,0,5.018261E-09,8.839849E-10,4.052823E-08,1,1,0,0,0,1,1,0,0,0,0,0,0,0,1,1,0,0,0,1
457.2716,0,0,0,7.881856E-07,3.868001E-07,6.049199E-06,1,1,0.07105278,0.7416701,-0.07957652,0.662227,0,0,0,0,266.378,305.5141,746.3389,0,1,0,0,0,4.460677E-09,7.857643E-10,3.60251E-08,1,1,0,0,0,1,1,0,0,0,0,0,0,0,1,1,0,0,0,1
457.3217,0,0,0,7.976646E-07,3.8847E-07,6.125753E-06,1,1,0.07105278,0.7416701,-0.07957652,0.662227,0,0,0,0,261.352,299.7497,732.257,0,1,0,0,0,5.018261E-09,8.839849E-10,4.052823E-08,1,1,0,0,0,1,1,0,0,0,0,0,0,0,1,1,0,0,0,1
457.3713,0,0,0,8.065861E-07,3.900416E-07,6.197804E-06,1,1,0.07105278,0.7416701,-0.07957652,0.662227,0,0,0,0,256.326,293.9853,718.1752,0,1,0,0,0,4.460677E-09,7.857643E-10,3.60251E-08,1,1,0,0,0,1,1,0,0,0,0,0,0,0,1,1,0,0,0,1
457.4221,0,0,0,8.166227E-07,3.918096E-07,6.278861E-06,1,1,0.07105278,0.7416701,-0.07957652,0.662227,0,0,0,0,256.326,293.9853,718.1752,0,1,0,0,0,5.018261E-09,8.839849E-10,4.052823E-08,1,1,0,0,0,1,1,0,0,0,0,0,0,0,1,1,0,0,0,1
457.4715,0,0,0,8.255441E-07,3.933812E-07,6.350911E-06,1,1,0.07105278,0.7416701,-0.07957652,0.662227,0,0,0,0,256.326,293.9853,718.1752,0,1,0,0,0,4.460677E-09,7.857643E-10,3.60251E-08,1,1,0,0,0,1,1,0,0,0,0,0,0,0,1,1,0,0,0,1
457.5216,0,0,0,8.355808E-07,3.951493E-07,6.431968E-06,1,1,0.07105278,0.7416701,-0.07957652,0.662227,0,0,0,0,261.352,299.7497,732.257,0,1,0,0,0,5.018261E-09,8.839849E-10,4.052823E-08,1,1,0,0,0,1,1,0,0,0,0,0,0,0,1,1,0,0,0,1
457.5718,0,0,0,8.450598E-07,3.968191E-07,6.508521E-06,1,1,0.07105278,0.7416701,-0.07957652,0.662227,0,0,0,0,266.378,305.5141,746.3389,0,1,0,0,0,5.018261E-09,8.839849E-10,4.052823E-08,1,1,0,0,0,1,1,0,0,0,0,0,0,0,1,1,0,0,0,1
457.6212,0,0,0,8.550965E-07,3.985872E-07,6.589578E-06,1,1,0.07105278,0.7416701,-0.07957652,0.662227,0,0,0,0,261.352,299.7497,732.257,0,1,0,0,0,5.018261E-09,8.839849E-10,4.052823E-08,1,1,0,0,0,1,1,0,0,0,0,0,0,0,1,1,0,0,0,1
457.6721,0,0,0,8.645756E-07,4.00257E-07,6.666131E-06,1,1,0.07105278,0.7416701,-0.07957652,0.662227,0,0,0,0,266.378,305.5141,746.3389,0,1,0,0,0,5.018261E-09,8.839849E-10,4.052823E-08,1,1,0,0,0,1,1,0,0,0,0,0,0,0,1,1,0,0,0,1
457.7219,0,0,0,8.740546E-07,4.019269E-07,6.742685E-06,1,1,0.07105278,0.7416701,-0.07957652,0.662227,0,0,0,0,261.352,299.7497,732.257,0,1,0,0,0,4.460677E-09,7.857643E-10,3.60251E-08,1,1,0,0,0,1,1,0,0,0,0,0,0,0,1,1,0,0,0,1
457.7718,0,0,0,8.82976E-07,4.034985E-07,6.814736E-06,1,1,0.07105278,0.7416701,-0.07957652,0.662227,0,0,0,0,261.352,299.7497,732.257,0,1,0,0,0,4.460677E-09,7.857643E-10,3.60251E-08,1,1,0,0,0,1,1,0,0,0,0,0,0,0,1,1,0,0,0,1
457.8216,0,0,0,8.92455E-07,4.051683E-07,6.89129E-06,1,1,0.07105278,0.7416701,-0.07957652,0.662227,0,0,0,0,261.352,299.7497,732.257,0,1,0,0,0,4.460677E-09,7.857643E-10,3.60251E-08,1,1,0,0,0,1,1,0,0,0,0,0,0,0,1,1,0,0,0,1
457.8712,0,0,0,9.01934E-07,4.068381E-07,6.967844E-06,1,1,0.07105278,0.7416701,-0.07957652,0.662227,0,0,0,0,256.326,293.9853,718.1751,0,1,0,0,0,5.018261E-09,8.839849E-10,4.052823E-08,1,1,0,0,0,1,1,0,0,0,0,0,0,0,1,1,0,0,0,1
457.922,0,0,0,9.119707E-07,4.086062E-07,7.0489E-06,1,1,0.07105278,0.7416701,-0.07957652,0.662227,0,0,0,0,261.352,299.7497,732.257,0,1,0,0,0,5.018261E-09,8.839849E-10,4.052823E-08,1,1,0,0,0,1,1,0,0,0,0,0,0,0,1,1,0,0,0,1
457.9716,0,0,0,9.214497E-07,4.10276E-07,7.125454E-06,1,1,0.07105278,0.7416701,-0.07957652,0.662227,0,0,0,0,256.326,293.9853,718.1751,0,1,0,0,0,4.460677E-09,7.857643E-10,3.60251E-08,1,1,0,0,0,1,1,0,0,0,0,0,0,0,1,1,0,0,0,1
458.0214,0,0,0,9.309287E-07,4.119458E-07,7.202008E-06,1,1,0.07105278,0.7416701,-0.07957652,0.662227,0,0,0,0,231.196,265.1633,647.7659,0,1,0,0,0,5.018261E-09,8.839849E-10,4.052823E-08,1,1,0,0,0,1,1,0,0,0,0,0,0,0,1,1,0,0,0,1
458.0715,0,0,0,9.398501E-07,4.135175E-07,7.274058E-06,1,1,0.07105278,0.7416701,-0.07957652,0.662227,0,0,0,0,256.326,293.9853,718.1751,0,1,0,0,0,4.460677E-09,7.857643E-10,3.60251E-08,1,1,0,0,0,1,1,0,0,0,0,0,0,0,1,1,0,0,0,1
458.1215,0,0,0,9.493291E-07,4.151873E-07,7.350611E-06,1,1,0.07105278,0.7416701,-0.07957652,0.662227,0,0,0,0,256.326,293.9853,718.1751,0,1,0,0,0,4.460677E-09,7.857643E-10,3.60251E-08,1,1,0,0,0,1,1,0,0,0,0,0,0,0,1,1,0,0,0,1
458.1718,0,0,0,9.588082E-07,4.168571E-07,7.427165E-06,1,1,0.07105278,0.7416701,-0.07957652,0.662227,0,0,0,0,261.352,299.7497,732.257,0,1,0,0,0,5.018261E-09,8.839849E-10,4.052823E-08,1,1,0,0,0,1,1,0,0,0,0,0,0,0,1,1,0,0,0,1
458.2215,0,0,0,9.671719E-07,4.183305E-07,7.494712E-06,1,1,0.07105278,0.7416701,-0.07957652,0.662227,0,0,0,0,251.3,288.2209,704.0933,0,1,0,0,0,4.460677E-09,7.857643E-10,3.60251E-08,1,1,0,0,0,1,1,0,0,0,0,0,0,0,1,1,0,0,0,1
458.2715,0,0,0,9.755357E-07,4.198039E-07,7.562259E-06,1,1,0.07105278,0.7416701,-0.07957652,0.662227,0,0,0,0,256.326,293.9853,718.1751,0,1,0,0,0,5.018261E-09,8.839849E-10,4.052823E-08,1,1,0,0,0,1,1,0,0,0,0,0,0,0,1,1,0,0,0,1
458.3214,0,0,0,9.844572E-07,4.213754E-07,7.634309E-06,1,1,0.07105278,0.7416701,-0.07957652,0.662227,0,0,0,0,251.3,288.2209,704.0933,0,1,0,0,0,3.903092E-09,6.875438E-10,3.152196E-08,1,1,0,0,0,1,1,0,0,0,0,0,0,0,1,1,0,0,0,1
458.3714,0,0,0,9.933785E-07,4.22947E-07,7.70636E-06,1,1,0.07105278,0.7416701,-0.07957652,0.662227,0,0,0,0,261.352,299.7497,732.257,0,1,0,0,0,4.460677E-09,7.857643E-10,3.60251E-08,1,1,0,0,0,1,1,0,0,0,0,0,0,0,1,1,0,0,0,1
458.4218,0,0,0,1.000627E-06,4.242239E-07,7.7649E-06,1,1,0.07105278,0.7416701,-0.07957652,0.662227,0,0,0,0,261.352,299.7497,732.257,0,1,0,0,0,4.460677E-09,7.857643E-10,3.60251E-08,1,1,0,0,0,1,1,0,0,0,0,0,0,0,1,1,0,0,0,1
458.4721,0,0,0,1.010106E-06,4.258936E-07,7.841453E-06,1,1,0.07105278,0.7416701,-0.07957652,0.662227,0,0,0,0,211.092,242.1056,591.4385,0,1,0,0,0,6.133431E-09,1.080426E-09,4.95345E-08,1,1,0,0,0,1,1,0,0,0,0,0,0,0,1,1,0,0,0,1
458.5227,0,0,0,1.021816E-06,4.279562E-07,7.93602E-06,1,1,0.07105278,0.7416701,-0.07957652,0.662227,0,0,0,0,251.3,288.2209,704.0933,0,1,0,0,0,5.018261E-09,8.839849E-10,4.052823E-08,1,1,0,0,0,1,1,0,0,0,0,0,0,0,1,1,0,0,0,1
458.5724,0,0,0,1.031852E-06,4.297243E-07,8.017077E-06,1,1,0.07105278,0.7416701,-0.07957652,0.662227,0,0,0,0,246.274,282.4565,690.0114,0,1,0,0,0,5.018261E-09,8.839849E-10,4.052823E-08,1,1,0,0,0,1,1,0,0,0,0,0,0,0,1,1,0,0,0,1
458.6227,0,0,0,1.040774E-06,4.312959E-07,8.089128E-06,1,1,0.07105278,0.7416701,-0.07957652,0.662227,0,0,0,0,261.352,299.7497,732.257,0,1,0,0,0,5.018261E-09,8.839849E-10,4.052823E-08,1,1,0,0,0,1,1,0,0,0,0,0,0,0,1,1,0,0,0,1
458.6724,0,0,0,1.049695E-06,4.328675E-07,8.161178E-06,1,1,0.07105278,0.7416701,-0.07957652,0.662227,0,0,0,0,261.352,299.7497,732.257,0,1,0,0,0,4.460677E-09,7.857643E-10,3.60251E-08,1,1,0,0,0,1,1,0,0,0,0,0,0,0,1,1,0,0,0,1
458.722,0,0,0,1.058616E-06,4.344391E-07,8.233228E-06,1,1,0.07105278,0.7416701,-0.07957652,0.662227,0,0,0,0,261.352,299.7497,732.257,0,1,0,0,0,5.018261E-09,8.839849E-10,4.052823E-08,1,1,0,0,0,1,1,0,0,0,0,0,0,0,1,1,0,0,0,1
458.7726,0,0,0,1.068096E-06,4.361089E-07,8.309781E-06,1,1,0.07105278,0.7416701,-0.07957652,0.662227,0,0,0,0,266.378,305.5141,746.3388,0,1,0,0,0,5.018261E-09,8.839849E-10,4.052823E-08,1,1,0,0,0,1,1,0,0,0,0,0,0,0,1,1,0,0,0,1
458.8221,0,0,0,1.076459E-06,4.375823E-07,8.377328E-06,1,1,0.07105278,0.7416701,-0.07957652,0.662227,0,0,0,0,261.352,299.7497,732.257,0,1,0,0,0,3.903092E-09,6.875438E-10,3.152196E-08,1,1,0,0,0,1,1,0,0,0,0,0,0,0,1,1,0,0,0,1
458.8727,0,0,0,1.087611E-06,4.395467E-07,8.467391E-06,1,1,0.07105278,0.7416701,-0.07957652,0.662227,0,0,0,0,266.378,305.5141,746.3388,0,1,0,0,0,6.133431E-09,1.080426E-09,4.95345E-08,1,1,0,0,0,1,1,0,0,0,0,0,0,0,1,1,0,0,0,1
458.9223,0,0,0,1.097647E-06,4.413147E-07,8.548448E-06,1,1,0.07105278,0.7416701,-0.07957652,0.662227,0,0,0,0,261.352,299.7497,732.257,0,1,0,0,0,5.018261E-09,8.839849E-10,4.052823E-08,1,1,0,0,0,1,1,0,0,0,0,0,0,0,1,1,0,0,0,1
458.9728,0,0,0,1.107127E-06,4.429845E-07,8.625001E-06,1,1,0.07105278,0.7416701,-0.07957652,0.662227,0,0,0,0,261.352,299.7497,732.257,0,1,0,0,0,4.460677E-09,7.857643E-10,3.60251E-08,1,1,0,0,0,1,1,0,0,0,0,0,0,0,1,1,0,0,0,1
459.0229,0,0,0,1.116606E-06,4.446542E-07,8.701552E-06,1,1,0.07105278,0.7416701,-0.07957652,0.662227,0,0,0,0,256.326,293.9853,718.1751,0,1,0,0,0,5.018261E-09,8.839849E-10,4.052823E-08,1,1,0,0,0,1,1,0,0,0,0,0,0,0,1,1,0,0,0,1
459.0725,0,0,0,1.126642E-06,4.464221E-07,8.782608E-06,1,1,0.07105278,0.7416701,-0.07957652,0.662227,0,0,0,0,256.326,293.9853,718.1751,0,1,0,0,0,5.018261E-09,8.839849E-10,4.052823E-08,1,1,0,0,0,1,1,0,0,0,0,0,0,0,1,1,0,0,0,1
459.1227,0,0,0,1.135564E-06,4.479937E-07,8.854659E-06,1,1,0.07105278,0.7416701,-0.07957652,0.662227,0,0,0,0,256.326,293.9853,718.1751,0,1,0,0,0,4.460677E-09,7.857643E-10,3.60251E-08,1,1,0,0,0,1,1,0,0,0,0,0,0,0,1,1,0,0,0,1
459.1728,0,0,0,1.145043E-06,4.496634E-07,8.931212E-06,1,1,0.07105278,0.7416701,-0.07957652,0.662227,0,0,0,0,261.352,299.7497,732.257,0,1,0,0,0,4.460677E-09,7.857643E-10,3.60251E-08,1,1,0,0,0,1,1,0,0,0,0,0,0,0,1,1,0,0,0,1
459.2224,0,0,0,1.153964E-06,4.512349E-07,9.003261E-06,1,1,0.07105278,0.7416701,-0.07957652,0.662227,0,0,0,0,251.3,288.2209,704.0933,0,1,0,0,0,4.460677E-09,7.857643E-10,3.60251E-08,1,1,0,0,0,1,1,0,0,0,0,0,0,0,1,1,0,0,0,1
459.2723,0,0,0,1.163443E-06,4.529047E-07,9.079813E-06,1,1,0.07105278,0.7416701,-0.07957652,0.662227,0,0,0,0,246.274,282.4565,690.0114,0,1,0,0,0,5.018261E-09,8.839849E-10,4.052823E-08,1,1,0,0,0,1,1,0,0,0,0,0,0,0,1,1,0,0,0,1
459.3222,0,0,0,1.172364E-06,4.544762E-07,9.151863E-06,1,1,0.07105278,0.7416701,-0.07957652,0.662227,0,0,0,0,251.3,288.2209,704.0933,0,1,0,0,0,3.903092E-09,6.875438E-10,3.152196E-08,1,1,0,0,0,1,1,0,0,0,0,0,0,0,1,1,0,0,0,1
459.3728,0,0,0,1.181843E-06,4.561459E-07,9.228417E-06,1,1,0.07105278,0.7416701,-0.07957652,0.662227,0,0,0,0,256.326,293.9853,718.1751,0,1,0,0,0,4.460677E-09,7.857643E-10,3.60251E-08,1,1,0,0,0,1,1,0,0,0,0,0,0,0,1,1,0,0,0,1
459.4229,0,0,0,1.190765E-06,4.577174E-07,9.300466E-06,1,1,0.07105278,0.7416701,-0.07957652,0.662227,0,0,0,0,246.274,282.4565,690.0114,0,1,0,0,0,4.460677E-09,7.857643E-10,3.60251E-08,1,1,0,0,0,1,1,0,0,0,0,0,0,0,1,1,0,0,0,1
459.4729,0,0,0,1.200244E-06,4.593872E-07,9.37702E-06,1,1,0.07105278,0.7416701,-0.07957652,0.662227,0,0,0,0,231.196,265.1632,647.7659,0,1,0,0,0,4.460677E-09,7.857643E-10,3.60251E-08,1,1,0,0,0,1,1,0,0,0,0,0,0,0,1,1,0,0,0,1
459.5221,0,0,0,1.208608E-06,4.608605E-07,9.444568E-06,1,1,0.07105278,0.7416701,-0.07957652,0.662227,0,0,0,0,246.274,282.4565,690.0114,0,1,0,0,0,3.903092E-09,6.875438E-10,3.152196E-08,1,1,0,0,0,1,1,0,0,0,0,0,0,0,1,1,0,0,0,1
459.5724,0,0,0,1.216972E-06,4.623338E-07,9.512114E-06,1,1,0.07105278,0.7416701,-0.07957652,0.662227,0,0,0,0,266.378,305.5141,746.3388,0,1,0,0,0,3.903092E-09,6.875438E-10,3.152196E-08,1,1,0,0,0,1,1,0,0,0,0,0,0,0,1,1,0,0,0,1
459.6221,0,0,0,1.228124E-06,4.642982E-07,9.602177E-06,1,1,0.07105278,0.7416701,-0.07957652,0.662227,0,0,0,0,246.274,282.4565,690.0114,0,1,0,0,0,5.575846E-09,9.822054E-10,4.503137E-08,1,1,0,0,0,1,1,0,0,0,0,0,0,0,1,1,0,0,0,1
459.672,0,0,0,1.236488E-06,4.657715E-07,9.669722E-06,1,1,0.07105278,0.7416701,-0.07957652,0.662227,0,0,0,0,261.3519,299.7497,732.257,0,1,0,0,0,3.345508E-09,5.893233E-10,2.701882E-08,1,1,0,0,0,1,1,0,0,0,0,0,0,0,1,1,0,0,0,1
459.722,0,0,0,1.245409E-06,4.673431E-07,9.741772E-06,1,1,0.07105278,0.7416701,-0.07957652,0.662227,0,0,0,0,251.2999,288.2209,704.0933,0,1,0,0,0,5.018261E-09,8.839849E-10,4.052823E-08,1,1,0,0,0,1,1,0,0,0,0,0,0,0,1,1,0,0,0,1
459.7728,0,0,0,1.255446E-06,4.69111E-07,9.822827E-06,1,1,0.07105278,0.7416701,-0.07957652,0.662227,0,0,0,0,261.352,299.7497,732.257,0,1,0,0,0,5.018261E-09,8.839849E-10,4.052823E-08,1,1,0,0,0,1,1,0,0,0,0,0,0,0,1,1,0,0,0,1
459.8227,0,0,0,1.264367E-06,4.706825E-07,9.894877E-06,1,1,0.07105278,0.7416701,-0.07957652,0.662227,0,0,0,0,256.326,293.9853,718.1751,0,1,0,0,0,4.460677E-09,7.857643E-10,3.60251E-08,1,1,0,0,0,1,1,0,0,0,0,0,0,0,1,1,0,0,0,1
459.8724,0,0,0,1.273288E-06,4.72254E-07,9.966927E-06,1,1,0.07105278,0.7416701,-0.07957652,0.662227,0,0,0,0,261.352,299.7497,732.257,0,1,0,0,0,4.460677E-09,7.857643E-10,3.60251E-08,1,1,0,0,0,1,1,0,0,0,0,0,0,0,1,1,0,0,0,1
459.9226,0,0,0,1.282767E-06,4.739239E-07,1.004348E-05,1,1,0.07105278,0.7416701,-0.07957652,0.662227,0,0,0,0,266.378,305.5141,746.3388,0,1,0,0,0,4.460677E-09,7.857643E-10,3.60251E-08,1,1,0,0,0,1,1,0,0,0,0,0,0,0,1,1,0,0,0,1
459.9726,0,0,0,1.291689E-06,4.754955E-07,1.011553E-05,1,1,0.07105278,0.7416701,-0.07957652,0.662227,0,0,0,0,266.3779,305.5141,746.3388,0,1,0,0,0,4.460677E-09,7.857643E-10,3.60251E-08,1,1,0,0,0,1,1,0,0,0,0,0,0,0,1,1,0,0,0,1
460.022,0,0,0,1.301168E-06,4.771653E-07,1.019208E-05,1,1,0.07105278,0.7416701,-0.07957652,0.662227,0,0,0,0,261.3519,299.7497,732.257,0,1,0,0,0,4.460677E-09,7.857643E-10,3.60251E-08,1,1,0,0,0,1,1,0,0,0,0,0,0,0,1,1,0,0,0,1
460.0729,0,0,0,1.310089E-06,4.787369E-07,1.026413E-05,1,1,0.07105278,0.7416701,-0.07957652,0.662227,0,0,0,0,271.4039,311.2785,760.4207,0,1,0,0,0,4.460677E-09,7.857643E-10,3.60251E-08,1,1,0,0,0,1,1,0,0,0,0,0,0,0,1,1,0,0,0,1
460.122,0,0,0,1.319011E-06,4.803085E-07,1.033618E-05,1,1,0.07105278,0.7416701,-0.07957652,0.662227,0,0,0,0,261.3519,299.7497,732.257,0,1,0,0,0,3.903092E-09,6.875438E-10,3.152196E-08,1,1,0,0,0,1,1,0,0,0,0,0,0,0,1,1,0,0,0,1
460.1727,0,0,0,1.327932E-06,4.818801E-07,1.040823E-05,1,1,0.07105278,0.7416701,-0.07957652,0.662227,0,0,0,0,266.3779,305.5141,746.3388,0,1,0,0,0,4.460677E-09,7.857643E-10,3.60251E-08,1,1,0,0,0,1,1,0,0,0,0,0,0,0,1,1,0,0,0,1
460.2222,0,0,0,1.336854E-06,4.834517E-07,1.048028E-05,1,1,0.07105278,0.7416701,-0.07957652,0.662227,0,0,0,0,241.2479,276.692,675.9296,0,1,0,0,0,4.460677E-09,7.857643E-10,3.60251E-08,1,1,0,0,0,1,1,0,0,0,0,0,0,0,1,1,0,0,0,1
460.2727,0,0,0,1.345775E-06,4.850233E-07,1.055233E-05,1,1,0.07105278,0.7416701,-0.07957652,0.662227,0,0,0,0,251.2999,288.2209,704.0933,0,1,0,0,0,3.903092E-09,6.875438E-10,3.152196E-08,1,1,0,0,0,1,1,0,0,0,0,0,0,0,1,1,0,0,0,1
460.3228,0,0,0,1.354139E-06,4.864967E-07,1.061988E-05,1,1,0.07105278,0.7416701,-0.07957652,0.662227,0,0,0,0,246.2739,282.4565,690.0114,0,1,0,0,0,3.903092E-09,6.875438E-10,3.152196E-08,1,1,0,0,0,1,1,0,0,0,0,0,0,0,1,1,0,0,0,1
460.3727,0,0,0,1.364176E-06,4.882647E-07,1.070094E-05,1,1,0.07105278,0.7416701,-0.07957652,0.662227,0,0,0,0,261.3519,299.7497,732.257,0,1,0,0,0,5.018261E-09,8.839849E-10,4.052823E-08,1,1,0,0,0,1,1,0,0,0,0,0,0,0,1,1,0,0,0,1
460.4224,0,0,0,1.371982E-06,4.896399E-07,1.076398E-05,1,1,0.07105278,0.7416701,-0.07957652,0.662227,0,0,0,0,251.2999,288.2209,704.0933,0,1,0,0,0,3.903092E-09,6.875438E-10,3.152196E-08,1,1,0,0,0,1,1,0,0,0,0,0,0,0,1,1,0,0,0,1
460.4727,0,0,0,1.381461E-06,4.913097E-07,1.084053E-05,1,1,0.07105278,0.7416701,-0.07957652,0.662227,0,0,0,0,251.2999,288.2209,704.0933,0,1,0,0,0,4.460677E-09,7.857643E-10,3.60251E-08,1,1,0,0,0,1,1,0,0,0,0,0,0,0,1,1,0,0,0,1
460.5225,0,0,0,1.391498E-06,4.930778E-07,1.092159E-05,1,1,0.07105278,0.7416701,-0.07957652,0.662227,0,0,0,0,266.3779,305.5141,746.3388,0,1,0,0,0,5.018261E-09,8.839849E-10,4.052823E-08,1,1,0,0,0,1,1,0,0,0,0,0,0,0,1,1,0,0,0,1
460.5727,0,0,0,1.400419E-06,4.946494E-07,1.099364E-05,1,1,0.07105278,0.7416701,-0.07957652,0.662227,0,0,0,0,266.3779,305.5141,746.3388,0,1,0,0,0,5.018261E-09,8.839849E-10,4.052823E-08,1,1,0,0,0,1,1,0,0,0,0,0,0,0,1,1,0,0,0,1
460.6227,0,0,0,1.407668E-06,4.959263E-07,1.105218E-05,1,1,0.07105278,0.7416701,-0.07957652,0.662227,0,0,0,0,266.3779,305.5141,746.3388,0,1,0,0,0,4.460677E-09,7.857643E-10,3.60251E-08,1,1,0,0,0,1,1,0,0,0,0,0,0,0,1,1,0,0,0,1
460.6726,0,0,0,1.419935E-06,4.980873E-07,1.115125E-05,1,1,0.07105278,0.7416701,-0.07957652,0.662227,0,0,0,0,261.3519,299.7497,732.257,0,1,0,0,0,4.460677E-09,7.857643E-10,3.60251E-08,1,1,0,0,0,1,1,0,0,0,0,0,0,0,1,1,0,0,0,1
460.7226,0,0,0,1.428299E-06,4.995607E-07,1.12188E-05,1,1,0.07105278,0.7416701,-0.07957652,0.662227,0,0,0,0,261.3519,299.7497,732.257,0,1,0,0,0,3.903092E-09,6.875438E-10,3.152196E-08,1,1,0,0,0,1,1,0,0,0,0,0,0,0,1,1,0,0,0,1
460.7736,0,0,0,1.43722E-06,5.011323E-07,1.129085E-05,1,1,0.07105278,0.7416701,-0.07957652,0.662227,0,0,0,0,211.0919,242.1056,591.4385,0,1,0,0,0,3.903092E-09,6.875438E-10,3.152196E-08,1,1,0,0,0,1,1,0,0,0,0,0,0,0,1,1,0,0,0,1
460.8235,0,0,0,1.446699E-06,5.028021E-07,1.136741E-05,1,1,0.07105278,0.7416701,-0.07957652,0.662227,0,0,0,0,251.2999,288.2209,704.0933,0,1,0,0,0,4.460677E-09,7.857643E-10,3.60251E-08,1,1,0,0,0,1,1,0,0,0,0,0,0,0,1,1,0,0,0,1
460.873,0,0,0,1.455621E-06,5.043737E-07,1.143946E-05,1,1,0.07105278,0.7416701,-0.07957652,0.662227,0,0,0,0,256.3259,293.9853,718.1751,0,1,0,0,0,4.460677E-09,7.857643E-10,3.60251E-08,1,1,0,0,0,1,1,0,0,0,0,0,0,0,1,1,0,0,0,1
460.923,0,0,0,1.463984E-06,5.058471E-07,1.1507E-05,1,1,0.07105278,0.7416701,-0.07957652,0.662227,0,0,0,0,251.2999,288.2209,704.0933,0,1,0,0,0,3.345508E-09,5.893233E-10,2.701882E-08,1,1,0,0,0,1,1,0,0,0,0,0,0,0,1,1,0,0,0,1
460.9734,0,0,0,1.472906E-06,5.074187E-07,1.157905E-05,1,1,0.07105278,0.7416701,-0.07957652,0.662227,0,0,0,0,266.3779,305.5141,746.3383,0,1,0,0,0,4.460677E-09,7.857643E-10,3.60251E-08,1,1,0,0,0,1,1,0,0,0,0,0,0,0,1,1,0,0,0,1
461.0236,0,0,0,1.482385E-06,5.090885E-07,1.165561E-05,1,1,0.07105278,0.7416701,-0.07957652,0.662227,0,0,0,0,266.3779,305.5141,746.3383,0,1,0,0,0,4.460677E-09,7.857643E-10,3.60251E-08,1,1,0,0,0,1,1,0,0,0,0,0,0,0,1,1,0,0,0,1
461.0727,0,0,0,1.491306E-06,5.106601E-07,1.172766E-05,1,1,0.07105278,0.7416701,-0.07957652,0.662227,0,0,0,0,261.3519,299.7497,732.2564,0,1,0,0,0,4.460677E-09,7.857643E-10,3.60251E-08,1,1,0,0,0,1,1,0,0,0,0,0,0,0,1,1,0,0,0,1
461.1235,0,0,0,1.500785E-06,5.1233E-07,1.180421E-05,1,1,0.07105278,0.7416701,-0.07957652,0.662227,0,0,0,0,271.4039,311.2785,760.4201,0,1,0,0,0,4.460677E-09,7.857643E-10,3.60251E-08,1,1,0,0,0,1,1,0,0,0,0,0,0,0,1,1,0,0,0,1
461.1736,0,0,0,1.510822E-06,5.14098E-07,1.188526E-05,1,1,0.07105278,0.7416701,-0.07957652,0.662227,0,0,0,0,266.3779,305.5141,746.3383,0,1,0,0,0,5.018261E-09,8.839849E-10,4.052823E-08,1,1,0,0,0,1,1,0,0,0,0,0,0,0,1,1,0,0,0,1
461.2233,0,0,0,1.519743E-06,5.156696E-07,1.195731E-05,1,1,0.07105278,0.7416701,-0.07957652,0.662227,0,0,0,0,266.3779,305.5141,746.3383,0,1,0,0,0,4.460677E-09,7.857643E-10,3.60251E-08,1,1,0,0,0,1,1,0,0,0,0,0,0,0,1,1,0,0,0,1
461.2729,0,0,0,1.529222E-06,5.173395E-07,1.203387E-05,1,1,0.07105278,0.7416701,-0.07957652,0.662227,0,0,0,0,266.3779,305.5141,746.3383,0,1,0,0,0,4.460677E-09,7.857643E-10,3.60251E-08,1,1,0,0,0,1,1,0,0,0,0,0,0,0,1,1,0,0,0,1
461.3236,0,0,0,1.538144E-06,5.189111E-07,1.210592E-05,1,1,0.07105278,0.7416701,-0.07957652,0.662227,0,0,0,0,271.4039,311.2785,760.4201,0,1,0,0,0,3.903092E-09,6.875438E-10,3.152196E-08,1,1,0,0,0,1,1,0,0,0,0,0,0,0,1,1,0,0,0,1
461.3727,0,0,0,1.547065E-06,5.204827E-07,1.217797E-05,1,1,0.07105278,0.7416701,-0.07957652,0.662227,0,0,0,0,261.3519,299.7497,732.2564,0,1,0,0,0,4.460677E-09,7.857643E-10,3.60251E-08,1,1,0,0,0,1,1,0,0,0,0,0,0,0,1,1,0,0,0,1
461.4231,0,0,0,1.556545E-06,5.221525E-07,1.225452E-05,1,1,0.07105278,0.7416701,-0.07957652,0.662227,0,0,0,0,266.3779,305.5141,746.3383,0,1,0,0,0,4.460677E-09,7.857643E-10,3.60251E-08,1,1,0,0,0,1,1,0,0,0,0,0,0,0,1,1,0,0,0,1
461.4729,0,0,0,1.566024E-06,5.238223E-07,1.233107E-05,1,1,0.07105278,0.7416701,-0.07957652,0.662227,0,0,0,0,261.3519,299.7496,732.2564,0,1,0,0,0,4.460677E-09,7.857643E-10,3.60251E-08,1,1,0,0,0,1,1,0,0,0,0,0,0,0,1,1,0,0,0,1
461.5236,0,0,0,1.574388E-06,5.252957E-07,1.239862E-05,1,1,0.07105278,0.7416701,-0.07957652,0.662227,0,0,0,0,266.3779,305.514,746.3383,0,1,0,0,0,3.903092E-09,6.875438E-10,3.152196E-08,1,1,0,0,0,1,1,0,0,0,0,0,0,0,1,1,0,0,0,1
461.5735,0,0,0,1.583867E-06,5.269656E-07,1.247517E-05,1,1,0.07105278,0.7416701,-0.07957652,0.662227,0,0,0,0,261.3519,299.7496,732.2564,0,1,0,0,0,4.460677E-09,7.857643E-10,3.60251E-08,1,1,0,0,0,1,1,0,0,0,0,0,0,0,1,1,0,0,0,1
461.6233,0,0,0,1.592789E-06,5.285372E-07,1.254722E-05,1,1,0.07105278,0.7416701,-0.07957652,0.662227,0,0,0,0,261.3519,299.7496,732.2564,0,1,0,0,0,4.460677E-09,7.857643E-10,3.60251E-08,1,1,0,0,0,1,1,0,0,0,0,0,0,0,1,1,0,0,0,1
461.6727,0,0,0,1.60171E-06,5.301088E-07,1.261927E-05,1,1,0.07105278,0.7416701,-0.07957652,0.662227,0,0,0,0,261.3519,299.7496,732.2564,0,1,0,0,0,4.460677E-09,7.857643E-10,3.60251E-08,1,1,0,0,0,1,1,0,0,0,0,0,0,0,1,1,0,0,0,1
461.7227,0,0,0,1.612304E-06,5.31975E-07,1.270483E-05,1,1,0.07105278,0.7416701,-0.07957652,0.662227,0,0,0,0,266.3779,305.514,746.3383,0,1,0,0,0,5.018261E-09,8.839849E-10,4.052823E-08,1,1,0,0,0,1,1,0,0,0,0,0,0,0,1,1,0,0,0,1
461.7728,0,0,0,1.621226E-06,5.335467E-07,1.277688E-05,1,1,0.07105278,0.7416701,-0.07957652,0.662227,0,0,0,0,266.3779,305.514,746.3383,0,1,0,0,0,4.460677E-09,7.857643E-10,3.60251E-08,1,1,0,0,0,1,1,0,0,0,0,0,0,0,1,1,0,0,0,1
461.8233,0,0,0,1.630705E-06,5.352165E-07,1.285343E-05,1,1,0.07105278,0.7416701,-0.07957652,0.662227,0,0,0,0,261.3519,299.7496,732.2564,0,1,0,0,0,4.460677E-09,7.857643E-10,3.60251E-08,1,1,0,0,0,1,1,0,0,0,0,0,0,0,1,1,0,0,0,1
461.8728,0,0,0,1.640184E-06,5.368863E-07,1.292999E-05,1,1,0.07105278,0.7416701,-0.07957652,0.662227,0,0,0,0,256.3259,293.9852,718.1746,0,1,0,0,0,4.460677E-09,7.857643E-10,3.60251E-08,1,1,0,0,0,1,1,0,0,0,0,0,0,0,1,1,0,0,0,1
461.9231,0,0,0,1.649106E-06,5.384579E-07,1.300204E-05,1,1,0.07105278,0.7416701,-0.07957652,0.662227,0,0,0,0,261.3519,299.7496,732.2564,0,1,0,0,0,4.460677E-09,7.857643E-10,3.60251E-08,1,1,0,0,0,1,1,0,0,0,0,0,0,0,1,1,0,0,0,1
461.973,0,0,0,1.658027E-06,5.400295E-07,1.307409E-05,1,1,0.07105278,0.7416701,-0.07957652,0.662227,0,0,0,0,256.3259,293.9852,718.1746,0,1,0,0,0,3.903092E-09,6.875438E-10,3.152196E-08,1,1,0,0,0,1,1,0,0,0,0,0,0,0,1,1,0,0,0,1
462.0229,0,0,0,1.666391E-06,5.415029E-07,1.314163E-05,1,1,0.07105278,0.7416701,-0.07957652,0.662227,0,0,0,0,256.3259,293.9852,718.1746,0,1,0,0,0,3.903092E-09,6.875438E-10,3.152196E-08,1,1,0,0,0,1,1,0,0,0,0,0,0,0,1,1,0,0,0,1
462.0735,0,0,0,1.676428E-06,5.43271E-07,1.322269E-05,1,1,0.07105278,0.7416701,-0.07957652,0.662227,0,0,0,0,261.3519,299.7496,732.2564,0,1,0,0,0,5.018261E-09,8.839849E-10,4.052823E-08,1,1,0,0,0,1,1,0,0,0,0,0,0,0,1,1,0,0,0,1
462.1231,0,0,0,1.684792E-06,5.447444E-07,1.329024E-05,1,1,0.07105278,0.7416701,-0.07957652,0.662227,0,0,0,0,256.3259,293.9852,718.1746,0,1,0,0,0,3.903092E-09,6.875438E-10,3.152196E-08,1,1,0,0,0,1,1,0,0,0,0,0,0,0,1,1,0,0,0,1
462.1729,0,0,0,1.694271E-06,5.464142E-07,1.336679E-05,1,1,0.07105278,0.7416701,-0.07957652,0.662227,0,0,0,0,251.2999,288.2208,704.0927,0,1,0,0,0,4.460677E-09,7.857643E-10,3.60251E-08,1,1,0,0,0,1,1,0,0,0,0,0,0,0,1,1,0,0,0,1
462.2236,0,0,0,1.703193E-06,5.479858E-07,1.343884E-05,1,1,0.07105278,0.7416701,-0.07957652,0.662227,0,0,0,0,251.2999,288.2208,704.0927,0,1,0,0,0,3.903092E-09,6.875438E-10,3.152196E-08,1,1,0,0,0,1,1,0,0,0,0,0,0,0,1,1,0,0,0,1
462.2729,0,0,0,1.712114E-06,5.495574E-07,1.351089E-05,1,1,0.07105278,0.7416701,-0.07957652,0.662227,0,0,0,0,246.2739,282.4564,690.0109,0,1,0,0,0,4.460677E-09,7.857643E-10,3.60251E-08,1,1,0,0,0,1,1,0,0,0,0,0,0,0,1,1,0,0,0,1
462.3236,0,0,0,1.722151E-06,5.513255E-07,1.359195E-05,1,1,0.07105278,0.7416701,-0.07957652,0.662227,0,0,0,0,246.2739,282.4564,690.0109,0,1,0,0,0,5.018261E-09,8.839849E-10,4.052823E-08,1,1,0,0,0,1,1,0,0,0,0,0,0,0,1,1,0,0,0,1
462.3729,0,0,0,1.731073E-06,5.528971E-07,1.3664E-05,1,1,0.07105278,0.7416701,-0.07957652,0.662227,0,0,0,0,251.2999,288.2208,704.0927,0,1,0,0,0,4.460677E-09,7.857643E-10,3.60251E-08,1,1,0,0,0,1,1,0,0,0,0,0,0,0,1,1,0,0,0,1
462.4228,0,0,0,1.740552E-06,5.545669E-07,1.374055E-05,1,1,0.07105278,0.7416701,-0.07957652,0.662227,0,0,0,0,256.3259,293.9852,718.1746,0,1,0,0,0,4.460677E-09,7.857643E-10,3.60251E-08,1,1,0,0,0,1,1,0,0,0,0,0,0,0,1,1,0,0,0,1
462.4736,0,0,0,1.750031E-06,5.562367E-07,1.38171E-05,1,1,0.07105278,0.7416701,-0.07957652,0.662227,0,0,0,0,256.3259,293.9852,718.1746,0,1,0,0,0,4.460677E-09,7.857643E-10,3.60251E-08,1,1,0,0,0,1,1,0,0,0,0,0,0,0,1,1,0,0,0,1
462.5234,0,0,0,1.758395E-06,5.577101E-07,1.388465E-05,1,1,0.07105278,0.7416701,-0.07957652,0.662227,0,0,0,0,246.2739,282.4564,690.0109,0,1,0,0,0,3.903092E-09,6.875438E-10,3.152196E-08,1,1,0,0,0,1,1,0,0,0,0,0,0,0,1,1,0,0,0,1
462.5729,0,0,0,1.764529E-06,5.587906E-07,1.393418E-05,1,1,0.07105278,0.7416701,-0.07957652,0.662227,0,0,0,0,241.2479,276.692,675.929,0,1,0,0,0,2.787923E-09,4.911027E-10,2.251569E-08,1,1,0,0,0,1,1,0,0,0,0,0,0,0,1,1,0,0,0,1
462.623,0,0,0,1.775123E-06,5.606568E-07,1.401974E-05,1,1,0.07105278,0.7416701,-0.07957652,0.662227,0,0,0,0,246.2739,282.4564,690.0109,0,1,0,0,0,5.018261E-09,8.839849E-10,4.052823E-08,1,1,0,0,0,1,1,0,0,0,0,0,0,0,1,1,0,0,0,1
462.6733,0,0,0,1.783487E-06,5.621301E-07,1.408729E-05,1,1,0.07105278,0.7416701,-0.07957652,0.662227,0,0,0,0,246.2739,282.4564,690.0109,0,1,0,0,0,4.460677E-09,7.857643E-10,3.60251E-08,1,1,0,0,0,1,1,0,0,0,0,0,0,0,1,1,0,0,0,1
462.7232,0,0,0,1.796312E-06,5.643891E-07,1.419086E-05,1,1,0.07105278,0.7416701,-0.07957652,0.662227,0,0,0,0,241.2479,276.692,675.929,0,1,0,0,0,6.133431E-09,1.080426E-09,4.95345E-08,1,1,0,0,0,1,1,0,0,0,0,0,0,0,1,1,0,0,0,1
462.7729,0,0,0,1.805791E-06,5.660589E-07,1.426742E-05,1,1,0.07105278,0.7416701,-0.07957652,0.662227,0,0,0,0,246.2739,282.4564,690.0109,0,1,0,0,0,5.018261E-09,8.839849E-10,4.052823E-08,1,1,0,0,0,1,1,0,0,0,0,0,0,0,1,1,0,0,0,1
462.8235,0,0,0,1.816386E-06,5.679252E-07,1.435297E-05,1,1,0.07105278,0.7416701,-0.07957652,0.662227,0,0,0,0,246.2739,282.4564,690.0109,0,1,0,0,0,5.018261E-09,8.839849E-10,4.052823E-08,1,1,0,0,0,1,1,0,0,0,0,0,0,0,1,1,0,0,0,1
462.8731,0,0,0,1.825865E-06,5.69595E-07,1.442953E-05,1,1,0.07105278,0.7416701,-0.07957652,0.662227,0,0,0,0,231.1959,265.1631,647.7653,0,1,0,0,0,5.018261E-09,8.839849E-10,4.052823E-08,1,1,0,0,0,1,1,0,0,0,0,0,0,0,1,1,0,0,0,1
462.9235,0,0,0,1.835344E-06,5.712649E-07,1.450608E-05,1,1,0.07105278,0.7416701,-0.07957652,0.662227,0,0,0,0,241.2479,276.692,675.929,0,1,0,0,0,4.460677E-09,7.857643E-10,3.60251E-08,1,1,0,0,0,1,1,0,0,0,0,0,0,0,1,1,0,0,0,1
462.9735,0,0,0,1.844823E-06,5.729347E-07,1.458264E-05,1,1,0.07105278,0.7416701,-0.07957652,0.662227,0,0,0,0,251.2999,288.2208,704.0927,0,1,0,0,0,5.018261E-09,8.839849E-10,4.052823E-08,1,1,0,0,0,1,1,0,0,0,0,0,0,0,1,1,0,0,0,1
463.0228,0,0,0,1.854302E-06,5.746045E-07,1.465919E-05,1,1,0.07105278,0.7416701,-0.07957652,0.662227,0,0,0,0,241.2479,276.692,675.929,0,1,0,0,0,5.018261E-09,8.839849E-10,4.052823E-08,1,1,0,0,0,1,1,0,0,0,0,0,0,0,1,1,0,0,0,1
463.0735,0,0,0,1.864339E-06,5.763725E-07,1.474025E-05,1,1,0.07105278,0.7416701,-0.07957652,0.662227,0,0,0,0,251.2999,288.2207,704.0927,0,1,0,0,0,5.018261E-09,8.839849E-10,4.052823E-08,1,1,0,0,0,1,1,0,0,0,0,0,0,0,1,1,0,0,0,1
463.1246,0,0,0,1.873819E-06,5.780423E-07,1.48168E-05,1,1,0.07105278,0.7416701,-0.07957652,0.662227,0,0,0,0,165.8578,190.2257,464.7013,0,1,0,0,0,4.460677E-09,7.857643E-10,3.60251E-08,1,1,0,0,0,1,1,0,0,0,0,0,0,0,1,1,0,0,0,1
463.1744,0,0,0,1.88274E-06,5.796139E-07,1.488885E-05,1,1,0.07105278,0.7416701,-0.07957652,0.662227,0,0,0,0,266.3779,305.5139,746.3383,0,1,0,0,0,4.460677E-09,7.857643E-10,3.60251E-08,1,1,0,0,0,1,1,0,0,0,0,0,0,0,1,1,0,0,0,1
463.2244,0,0,0,1.892777E-06,5.81382E-07,1.496991E-05,1,1,0.07105278,0.7416701,-0.07957652,0.662227,0,0,0,0,266.3779,305.5139,746.3383,0,1,0,0,0,5.018261E-09,8.839849E-10,4.052823E-08,1,1,0,0,0,1,1,0,0,0,0,0,0,0,1,1,0,0,0,1
463.2737,0,0,0,1.901699E-06,5.829536E-07,1.504196E-05,1,1,0.07105278,0.7416701,-0.07957652,0.662227,0,0,0,0,256.3259,293.9852,718.1746,0,1,0,0,0,4.460677E-09,7.857643E-10,3.60251E-08,1,1,0,0,0,1,1,0,0,0,0,0,0,0,1,1,0,0,0,1
463.3246,0,0,0,1.91062E-06,5.845252E-07,1.511401E-05,1,1,0.07105278,0.7416701,-0.07957652,0.662227,0,0,0,0,266.3779,305.514,746.3383,0,1,0,0,0,3.903092E-09,6.875438E-10,3.152196E-08,1,1,0,0,0,1,1,0,0,0,0,0,0,0,1,1,0,0,0,1
463.3742,0,0,0,1.920099E-06,5.86195E-07,1.519056E-05,1,1,0.07105278,0.7416701,-0.07957652,0.662227,0,0,0,0,266.3779,305.514,746.3383,0,1,0,0,0,5.018261E-09,8.839849E-10,4.052823E-08,1,1,0,0,0,1,1,0,0,0,0,0,0,0,1,1,0,0,0,1
463.4241,0,0,0,1.929578E-06,5.878649E-07,1.526711E-05,1,1,0.07105278,0.7416701,-0.07957652,0.662227,0,0,0,0,266.3779,305.5139,746.3383,0,1,0,0,0,4.460677E-09,7.857643E-10,3.60251E-08,1,1,0,0,0,1,1,0,0,0,0,0,0,0,1,1,0,0,0,1
463.4738,0,0,0,1.937942E-06,5.893382E-07,1.533466E-05,1,1,0.07105278,0.7416701,-0.07957652,0.662227,0,0,0,0,266.3779,305.5139,746.3383,0,1,0,0,0,3.903092E-09,6.875438E-10,3.152196E-08,1,1,0,0,0,1,1,0,0,0,0,0,0,0,1,1,0,0,0,1
463.5239,0,0,0,1.946306E-06,5.908116E-07,1.540221E-05,1,1,0.07105278,0.7416701,-0.07957652,0.662227,0,0,0,0,266.3779,305.5139,746.3383,0,1,0,0,0,3.903092E-09,6.875438E-10,3.152196E-08,1,1,0,0,0,1,1,0,0,0,0,0,0,0,1,1,0,0,0,1
463.5741,0,0,0,1.955227E-06,5.923832E-07,1.547426E-05,1,1,0.07105278,0.7416701,-0.07957652,0.662227,0,0,0,0,266.3779,305.5139,746.3383,0,1,0,0,0,4.460677E-09,7.857643E-10,3.60251E-08,1,1,0,0,0,1,1,0,0,0,0,0,0,0,1,1,0,0,0,1
463.6246,0,0,0,1.964149E-06,5.939548E-07,1.554631E-05,1,1,0.07105278,0.7416701,-0.07957652,0.662227,0,0,0,0,266.3779,305.5139,746.3383,0,1,0,0,0,3.903092E-09,6.875438E-10,3.152196E-08,1,1,0,0,0,1,1,0,0,0,0,0,0,0,1,1,0,0,0,1
463.6743,0,0,0,1.972513E-06,5.954282E-07,1.561386E-05,1,1,0.07105278,0.7416701,-0.07957652,0.662227,0,0,0,0,271.4039,311.2784,760.4201,0,1,0,0,0,3.903092E-09,6.875438E-10,3.152196E-08,1,1,0,0,0,1,1,0,0,0,0,0,0,0,1,1,0,0,0,1
463.7244,0,0,0,1.981992E-06,5.970981E-07,1.569042E-05,1,1,0.07105278,0.7416701,-0.07957652,0.662227,0,0,0,0,276.4299,317.0428,774.502,0,1,0,0,0,4.460677E-09,7.857643E-10,3.60251E-08,1,1,0,0,0,1,1,0,0,0,0,0,0,0,1,1,0,0,0,1
463.7745,0,0,0,1.99147E-06,5.987679E-07,1.576697E-05,1,1,0.07105278,0.7416701,-0.07957652,0.662227,0,0,0,0,271.4039,311.2784,760.4201,0,1,0,0,0,4.460677E-09,7.857643E-10,3.60251E-08,1,1,0,0,0,1,1,0,0,0,0,0,0,0,1,1,0,0,0,1
463.8241,0,0,0,2.000949E-06,6.004377E-07,1.584352E-05,1,1,0.07105278,0.7416701,-0.07957652,0.662227,0,0,0,0,221.1439,253.6343,619.6016,0,1,0,0,0,5.018261E-09,8.839849E-10,4.052823E-08,1,1,0,0,0,1,1,0,0,0,0,0,0,0,1,1,0,0,0,1
463.8737,0,0,0,2.010986E-06,6.022058E-07,1.592458E-05,1,1,0.07105278,0.7416701,-0.07957652,0.662227,0,0,0,0,256.3259,293.9851,718.1746,0,1,0,0,0,5.018261E-09,8.839849E-10,4.052823E-08,1,1,0,0,0,1,1,0,0,0,0,0,0,0,1,1,0,0,0,1
463.9242,0,0,0,2.01935E-06,6.036792E-07,1.599213E-05,1,1,0.07105278,0.7416701,-0.07957652,0.662227,0,0,0,0,261.3519,299.7495,732.2564,0,1,0,0,0,3.903092E-09,6.875438E-10,3.152196E-08,1,1,0,0,0,1,1,0,0,0,0,0,0,0,1,1,0,0,0,1
463.9742,0,0,0,2.028829E-06,6.05349E-07,1.606868E-05,1,1,0.07105278,0.7416701,-0.07957652,0.662227,0,0,0,0,251.2999,288.2207,704.0927,0,1,0,0,0,4.460677E-09,7.857643E-10,3.60251E-08,1,1,0,0,0,1,1,0,0,0,0,0,0,0,1,1,0,0,0,1
464.0238,0,0,0,2.03775E-06,6.069206E-07,1.614073E-05,1,1,0.07105278,0.7416701,-0.07957652,0.662227,0,0,0,0,251.2999,288.2207,704.0927,0,1,0,0,0,4.460677E-09,7.857643E-10,3.60251E-08,1,1,0,0,0,1,1,0,0,0,0,0,0,0,1,1,0,0,0,1
464.0741,0,0,0,2.047229E-06,6.085904E-07,1.621729E-05,1,1,0.07105278,0.7416701,-0.07957652,0.662227,0,0,0,0,256.3259,293.9851,718.1746,0,1,0,0,0,4.460677E-09,7.857643E-10,3.60251E-08,1,1,0,0,0,1,1,0,0,0,0,0,0,0,1,1,0,0,0,1
464.124,0,0,0,2.05615E-06,6.10162E-07,1.628934E-05,1,1,0.07105278,0.7416701,-0.07957652,0.662227,0,0,0,0,256.3259,293.9851,718.1746,0,1,0,0,0,4.460677E-09,7.857643E-10,3.60251E-08,1,1,0,0,0,1,1,0,0,0,0,0,0,0,1,1,0,0,0,1
464.1737,0,0,0,2.064514E-06,6.116354E-07,1.635689E-05,1,1,0.07105278,0.7416701,-0.07957652,0.662227,0,0,0,0,236.2219,270.9275,661.8472,0,1,0,0,0,3.903092E-09,6.875438E-10,3.152196E-08,1,1,0,0,0,1,1,0,0,0,0,0,0,0,1,1,0,0,0,1
464.224,0,0,0,2.073993E-06,6.133052E-07,1.643344E-05,1,1,0.07105278,0.7416701,-0.07957652,0.662227,0,0,0,0,261.3519,299.7495,732.2564,0,1,0,0,0,4.460677E-09,7.857643E-10,3.60251E-08,1,1,0,0,0,1,1,0,0,0,0,0,0,0,1,1,0,0,0,1
464.2737,0,0,0,2.082914E-06,6.148769E-07,1.650549E-05,1,1,0.07105278,0.7416701,-0.07957652,0.662227,0,0,0,0,211.0918,242.1055,591.4379,0,1,0,0,0,4.460677E-09,7.857643E-10,3.60251E-08,1,1,0,0,0,1,1,0,0,0,0,0,0,0,1,1,0,0,0,1
464.3251,0,0,0,2.089212E-06,6.158502E-07,1.65597E-05,1,1,0.07105279,0.7416701,-0.07957653,0.662227,0,0,0,0,211.0918,242.1055,591.4379,0,1,0,0,0,2.787923E-09,4.911027E-10,2.251569E-08,1,1,-4.127416E-09,2.245668E-09,-2.526205E-09,1,1,0,0,0,0,0,0,0,1,1,0,0,0,1
464.3737,0,0,0,2.090441E-06,6.210466E-07,1.656715E-05,1,1,0.07056978,0.7402058,-0.07866616,0.6640233,0,0,0,0,241.2479,276.6919,675.929,0,1,0,0,0,0,0,0,1,1,-0.00724824,-0.005283641,0.003960142,0.9999545,1,0,0,0,0,0,0,0,1,1,0,0,0,1
464.424,0,0,0,2.090584E-06,6.169549E-07,1.656691E-05,1,1,0.06946262,0.7397265,-0.07728729,0.6648356,0,0,0,0,241.2479,276.6919,675.929,0,1,0,0,0,0,0,0,1,1,-0.00101555,0.002741875,0.002498258,0.9999917,1,0,0,0,0,0,0,0,1,1,0,0,0,1
464.4745,0,0,0,2.090468E-06,6.172256E-07,1.656151E-05,1,1,0.06771342,0.7397939,-0.07531026,0.6651679,0,0,0,0,241.2479,276.6919,675.929,0,1,0,0,0,0,0,0,1,1,0.001626452,0.0004360935,0.003534514,0.9999917,1,0,0,0,0,0,0,0,1,1,0,0,0,1
464.5245,0,0,0,2.092013E-06,6.187403E-07,1.657082E-05,1,1,0.0665293,0.7405447,-0.07413349,0.6645838,0,0,0,0,241.2479,276.6919,675.929,0,1,0,0,0,0,0,0,1,1,0.001253932,0.00534106,0.0009400332,0.9999836,1,0,0,0,0,0,0,0,1,1,0,0,0,1
464.5738,0,0,0,2.091547E-06,6.178341E-07,1.65677E-05,1,1,0.065574,0.7422829,-0.07343598,0.6628148,0,0,0,0,236.2219,270.9275,661.8472,0,1,0,0,0,0,0,0,1,1,-0.0002348804,0.002368592,-0.0005890107,0.9999981,1,0,0,0,0,0,0,0,1,1,0,0,0,1
464.6245,0,0,0,2.091547E-06,6.178341E-07,1.65677E-05,1,1,0.06507741,0.7436148,-0.07316691,0.661399,0,0,0,0,241.2479,276.6919,675.929,0,1,0,0,0,0,0,0,1,1,-0.0002871934,0.00243837,-0.0005421972,0.9999954,1,0,0,0,0,0,0,0,1,1,0,0,0,1
464.6746,0,0,0,2.091198E-06,6.185053E-07,1.657081E-05,1,1,0.06426482,0.7453434,-0.07261985,0.6595905,0,0,0,0,231.1959,265.1631,647.7653,0,1,0,0,0,0,0,0,1,1,-0.001991133,0.001947865,0.002265214,0.9999936,1,0,0,0,0,0,0,0,1,1,0,0,0,1
464.7247,0,0,0,2.093489E-06,6.126741E-07,1.657406E-05,1,1,0.06208478,0.7481748,-0.07072274,0.656794,0,0,0,0,226.1699,259.3987,633.6835,0,1,0,0,0,0,0,0,1,1,-0.0001203537,0.007844281,0.007378876,0.9999422,1,0,0,0,0,0,0,0,1,1,0,0,0,1
464.7742,0,0,0,2.095675E-06,6.357005E-07,1.658205E-05,1,1,0.06015396,0.7503754,-0.06895009,0.6546482,0,0,0,0,226.1699,259.3987,633.6835,0,1,0,0,0,0,0,0,1,1,0.0003774356,0.0005519866,0.001184925,0.9999974,1,0,0,0,0,0,0,0,1,1,0,0,0,1
464.8239,0,0,0,2.09555E-06,6.486529E-07,1.657234E-05,1,1,0.05448824,0.7577239,-0.06379731,0.6471596,0,0,0,0,231.1959,265.1631,647.7653,0,1,0,0,0,0,0,0,1,1,-0.01179059,0.02468089,0.01677591,0.9994876,1,0,0,0,0,0,0,0,1,1,0,0,0,1
464.8743,0,0,0,2.095506E-06,6.484414E-07,1.657138E-05,1,1,0.04979313,0.7648163,-0.05954542,0.6395553,0,0,0,0,236.2219,270.9275,661.8472,0,1,0,0,0,0,0,0,1,1,-0.001364186,0.01547933,0.006605171,0.999858,1,0,0,0,0,0,0,0,1,1,0,0,0,1
464.9239,0,0,0,2.095011E-06,6.531208E-07,1.657206E-05,1,1,0.04638533,0.7712904,-0.05658485,0.632264,0,0,0,0,231.1959,265.1631,647.7653,0,1,0,0,0,0,0,0,1,1,-0.0008548478,0.004863997,-0.0007874354,0.9999839,1,0,0,0,0,0,0,0,1,1,0,0,0,1
464.9745,0,0,0,2.096834E-06,6.557428E-07,1.65802E-05,1,1,0.04478492,0.7758425,-0.05542609,0.6268897,0,0,0,0,241.2479,276.6919,675.929,0,1,0,0,0,0,0,0,1,1,-0.001085332,0.001402325,-0.001683668,0.9999996,1,0,0,0,0,0,0,0,1,1,0,0,0,1
465.0243,0,0,0,2.097759E-06,6.57E-07,1.657671E-05,1,1,0.04352978,0.7801175,-0.05461979,0.6217222,0,0,0,0,241.2479,276.6919,675.929,0,1,0,0,0,0,0,0,1,1,0.001572133,0.008486312,0.0009623217,0.999962,1,0,0,0,0,0,0,0,1,1,0,0,0,1
465.0741,0,0,0,2.097759E-06,6.57E-07,1.657671E-05,1,1,0.04312611,0.7836666,-0.0547525,0.6172594,0,0,0,0,246.2739,282.4563,690.0109,0,1,0,0,0,0,0,0,1,1,-0.0009926888,0.001485736,-0.001453611,0.9999968,1,0,0,0,0,0,0,0,1,1,0,0,0,1
465.1247,0,0,0,2.088966E-06,5.938991E-07,1.659013E-05,1,1,0.04365598,0.7854591,-0.05576988,0.6148478,0,0,0,0,246.2739,282.4563,690.0109,0,1,0,0,0,0,0,0,1,1,-0.001296513,-0.001474308,-0.001820258,0.9999958,1,0,0,0,0,0,0,0,1,1,0,0,0,1
465.1747,0,0,0,2.087781E-06,5.983486E-07,1.658641E-05,1,1,0.04297667,0.786344,-0.05505521,0.6138283,0,0,0,0,246.2739,282.4563,690.0109,0,1,0,0,0,0,0,0,1,1,0.003889315,-0.000916645,0.003899161,0.9999869,1,0,0,0,0,0,0,0,1,1,0,0,0,1
465.2243,0,0,0,2.090934E-06,5.912951E-07,1.659132E-05,1,1,0.0421054,0.7866634,-0.05398329,0.6135746,0,0,0,0,246.2739,282.4563,690.0109,0,1,0,0,0,0,0,0,1,1,0.002799073,-0.001496188,5.870571E-05,0.9999934,1,0,0,0,0,0,0,0,1,1,0,0,0,1
465.2737,0,0,0,2.090934E-06,5.912951E-07,1.659132E-05,1,1,0.04056018,0.7871764,-0.05206905,0.6131861,0,0,0,0,241.2479,276.6919,675.929,0,1,0,0,0,0,0,0,1,1,0.004311904,0.004571431,0.007897945,0.9999497,1,0,0,0,0,0,0,0,1,1,0,0,0,1
465.3241,0,0,0,2.091214E-06,6.003268E-07,1.65801E-05,1,1,0.03827931,0.7888585,-0.04939068,0.6113898,0,0,0,0,251.2999,288.2207,704.0927,0,1,0,0,0,0,0,0,1,1,0.000878031,0.002698853,-0.0007289881,0.9999949,1,0,0,0,0,0,0,0,1,1,0,0,0,1
465.3739,0,0,0,2.090926E-06,6.063262E-07,1.65768E-05,1,1,0.03863632,0.7905904,-0.05015156,0.609064,0,0,0,0,251.2999,288.2207,704.0927,0,1,0,0,0,0,0,0,1,1,-0.002667388,0.003216389,-0.008533906,0.9999568,1,0,0,0,0,0,0,0,1,1,0,0,0,1
465.4243,0,0,0,2.091771E-06,6.112634E-07,1.657281E-05,1,1,0.04170996,0.7934167,-0.05471991,0.6047776,0,0,0,0,236.2219,270.9275,661.8472,0,1,0,0,0,0,0,0,1,1,-0.005889191,0.008679579,-0.00953636,0.9998974,1,0,0,0,0,0,0,0,1,1,0,0,0,1
465.4739,0,0,0,2.090479E-06,6.048034E-07,1.657174E-05,1,1,0.04749661,0.7957307,-0.06293881,0.6004961,0,0,0,0,236.2219,270.9275,661.8472,0,1,0,0,0,0,0,0,1,1,-0.007875185,0.003643517,-0.01828448,0.9997951,1,0,0,0,0,0,0,0,1,1,0,0,0,1
465.5258,0,0,0,2.089647E-06,6.154093E-07,1.656924E-05,1,1,0.05617379,0.7949481,-0.07449238,0.5994605,0,0,0,0,201.0399,230.5766,563.2742,0,1,0,0,0,0,0,0,1,1,0.001908368,-0.009750254,-0.02228712,0.9997024,1,0,0,0,0,0,0,0,1,1,0,0,0,1
465.5754,0,0,0,2.087495E-06,6.114695E-07,1.656371E-05,1,1,0.06550905,0.7911526,-0.08609606,0.6019748,0,0,0,0,241.2479,276.6919,675.929,0,1,0,0,0,0,0,0,1,1,-0.004796093,-0.01035625,-0.01319148,0.9998456,1,0,0,0,0,0,0,0,1,1,0,0,0,1
465.6253,0,0,0,2.085234E-06,6.226553E-07,1.655253E-05,1,1,0.07314161,0.7869226,-0.0950916,0.6052774,0,0,0,0,246.2739,282.4563,690.0109,0,1,0,0,0,0,0,0,1,1,-0.002235458,-0.004567935,-0.00471643,0.9999794,1,0,0,0,0,0,0,0,1,1,0,0,0,1
465.6753,0,0,0,2.086307E-06,6.242969E-07,1.654721E-05,1,1,0.07685739,0.785042,-0.09947399,0.6065533,0,0,0,0,241.2479,276.6919,675.929,0,1,0,0,0,0,0,0,1,1,0.009634454,-0.000101302,0.002897017,0.9999484,1,0,0,0,0,0,0,0,1,1,0,0,0,1
465.726,0,0,0,2.084715E-06,6.2652E-07,1.654029E-05,1,1,0.07780259,0.7838863,-0.1003457,0.6077827,0,0,0,0,251.2999,288.2207,704.0927,0,1,0,0,0,0,0,0,1,1,0.0002664701,-0.001274482,0.004623612,0.9999864,1,0,0,0,0,0,0,0,1,1,0,0,0,1
465.7757,0,0,0,2.083389E-06,6.40325E-07,1.652608E-05,1,1,0.07745687,0.7834643,-0.09973301,0.6084714,0,0,0,0,246.2739,282.4563,690.0109,0,1,0,0,0,0,0,0,1,1,-0.001246963,0.001593931,0.002690148,0.9999957,1,0,0,0,0,0,0,0,1,1,0,0,0,1
465.8259,0,0,0,2.085611E-06,6.398721E-07,1.652961E-05,1,1,0.07772974,0.7826611,-0.09982036,0.6094553,0,0,0,0,251.2998,288.2207,704.0927,0,1,0,0,0,0,0,0,1,1,-0.001998078,-0.002016562,-0.001644971,0.9999951,1,0,0,0,0,0,0,0,1,1,0,0,0,1
465.8759,0,0,0,2.086803E-06,6.417041E-07,1.652712E-05,1,1,0.07892598,0.7816285,-0.1010627,0.6104209,0,0,0,0,251.2998,288.2207,704.0927,0,1,0,0,0,0,0,0,1,1,0.005196023,-0.002500114,-0.007395911,0.9999548,1,0,0,0,0,0,0,0,1,1,0,0,0,1
465.9253,0,0,0,2.086803E-06,6.417041E-07,1.652712E-05,1,1,0.08143289,0.7804636,-0.1040037,0.611088,0,0,0,0,246.2738,282.4563,690.0109,0,1,0,0,0,0,0,0,1,1,-0.003848397,-0.002401007,-0.008094252,0.9999584,1,0,0,0,0,0,0,0,1,1,0,0,0,1
465.9753,0,0,0,2.086311E-06,6.463079E-07,1.65313E-05,1,1,0.08594932,0.7798007,-0.1098208,0.6102976,0,0,0,0,246.2738,282.4563,690.0109,0,1,0,0,0,0,0,0,1,1,0.003078247,0.003385775,-0.01259445,0.9999083,1,0,0,0,0,0,0,0,1,1,0,0,0,1
466.0257,0,0,0,2.08724E-06,6.493865E-07,1.653346E-05,1,1,0.09363788,0.778829,-0.119845,0.6085184,0,0,0,0,251.2998,288.2207,704.0927,0,1,0,0,0,0,0,0,1,1,-0.00778244,-0.001308945,-0.02055792,0.999757,1,0,0,0,0,0,0,0,1,1,0,0,0,1
466.0755,0,0,0,2.091961E-06,6.387532E-07,1.654066E-05,1,1,0.1030106,0.7729267,-0.1300059,0.6124309,0,0,0,0,246.2738,282.4563,690.0109,0,1,0,0,0,0,0,0,1,1,-0.01001882,-0.01536279,-0.0111404,0.9997706,1,0,0,0,0,0,0,0,1,1,0,0,0,1
466.1255,0,0,0,2.091961E-06,6.387532E-07,1.654066E-05,1,1,0.1106922,0.7671015,-0.137683,0.616722,0,0,0,0,241.2478,276.6919,675.929,0,1,0,0,0,0,0,0,1,1,-0.005212123,-0.007936265,-0.007963491,0.9999242,1,0,0,0,0,0,0,0,1,1,0,0,0,1
466.1755,0,0,0,2.090187E-06,6.412563E-07,1.653818E-05,1,1,0.1180781,0.7616651,-0.1449619,0.620411,0,0,0,0,241.2479,276.6919,675.929,0,1,0,0,0,0,0,0,1,1,-0.004786181,0.001859495,-0.01024115,0.9999344,1,0,0,0,0,0,0,0,1,1,0,0,0,1
466.2258,0,0,0,2.089885E-06,6.53817E-07,1.65358E-05,1,1,0.1276292,0.7579871,-0.1559435,0.6203611,0,0,0,0,246.2738,282.4563,690.0109,0,1,0,0,0,0,0,0,1,1,-0.01372386,0.009717029,-0.02084786,0.9996403,1,0,0,0,0,0,0,0,1,1,0,0,0,1
466.2758,0,0,0,2.086809E-06,6.564966E-07,1.65444E-05,1,1,0.1342127,0.7570067,-0.1644067,0.6179792,0,0,0,0,246.2738,282.4563,690.0109,0,1,0,0,0,0,0,0,1,1,0.009833788,0.005811641,0.004131844,0.9999264,1,0,0,0,0,0,0,0,1,1,0,0,0,1
466.3259,0,0,0,2.093495E-06,6.542266E-07,1.654747E-05,1,1,0.1362277,0.7585218,-0.1681076,0.6146761,0,0,0,0,236.2219,270.9275,661.8472,0,1,0,0,0,0,0,0,1,1,0.001352517,-0.0002083804,0.002036094,0.9999952,1,0,0,0,0,0,0,0,1,1,0,0,0,1
466.3759,0,0,0,2.09467E-06,6.668106E-07,1.65435E-05,1,1,0.1359562,0.7582662,-0.1675739,0.615197,0,0,0,0,241.2479,276.6919,675.929,0,1,0,0,0,0,0,0,1,1,0.006485784,-0.01141046,0.007587801,0.9998847,1,0,0,0,0,0,0,0,1,1,0,0,0,1
466.4255,0,0,0,2.100004E-06,6.47253E-07,1.654997E-05,1,1,0.1345243,0.7573777,-0.1650549,0.6172836,0,0,0,0,241.2479,276.6919,675.929,0,1,0,0,0,0,0,0,1,1,0.001372051,-0.002788373,0.004905676,0.9999846,1,0,0,0,0,0,0,0,1,1,0,0,0,1
466.4757,0,0,0,2.106444E-06,6.463555E-07,1.654101E-05,1,1,0.1314873,0.7568254,-0.1605574,0.6197966,0,0,0,0,246.2739,282.4563,690.0109,0,1,0,0,0,0,0,0,1,1,0.001259357,-0.002169939,0.009552477,0.9999503,1,0,0,0,0,0,0,0,1,1,0,0,0,1
466.5255,0,0,0,2.092259E-06,6.597865E-07,1.651315E-05,1,0.9829586,0.128886,0.7556427,-0.1563646,0.6228505,0,0,0,0,241.2479,276.6919,675.929,0,1,0,0,0,0,0,0,1,1,-0.002412464,-0.004663724,0.004599045,0.9999762,1,0,0,0,0,0,0,0,1,1,0,0,0,1
466.5758,0,0,0,2.095351E-06,6.695532E-07,1.656191E-05,1,0.8863903,0.1248959,0.7519326,-0.1490932,0.6298966,0,0,0,0,229.0027,263.0481,646.0772,0,1,0,0,0,-1.307424E-09,-3.466879E-09,1.402238E-08,1,1,0.02452204,-0.02389586,0.01028658,0.9993591,1,0,0,0,0,0,0,0,1,1,0,0,0,1
466.6252,0,0,0,2.086631E-06,6.336732E-07,1.655572E-05,1,0.8285695,0.1220241,0.7492102,-0.144001,0.6348684,0,0,0,0,221.3296,254.7314,629.9591,0,1,0,0,0,-5.79535E-09,-2.295828E-08,-1.931589E-09,1,1,0,0,0,1,1,0,0,0,0,0,0,0,1,1,0,0,0,1
466.6762,0,0,0,2.079066E-06,6.726588E-07,1.647348E-05,1,0.7666096,0.1202908,0.7475926,-0.1410042,0.637772,0,0,0,0,224.0451,258.2694,642.2654,0,1,0,0,0,-3.727729E-09,1.436256E-08,-4.094466E-08,1,1,0,0,0,1,1,0,0,0,0,0,0,0,1,1,0,0,0,1
466.7261,0,0,0,2.073664E-06,6.447439E-07,1.64276E-05,1,0.7404281,0.1192545,0.7466339,-0.1392382,0.6394755,0,0,0,0,227.1094,262.144,654.8407,0,1,0,0,0,-1.108891E-09,-9.196911E-09,-2.098568E-08,1,1,0,0,0,1,1,0,0,0,0,0,0,0,1,1,0,0,0,1
466.7756,0,0,0,2.070913E-06,6.51899E-07,1.646019E-05,1,0.7309496,0.1186382,0.7460666,-0.1381969,0.6404774,0,0,0,0,226.4865,261.5444,654.3626,0,1,0,0,0,1.32587E-09,-3.278486E-09,1.211423E-08,1,1,0,0,0,1,1,0,0,0,0,0,0,0,1,1,0,0,0,1
466.8253,0,0,0,2.068297E-06,6.554194E-07,1.650694E-05,1,0.7288215,0.1182729,0.7457314,-0.1375827,0.6410673,0,0,0,0,221.3253,255.6499,640.177,0,1,0,0,0,-1.143344E-09,2.364444E-09,1.386623E-08,1,1,0,0,0,1,1,0,0,0,0,0,0,0,1,1,0,0,0,1
466.8762,0,0,0,2.064309E-06,6.459936E-07,1.642824E-05,1,0.7288215,0.1180567,0.7455333,-0.1372204,0.641415,0,0,0,0,230.9165,266.7347,667.9865,0,1,0,0,0,-5.384829E-09,-1.037979E-08,-7.707569E-08,1,1,0,0,0,1,1,0,0,0,0,0,0,0,1,1,0,0,0,1
466.9261,0,0,0,2.05858E-06,6.61644E-07,1.640421E-05,1,0.7288215,0.1179289,0.7454164,-0.1370066,0.6416201,0,0,0,0,245.3486,283.4056,709.7355,0,1,0,0,0,-2.69253E-09,1.024492E-08,-1.047126E-08,1,1,0,0,0,1,1,0,0,0,0,0,0,0,1,1,0,0,0,1
466.9753,0,0,0,2.062294E-06,7.136232E-07,1.639509E-05,1,0.7288215,0.1178534,0.7453473,-0.1368803,0.6417412,0,0,0,0,240.5379,277.8486,695.8192,0,1,0,0,0,2.280705E-09,2.349346E-08,-1.272167E-08,1,1,0,0,0,1,1,0,0,0,0,0,0,0,1,1,0,0,0,1
467.0262,0,0,0,2.075947E-06,7.346591E-07,1.641104E-05,1,0.7288215,0.1178088,0.7453065,-0.1368057,0.6418127,0,0,0,0,250.1594,288.9626,723.6519,0,1,0,0,0,6.159063E-09,1.033117E-08,4.460488E-09,1,1,0,0,0,1,1,0,0,0,0,0,0,0,1,1,0,0,0,1
467.0757,0,0,0,2.079992E-06,7.550205E-07,1.642811E-05,1,0.7288215,0.1177824,0.7452824,-0.1367617,0.6418549,0,0,0,0,245.3486,283.4056,709.7355,0,1,0,0,0,1.660372E-09,7.129153E-09,1.72394E-08,0.9999999,1,0,0,0,1,1,0,0,0,0,0,0,0,1,1,0,0,0,1
467.1254,0,0,0,2.079333E-06,7.48339E-07,1.650245E-05,1,0.7106694,0.1177669,0.7452682,-0.1367357,0.6418798,0,0,0,0,240.4475,277.7616,695.7499,0,1,0,0,0,2.349655E-09,-1.321477E-09,3.387088E-08,1,1,0,0,0,1,1,0,0,0,0,0,0,0,1,1,0,0,0,1
467.1755,0,0,0,2.079969E-06,7.385397E-07,1.652931E-05,1,0.6476813,0.1177577,0.7452598,-0.1367204,0.6418945,0,0,0,0,229.2961,265.1749,666.7434,0,1,0,0,0,6.666375E-10,-5.108001E-09,1.22247E-08,1,1,0,0,0,1,1,0,0,0,0,0,0,0,1,1,0,0,0,1
467.2256,0,0,0,2.079671E-06,7.289162E-07,1.64343E-05,1,0.6241572,0.1177522,0.7452549,-0.1367113,0.6419032,0,0,0,0,227.461,263.4089,665.3364,0,1,0,0,0,-4.362755E-10,-5.978053E-09,-4.086152E-08,1,1,0,0,0,1,1,0,0,0,0,0,0,0,1,1,0,0,0,1
467.2753,0,0,0,2.092719E-06,7.096683E-07,1.657305E-05,1,0.5758451,0.117749,0.7452519,-0.136706,0.6419084,0,0,0,0,221.6127,256.8538,650.6246,0,1,0,0,0,5.563276E-09,-6.811168E-09,6.71014E-08,1,1,0,0,0,1,1,0,0,0,0,0,0,0,1,1,0,0,0,1
467.3262,0,0,0,2.105169E-06,7.380632E-07,1.662942E-05,1,0.5644838,0.1177472,0.7452502,-0.1367028,0.6419113,0,0,0,0,229.6621,266.4554,677.2529,0,1,0,0,0,7.593103E-09,1.105417E-08,4.276245E-08,1,1,0,0,0,1,1,0,0,0,0,0,0,0,1,1,0,0,0,1
467.3758,0,0,0,2.095413E-06,7.484851E-07,1.657998E-05,1,0.5644838,0.117746,0.7452492,-0.1367009,0.6419131,0,0,0,0,224.7047,260.7575,663.2238,0,1,0,0,0,-4.80558E-09,4.155561E-09,-2.47498E-08,1,1,0,0,0,1,1,0,0,0,0,0,0,0,1,1,0,0,0,1
467.4259,0,0,0,2.102019E-06,7.998059E-07,1.659075E-05,1,0.5644838,0.1177454,0.7452486,-0.1366998,0.6419142,0,0,0,0,229.3808,266.1848,677.0369,0,1,0,0,0,3.303317E-09,2.231996E-08,7.94122E-10,0.9999998,1,0,0,0,1,1,0,0,0,0,0,0,0,1,1,0,0,0,1
467.4756,0,0,0,2.109921E-06,8.063873E-07,1.65873E-05,1,0.5644838,0.117745,0.7452482,-0.1366992,0.6419149,0,0,0,0,238.7432,277.0495,704.671,0,1,0,0,0,5.223956E-09,1.147022E-09,1.16137E-08,1,1,0,0,0,1,1,0,0,0,0,0,0,0,1,1,0,0,0,1
467.5254,0,0,0,2.123111E-06,7.957323E-07,1.658792E-05,1,0.5644838,0.1177447,0.745248,-0.1366988,0.6419152,0,0,0,0,238.7432,277.0495,704.671,0,1,0,0,0,6.058491E-09,-3.025894E-09,8.379715E-09,1,1,0,0,0,1,1,0,0,0,0,0,0,0,1,1,0,0,0,1
467.5754,0,0,0,2.12878E-06,7.922574E-07,1.660927E-05,1,0.5644838,0.1177446,0.7452478,-0.1366986,0.6419154,0,0,0,0,234.062,271.6171,690.8539,0,1,0,0,0,2.745869E-09,-2.223022E-10,1.534786E-08,1,1,0,0,0,1,1,0,0,0,0,0,0,0,1,1,0,0,0,1
467.6257,0,0,0,2.134247E-06,7.859528E-07,1.662449E-05,1,0.5644838,0.1177445,0.7452477,-0.1366985,0.6419156,0,0,0,0,234.062,271.6171,690.8539,0,1,0,0,0,3.00722E-09,-3.548987E-09,8.426445E-09,1,1,0,0,0,1,1,0,0,0,0,0,0,0,1,1,0,0,0,1
467.6757,0,0,0,2.141823E-06,7.791831E-07,1.660146E-05,1,0.5644838,0.1177445,0.7452477,-0.1366984,0.6419157,0,0,0,0,234.062,271.6171,690.8539,0,1,0,0,0,3.543541E-09,-3.208128E-09,-1.1065E-08,1,1,0,0,0,1,1,0,0,0,0,0,0,0,1,1,0,0,0,1
467.7253,0,0,0,2.142066E-06,7.970123E-07,1.649338E-05,1,0.5644838,0.1177445,0.7452477,-0.1366984,0.6419157,0,0,0,0,220.0183,255.3201,649.4027,0,1,0,0,0,-7.763272E-11,1.044797E-08,-5.619572E-08,1,1,0,0,0,1,1,0,0,0,0,0,0,0,1,1,0,0,0,1
467.7764,0,0,0,2.146416E-06,7.843976E-07,1.652048E-05,1,0.56