2,1,Time5-Task1
Time,Translation X,Translation Y,Translation Z,Rotation X,Rotation Y,Rotation Z,Rotation W,Scalling,Camera X,Camera Y,Camera Z,Camera W,IsInCollision,CollisionForce X,CollisionForce Y,CollisionForce Z,Checkpoint0,User,Connected,Translation X,Translation Y,Translation Z,Rotation X,Rotation Y,Rotation Z,Rotation W,Scalling,Camera X,Camera Y,Camera Z,Camera W,User,Connected,Translation X,Translation Y,Translation Z,Rotation X,Rotation Y,Rotation Z,Rotation W,Scalling,Camera X,Camera Y,Camera Z,Camera W
281.4957,0,0,0,0,0,0,1,1,0.07105283,0.7416701,-0.07957658,0.662227,0,0,0,0,384.4672,0,1,0,0,0,-2.436416E-09,-8.702443E-08,-2.293317E-06,1,1,0,0,0,1,1,1,0,0,0,-2.40136E-09,-8.577227E-08,-2.260321E-06,1,1,0,0,0,1
281.5453,0,0,0,2.865982E-09,2.325217E-08,-5.771691E-08,1,1,0.07105283,0.7416701,-0.07957659,0.662227,0,0,0,0,286.5722,0,1,0,0,0,1.611502E-09,1.013363E-08,-2.858095E-08,1,1,0,0,0,1,1,1,0,0,0,1.25448E-09,1.311854E-08,-2.913596E-08,1,1,0,0,0,1
281.5953,0,0,0,1.139368E-08,5.804118E-08,-1.153821E-07,1,1,0.07105282,0.7416701,-0.07957657,0.662227,0,0,0,0,297.3863,0,1,0,0,0,4.470562E-09,1.867572E-08,-3.03816E-08,1,1,0,0,0,1,1,1,0,0,0,4.057142E-09,1.611329E-08,-2.728359E-08,1,1,0,0,0,1
281.6454,0,0,0,1.867691E-08,7.689788E-08,-7.984612E-08,1,1,0.07105283,0.7416701,-0.07957658,0.662227,0,0,0,0,297.3863,0,1,0,0,0,3.490923E-09,9.333023E-09,1.93069E-08,1,1,0,0,0,1,1,1,0,0,0,3.792308E-09,9.523673E-09,1.622908E-08,1,1,0,0,0,1
281.6952,0,0,0,2.370568E-08,8.371579E-08,-1.230171E-07,1,1,0.07105283,0.7416701,-0.07957657,0.662227,0,0,0,0,297.3863,0,1,0,0,0,2.514382E-09,3.408954E-09,-2.158546E-08,1,1,0,0,0,1,1,1,0,0,0,2.514382E-09,3.408954E-09,-2.158546E-08,1,1,0,0,0,1
281.7453,0,0,0,2.751538E-08,1.020276E-07,-1.928322E-07,1,1,0.07105283,0.7416701,-0.07957657,0.662227,0,0,0,0,297.3863,0,1,0,0,0,1.448094E-09,8.980049E-09,-2.973519E-08,1,1,0,0,0,1,1,1,0,0,0,2.361598E-09,9.331751E-09,-4.007989E-08,1,1,0,0,0,1
281.7953,0,0,0,3.362329E-08,1.134138E-07,-1.778207E-07,1,1,0.07105283,0.7416701,-0.07957657,0.662227,0,0,0,0,297.3863,0,1,0,0,0,3.053952E-09,5.693106E-09,7.505724E-09,1,1,0,0,0,1,1,1,0,0,0,3.053952E-09,5.693106E-09,7.505724E-09,1,1,0,0,0,1
281.8449,0,0,0,4.037751E-08,1.356592E-07,-1.373336E-07,1,1,0.07105282,0.7416701,-0.07957657,0.662227,0,0,0,0,291.9792,0,1,0,0,0,3.246378E-09,1.090171E-08,1.830036E-08,1,1,0,0,0,1,1,1,0,0,0,3.507851E-09,1.134363E-08,2.218677E-08,1,1,0,0,0,1
281.8955,0,0,0,4.965197E-08,1.579521E-07,-9.32175E-08,1,1,0.07105281,0.7416701,-0.07957656,0.662227,0,0,0,0,302.7933,0,1,0,0,0,4.488123E-09,1.193075E-08,2.155785E-08,1,1,0,0,0,1,1,1,0,0,0,4.786341E-09,1.036206E-08,2.255829E-08,1,1,0,0,0,1
281.945,0,0,0,5.992004E-08,1.797102E-07,-5.769181E-08,1,1,0.0710528,0.7416701,-0.07957655,0.662227,0,0,0,0,291.9792,0,1,0,0,0,4.792228E-09,9.611002E-09,1.588454E-08,1,1,0,0,0,1,1,1,0,0,0,5.475841E-09,1.214702E-08,1.964116E-08,1,1,0,0,0,1
281.9955,0,0,0,6.116223E-08,2.039926E-07,-4.974632E-08,1,1,0.07105282,0.7416701,-0.07957657,0.662227,0,0,0,0,302.7933,0,1,0,0,0,1.753835E-10,1.065224E-08,1.482072E-10,1,1,0,0,0,1,1,1,0,0,0,1.066797E-09,1.363017E-08,7.797328E-09,1,1,0,0,0,1
282.0458,0,0,0,6.100776E-08,2.185445E-07,-6.516838E-08,1,1,0.0710528,0.7416701,-0.07957654,0.662227,0,0,0,0,297.3863,0,1,0,0,0,-7.725803E-11,7.275926E-09,-7.711018E-09,1,1,0,0,0,1,1,1,0,0,0,-7.725803E-11,7.275926E-09,-7.711018E-09,1,1,0,0,0,1
282.0955,0,0,0,5.718307E-08,2.426829E-07,-1.035809E-07,1,1,0.07105282,0.7416701,-0.07957657,0.662227,0,0,0,0,291.9792,0,1,0,0,0,-1.665371E-09,1.174392E-08,-1.732794E-08,1,1,0,0,0,1,1,1,0,0,0,-2.159349E-09,1.239448E-08,-2.108452E-08,1,1,0,0,0,1
282.1451,0,0,0,6.179693E-08,2.524226E-07,-8.858176E-08,1,1,0.0710528,0.7416701,-0.07957655,0.662227,0,0,0,0,291.9792,0,1,0,0,0,2.553909E-09,4.54455E-09,9.377872E-09,1,1,0,0,0,1,1,1,0,0,0,2.059931E-09,5.195117E-09,5.621287E-09,1,1,0,0,0,1
282.195,0,0,0,5.597108E-08,2.551262E-07,-9.899184E-08,1,1,0.07105279,0.7416701,-0.07957653,0.662227,0,0,0,0,297.3863,0,1,0,0,0,-3.068421E-09,1.764428E-09,-7.813849E-09,1,1,0,0,0,1,1,1,0,0,0,-2.757454E-09,9.390924E-10,-2.596174E-09,1,1,0,0,0,1
282.2455,0,0,0,5.621564E-08,2.599546E-07,-8.859576E-08,1,1,0.07105279,0.7416701,-0.07957654,0.662227,0,0,0,0,297.3863,0,1,0,0,0,1.222667E-10,2.414128E-09,5.198044E-09,1,1,0,0,0,1,1,1,0,0,0,1.222667E-10,2.414128E-09,5.198044E-09,1,1,0,0,0,1
282.2953,0,0,0,5.32462E-08,2.714801E-07,-6.05491E-08,1,1,0.07105279,0.7416701,-0.07957654,0.662227,0,0,0,0,297.3863,0,1,0,0,0,-1.484724E-09,5.762715E-09,1.402333E-08,1,1,0,0,0,1,1,1,0,0,0,-1.484724E-09,5.762715E-09,1.402333E-08,1,1,0,0,0,1
282.3449,0,0,0,5.836784E-08,2.709422E-07,4.67587E-09,1,1,0.07105277,0.7416701,-0.07957652,0.662227,0,0,0,0,291.9792,0,1,0,0,0,2.252299E-09,-2.689991E-10,3.033846E-08,1,1,0,0,0,1,1,1,0,0,0,2.869347E-09,-2.689357E-10,3.488651E-08,1,1,0,0,0,1
282.3955,0,0,0,7.015124E-08,2.782485E-07,9.113381E-08,1,1,0.07105277,0.7416701,-0.07957651,0.662227,0,0,0,0,302.7933,0,1,0,0,0,6.170487E-09,3.702143E-09,4.548053E-08,1,1,0,0,0,1,1,1,0,0,0,6.176278E-09,3.603986E-09,4.553154E-08,1,1,0,0,0,1
282.4452,0,0,0,8.016576E-08,2.776609E-07,1.734329E-07,1,1,0.07105277,0.7416701,-0.07957651,0.662227,0,0,0,0,297.3863,0,1,0,0,0,4.464923E-09,-1.958071E-10,3.65413E-08,1,1,0,0,0,1,1,1,0,0,0,4.986211E-09,-3.920581E-10,4.120357E-08,1,1,0,0,0,1
282.495,0,0,0,9.036704E-08,2.823962E-07,2.624289E-07,1,1,0.07105277,0.7416701,-0.07957651,0.662227,0,0,0,0,291.9792,0,1,0,0,0,5.079594E-09,2.269349E-09,4.455205E-08,1,1,0,0,0,1,1,1,0,0,0,5.121684E-09,2.465663E-09,4.444394E-08,1,1,0,0,0,1
282.5449,0,0,0,1.008908E-07,2.831827E-07,3.439467E-07,1,1,0.07105278,0.7416701,-0.07957652,0.662227,0,0,0,0,291.9792,0,1,0,0,0,5.261909E-09,3.931994E-10,4.075891E-08,1,1,0,0,0,1,1,1,0,0,0,5.261909E-09,3.931994E-10,4.075891E-08,1,1,0,0,0,1
282.5953,0,0,0,1.109505E-07,2.845581E-07,4.252072E-07,1,1,0.07105278,0.7416701,-0.07957652,0.662227,0,0,0,0,302.7933,0,1,0,0,0,5.029844E-09,6.876706E-10,4.063025E-08,1,1,0,0,0,1,1,1,0,0,0,5.029844E-09,6.876706E-10,4.063025E-08,1,1,0,0,0,1
282.6452,0,0,0,1.178313E-07,2.850888E-07,5.052477E-07,1,1,0.07105279,0.7416701,-0.07957652,0.662227,0,0,0,0,297.3863,0,1,0,0,0,4.548801E-09,2.97269E-10,5.029205E-08,1,1,0,0,0,1,1,1,0,0,0,4.292395E-09,-2.571775E-10,4.825654E-08,1,1,0,0,0,1
282.6955,1.27761E-05,0.0003573292,0.001487633,1.264946E-07,2.835392E-07,5.912223E-07,1,1,0.07105208,0.7416624,-0.07957385,0.6622359,0,0,0,0,248.7216,0,1,0,0,0,3.630212E-09,-4.804642E-10,3.598474E-08,1,1,0,0,0,1,1,1,2.505117E-05,0.0007006454,0.002916928,3.630212E-09,-4.804642E-10,3.598474E-08,1,1,0,0,0,1
282.7452,-0.001343946,0.003436827,0.01655388,1.229433E-07,2.796116E-07,5.917655E-07,1,1,0.07104231,0.7415112,-0.07952553,0.6624121,0,0,0,0,281.0794,0,1,0,0,0,-1.206992E-09,-3.267483E-09,9.221049E-09,1,1,0,0,0,1,1,1,-0.002707046,0.003877678,0.02067595,-2.344305E-09,-6.602489E-10,-8.678113E-09,1,1,0,0,0,1
282.795,-0.01124788,0.00425103,0.03742313,1.17264E-07,2.767403E-07,5.709318E-07,1,1,0.07107723,0.7410828,-0.07946069,0.6628953,0,0,0,0,286.2857,0,1,0,0,0,-2.839654E-09,-1.435729E-09,-1.041684E-08,1,1,0,0,0,1,1,1,-0.01104573,-0.0002335516,0.01859887,-2.839654E-09,-1.435729E-09,-1.041684E-08,1,1,0,0,0,1
282.8453,-0.01331094,0.004329017,0.04139029,1.143942E-07,2.663288E-07,5.754446E-07,1,1,0.07113451,0.7406217,-0.07941357,0.66341,0,0,0,0,286.2447,0,1,0,0,0,-1.575777E-09,-4.623016E-09,-1.317791E-09,0.9999999,1,0,0,0,1,1,1,0,0,0,-1.294044E-09,-5.788516E-09,5.830529E-09,0.9999999,1,0,0,0,1
282.8949,-0.01365768,0.004342124,0.04205705,1.146502E-07,2.806491E-07,5.698069E-07,1,1,0.07118386,0.7402426,-0.07937749,0.663832,0,0,0,0,297.0492,0,1,0,0,0,-1.724832E-10,5.686864E-09,1.547211E-09,1,1,0,0,0,1,1,1,0,0,0,4.284785E-10,8.633507E-09,-7.184966E-09,1,1,0,0,0,1
282.9458,-0.01371596,0.004344327,0.04216912,1.161579E-07,2.878966E-07,5.871926E-07,1,0.9865347,0.07122284,0.7399453,-0.07934956,0.6641626,0,0,0,0,296.978,0,1,0,0,0,1.289957E-09,1.368472E-09,1.141427E-08,1,1,0,0,0,1,1,1,0,0,0,2.177273E-10,5.878912E-09,5.971466E-09,1,0.9865347,0,0,0,1
282.9955,-0.01372575,0.004344698,0.04218795,1.124197E-07,3.055248E-07,5.760419E-07,1,0.9341039,0.07125312,0.7397145,-0.0793279,0.664419,0,0,0,0,268.6454,0,1,0,0,0,-2.084525E-09,8.066187E-09,-7.713152E-09,0.9999999,1,0,0,0,1,1,1,0,0,0,-1.653774E-09,9.562023E-09,-3.437699E-09,0.9999999,0.9468536,0,0,0,1
283.0457,-0.0137274,0.00434476,0.04219111,1.133345E-07,2.897337E-07,5.587961E-07,1,0.875649,0.07127654,0.7395357,-0.07931111,0.6646174,0,0,0,0,277.0382,0,1,0,0,0,8.886072E-10,-7.021416E-09,-5.229132E-09,1,1,0,0,0,1,1,1,0,0,0,2.623679E-11,-8.769782E-09,-1.201679E-08,1,0.9374215,0,0,0,1
283.0955,-0.01372767,0.004344771,0.04219164,1.08014E-07,2.831829E-07,5.371349E-07,1,0.8018477,0.07129464,0.7393973,-0.07929809,0.664771,0,0,0,0,274.5667,0,1,0,0,0,-2.893885E-09,-3.078088E-09,-9.816887E-09,1,1,0,0,0,1,1,1,0,0,0,-2.426623E-09,-3.472928E-09,-1.184444E-08,1,0.9157181,0,0,0,1
283.1457,-0.01372772,0.004344773,0.04219173,1.027015E-07,2.774768E-07,5.312434E-07,1,0.7541655,0.07130866,0.7392902,-0.07928803,0.6648898,0,0,0,0,277.0552,0,1,0,0,0,-2.532211E-09,-2.18442E-09,-1.641481E-09,1,1,0,0,0,1,1,1,0,0,0,-2.780349E-09,-3.521686E-09,-4.250444E-09,1,0.9405345,0,0,0,1
283.1953,-0.01372773,0.004344773,0.04219174,1.042711E-07,2.929344E-07,5.467189E-07,1,0.7362487,0.07131949,0.7392074,-0.07928023,0.6649817,0,0,0,0,270.6307,0,1,0,0,0,5.967519E-10,5.352558E-09,8.055142E-09,1,1,0,0,0,1,1,1,0,0,0,9.727386E-10,1.010489E-08,7.420212E-09,1,0.9762428,0,0,0,1
283.2452,-0.01372773,0.004344773,0.04219174,9.693197E-08,2.846157E-07,5.423784E-07,1,0.7362487,0.07132786,0.7391433,-0.07927417,0.6650527,0,0,0,0,275.4088,0,1,0,0,0,-3.669557E-09,-4.159353E-09,-2.170325E-09,1,1,0,0,0,1,1,1,0,0,0,-3.669557E-09,-4.159353E-09,-2.170325E-09,1,1,0,0,0,1
283.295,-0.01372773,0.004344773,0.04219174,9.750138E-08,2.9034E-07,5.484264E-07,1,0.7362487,0.07133435,0.7390937,-0.07926951,0.6651078,0,0,0,0,275.4003,0,1,0,0,0,8.526625E-10,3.551679E-09,5.01429E-09,1,1,0,0,0,1,1,1,0,0,0,-2.832676E-10,2.172465E-09,1.03339E-09,1,1,0,0,0,1
283.3452,-0.01372773,0.004344773,0.04219174,9.680869E-08,2.755171E-07,5.270172E-07,1,0.7362487,0.07133935,0.7390552,-0.07926588,0.6651503,0,0,0,0,285.7927,0,1,0,0,0,6.053244E-11,-7.437326E-09,-1.012445E-08,1,1,0,0,0,1,1,1,0,0,0,-7.532142E-10,-7.385684E-09,-1.128533E-08,1,1,0,0,0,1
283.3956,-0.01372773,0.004344773,0.04219174,1.012718E-07,3.202068E-07,5.22678E-07,1,0.7362487,0.07134322,0.7390255,-0.07926307,0.6651832,0,0,0,0,290.9889,0,1,0,0,0,2.067866E-09,1.788901E-08,-1.930265E-10,1,1,0,0,0,1,1,1,0,0,0,2.39518E-09,2.68005E-08,-4.146189E-09,1,1,0,0,0,1
283.4451,-0.01372773,0.004344773,0.04219174,9.990748E-08,3.166284E-07,5.319582E-07,1,0.7362487,0.07134622,0.7390025,-0.07926089,0.6652088,0,0,0,0,285.7927,0,1,0,0,0,-7.276163E-10,-2.076629E-09,6.761976E-09,1,1,0,0,0,1,1,1,0,0,0,-6.366832E-10,-1.501953E-09,2.5181E-09,1,1,0,0,0,1
283.4951,-0.01372773,0.004344773,0.04219174,9.916468E-08,2.907393E-07,4.947448E-07,1,0.7362487,0.07134855,0.7389847,-0.07925922,0.6652285,0,0,0,0,280.5965,0,1,0,0,0,-6.019111E-11,-1.265922E-08,-1.908045E-08,0.9999999,1,0,0,0,1,1,1,0,0,0,-6.826124E-10,-1.322981E-08,-1.813342E-08,0.9999999,1,0,0,0,1
283.5452,-0.01372773,0.004344773,0.04219174,1.001344E-07,2.811092E-07,4.858787E-07,1,0.7056009,0.07135033,0.738971,-0.07925791,0.6652438,0,0,0,0,280.2603,0,1,0,0,0,3.165375E-10,-4.329137E-09,-5.658125E-09,1,1,0,0,0,1,1,1,0,0,0,6.531561E-10,-5.301043E-09,-3.208128E-09,1,0.9583731,0,0,0,1
283.5958,-0.01372773,0.004344773,0.04219174,9.820774E-08,2.919696E-07,3.985215E-07,1,0.6378799,0.0713517,0.7389603,-0.07925688,0.6652555,0,0,0,0,268.2499,0,1,0,0,0,-7.353178E-10,3.339902E-09,-3.977326E-08,1,1,0,0,0,1,1,1,0,0,0,-1.1914E-09,7.520518E-09,-4.758392E-08,1,0.9040236,0,0,0,1
283.6458,-0.01372773,0.004344773,0.04219174,1.029177E-07,2.865419E-07,4.311546E-07,1,0.5680211,0.07135279,0.7389521,-0.07925612,0.6652647,0,0,0,0,260.5215,0,1,0,0,0,2.574461E-09,-2.746352E-09,1.701461E-08,1,1,0,0,0,1,1,1,0,0,0,2.135523E-09,-2.681451E-09,1.561834E-08,1,0.8904828,0,0,0,1
283.695,-0.01372773,0.004344773,0.04219174,1.004718E-07,2.682763E-07,4.147909E-07,1,0.54833,0.07135361,0.7389457,-0.0792555,0.6652718,0,0,0,0,253.1163,0,1,0,0,0,-1.599971E-09,-1.136663E-08,-1.358339E-08,1,1,0,0,0,1,1,1,0,0,0,-8.459405E-10,-6.899083E-09,-2.780414E-09,1,0.9653339,0,0,0,1
283.7458,-0.01372773,0.004344773,0.04219174,9.892408E-08,2.641088E-07,4.081462E-07,1,0.5344916,0.07135426,0.7389408,-0.07925504,0.6652772,0,0,0,0,272.463,0,1,0,0,0,-7.561345E-10,-1.127679E-09,-5.716214E-09,1,1,0,0,0,1,1,1,0,0,0,-7.916591E-10,-3.039916E-09,-9.28666E-10,1,0.9747626,0,0,0,1
283.7954,-0.01372773,0.004344773,0.04219174,9.751343E-08,2.451836E-07,3.963851E-07,1,0.5344916,0.07135475,0.738937,-0.07925467,0.6652814,0,0,0,0,262.1335,0,1,0,0,0,-7.128509E-10,-8.085544E-09,-6.48257E-09,1,1,0,0,0,1,1,1,0,0,0,-6.978348E-10,-1.083978E-08,-5.27864E-09,1,1,0,0,0,1
283.8452,-0.01372773,0.004344773,0.04219174,9.095096E-08,2.199684E-07,3.823874E-07,1,0.5344916,0.07135513,0.7389339,-0.07925439,0.6652848,0,0,0,0,277.2553,0,1,0,0,0,-3.065913E-09,-1.105111E-08,-4.092607E-09,1,1,0,0,0,1,1,1,0,0,0,-3.496567E-09,-1.416417E-08,-9.905344E-09,1,1,0,0,0,1
283.8956,-0.01372773,0.004344773,0.04219174,9.08535E-08,2.462832E-07,3.376744E-07,1,0.5344916,0.07135545,0.7389317,-0.0792542,0.6652873,0,0,0,0,282.2963,0,1,0,0,0,-2.494542E-10,1.203707E-08,-2.002069E-08,1,1,0,0,0,1,1,1,0,0,0,1.519759E-10,1.427768E-08,-2.46923E-08,1,1,0,0,0,1
283.9456,-0.01372773,0.004344773,0.04219174,8.746E-08,2.668814E-07,3.135318E-07,1,0.5344916,0.07135569,0.7389299,-0.07925404,0.6652892,0,0,0,0,247.0092,0,1,0,0,0,-1.902219E-09,1.107888E-08,-1.25066E-08,1,1,0,0,0,1,1,1,0,0,0,-1.491312E-09,9.519365E-09,-1.163595E-08,1,1,0,0,0,1
283.9954,-0.01372773,0.004344773,0.04219174,9.968909E-08,2.833098E-07,3.816464E-07,1,0.5344916,0.07135589,0.7389286,-0.07925392,0.6652907,0,0,0,0,252.0502,0,1,0,0,0,5.821815E-09,6.035622E-09,2.906783E-08,1,1,0,0,0,1,1,1,0,0,0,6.407265E-09,1.03925E-08,3.904682E-08,1,1,0,0,0,1
284.0454,-0.01372773,0.004344773,0.04219174,1.012428E-07,3.125919E-07,3.602946E-07,1,0.5344916,0.07135601,0.7389275,-0.07925381,0.6652919,0,0,0,0,277.2553,0,1,0,0,0,7.674185E-10,1.388415E-08,-1.111412E-08,0.9999999,1,0,0,0,1,1,1,0,0,0,7.862937E-10,1.53979E-08,-1.023765E-08,0.9999999,1,0,0,0,1
284.095,-0.01372773,0.004344773,0.04219174,1.06432E-07,2.943925E-07,3.858487E-07,1,0.5232934,0.07135613,0.7389267,-0.07925375,0.6652929,0,0,0,0,272.1887,0,1,0,0,0,2.383151E-09,-8.762902E-09,1.235659E-08,1,1,0,0,0,1,1,1,0,0,0,2.806017E-09,-9.436589E-09,1.319739E-08,1,0.9790488,0,0,0,1
284.1449,-0.01372773,0.004344773,0.04219174,1.060477E-07,2.463925E-07,3.849996E-07,1,0.4972003,0.07135621,0.7389261,-0.07925368,0.6652935,0,0,0,0,266.5143,0,1,0,0,0,-2.696597E-10,-2.484401E-08,-2.590103E-09,1,1,0,0,0,1,1,1,0,0,0,-1.145872E-10,-2.315628E-08,1.740956E-09,1,0.9501367,0,0,0,1
284.1955,-0.01372773,0.004344773,0.04219174,1.113393E-07,2.33236E-07,4.282514E-07,1,0.4701775,0.07135628,0.7389256,-0.07925364,0.6652941,0,0,0,0,270.4866,0,1,0,0,0,3.108342E-09,-6.447751E-09,1.963634E-08,1,1,0,0,0,1,1,1,0,0,0,2.183264E-09,-6.708879E-09,2.361535E-08,1,0.9456503,0,0,0,1
284.2457,-0.01372773,0.004344773,0.04219174,1.124858E-07,2.165562E-07,4.297773E-07,1,0.4285129,0.07135633,0.7389252,-0.07925361,0.6652945,0,0,0,0,264.2539,0,1,0,0,0,7.33652E-10,-8.876263E-09,2.009954E-09,1,1,0,0,0,1,1,1,0,0,0,4.12899E-10,-7.803573E-09,-4.841818E-10,1,0.9113853,0,0,0,1
284.2949,-0.01372773,0.004344773,0.04219174,1.164814E-07,2.073779E-07,4.639041E-07,1,0.4048992,0.07135636,0.7389249,-0.07925356,0.6652948,0,0,0,0,228.0082,0,1,0,0,0,2.150673E-09,-4.845377E-09,1.8092E-08,1,1,0,0,0,1,1,1,0,0,0,1.844938E-09,-4.33297E-09,1.603459E-08,1,0.9448938,0,0,0,1
284.3451,-0.01372773,0.004344773,0.04219174,1.209167E-07,2.017998E-07,5.186109E-07,1,0.3972541,0.07135639,0.7389246,-0.07925353,0.6652951,0,0,0,0,197.5967,0,1,0,0,0,2.094243E-09,-4.812706E-09,2.543927E-08,1,1,0,0,0,1,1,1,0,0,0,2.340993E-09,-7.654231E-10,2.926728E-08,1,0.9811186,0,0,0,1
284.3952,-0.01372773,0.004344773,0.04219174,1.240293E-07,1.724149E-07,5.082775E-07,1,0.3972541,0.0713564,0.7389244,-0.07925352,0.6652952,0,0,0,0,256.6873,0,1,0,0,0,1.723488E-09,-1.39216E-08,-3.556849E-09,1,1,0,0,0,1,1,1,0,0,0,1.389168E-09,-1.546332E-08,-6.776897E-09,1,1,0,0,0,1
284.4454,-0.01372773,0.004344773,0.04219174,1.252522E-07,1.886144E-07,5.130778E-07,1,0.3972541,0.07135644,0.7389243,-0.07925352,0.6652954,0,0,0,0,266.5531,0,1,0,0,0,2.934022E-10,9.032275E-09,2.778575E-09,1,1,0,0,0,1,1,1,0,0,0,9.294516E-10,7.167225E-09,2.021479E-09,1,1,0,0,0,1
284.4953,-0.01372773,0.004344773,0.04219174,1.235083E-07,1.813218E-07,5.127277E-07,1,0.3972541,0.07135647,0.7389243,-0.07925353,0.6652955,0,0,0,0,271.4893,0,1,0,0,0,-1.073813E-09,-4.182584E-09,-7.195801E-10,1,1,0,0,0,1,1,1,0,0,0,-6.701469E-10,-3.110037E-09,3.693179E-10,1,1,0,0,0,1
284.5449,-0.01372773,0.004344773,0.04219174,1.191579E-07,1.540637E-07,5.768767E-07,1,0.3972541,0.07135648,0.7389241,-0.07925353,0.6652957,0,0,0,0,271.4893,0,1,0,0,0,-1.703293E-09,-1.200735E-08,2.951059E-08,1,1,0,0,0,1,1,1,0,0,0,-2.647227E-09,-1.525074E-08,3.463796E-08,1,1,0,0,0,1
284.5953,-0.01372773,0.004344773,0.04219174,1.174448E-07,1.585205E-07,6.140459E-07,1,0.3972541,0.07135648,0.7389241,-0.07925352,0.6652957,0,0,0,0,276.4254,0,1,0,0,0,-1.46984E-09,1.332039E-09,1.832354E-08,1,1,0,0,0,1,1,1,0,0,0,-7.941996E-10,1.41466E-09,1.823242E-08,1,1,0,0,0,1
284.6457,-0.01372773,0.004344773,0.04219174,1.133723E-07,1.391399E-07,6.643505E-07,1,0.3972541,0.07135648,0.7389241,-0.0792535,0.6652957,0,0,0,0,276.4254,0,1,0,0,0,-1.819255E-09,-9.099395E-09,2.341927E-08,1,1,0,0,0,1,1,1,0,0,0,-2.25327E-09,-1.028133E-08,2.6885E-08,1,1,0,0,0,1
284.6952,-0.01372773,0.004344773,0.04219174,1.101929E-07,1.003643E-07,7.083821E-07,1,0.3972541,0.07135649,0.738924,-0.07925351,0.6652958,0,0,0,0,271.4893,0,1,0,0,0,-1.501185E-09,-1.891084E-08,1.971394E-08,1,1,0,0,0,1,1,1,0,0,0,-1.678268E-09,-1.986478E-08,2.431733E-08,1,1,0,0,0,1
284.7455,-0.01372773,0.004344773,0.04219174,1.041886E-07,8.23452E-08,7.920332E-07,1,0.3814605,0.07135649,0.738924,-0.0792535,0.6652958,0,0,0,0,266.5165,0,1,0,0,0,-3.002142E-09,-9.00955E-09,4.182558E-08,1,1,0,0,0,1,1,1,0,0,0,-3.002142E-09,-9.00955E-09,4.182558E-08,1,0.960243,0,0,0,1
284.7955,-0.01372773,0.004344773,0.04219174,9.469842E-08,4.427928E-08,8.294518E-07,1,0.3564188,0.07135649,0.738924,-0.07925349,0.6652958,0,0,0,0,241.0402,0,1,0,0,0,-5.060928E-09,-2.021088E-08,1.724387E-08,1,1,0,0,0,1,1,1,0,0,0,-5.008867E-09,-2.012826E-08,2.087895E-08,1,0.9343531,0,0,0,1
284.8457,-0.01372773,0.004344773,0.04219174,8.587268E-08,1.10659E-08,8.414411E-07,1,0.3350887,0.0713565,0.738924,-0.07925349,0.6652958,0,0,0,0,249.9805,0,1,0,0,0,-3.714803E-09,-1.410206E-08,4.935515E-09,1,1,0,0,0,1,1,1,0,0,0,-4.53121E-09,-1.683815E-08,6.349573E-09,1,0.9401546,0,0,0,1
284.8956,-0.01372773,0.004344773,0.04219174,8.069256E-08,-2.395683E-08,8.57406E-07,1,0.3248357,0.07135651,0.738924,-0.0792535,0.6652958,0,0,0,0,249.2279,0,1,0,0,0,-2.590056E-09,-1.751137E-08,7.98244E-09,1,1,0,0,0,1,1,1,0,0,0,-2.590056E-09,-1.751137E-08,7.98244E-09,1,0.9694021,0,0,0,1
284.9453,-0.01372773,0.004344773,0.04219174,7.576313E-08,-7.093617E-08,8.728363E-07,1,0.3193969,0.07135651,0.7389239,-0.07925349,0.6652959,0,0,0,0,248.8841,0,1,0,0,0,-2.464716E-09,-2.348967E-08,7.715064E-09,1,1,0,0,0,1,1,1,0,0,0,-2.464716E-09,-2.348967E-08,7.715064E-09,1,0.9832568,0,0,0,1
284.9958,-0.01372773,0.004344773,0.04219174,6.697252E-08,-1.582641E-07,9.525843E-07,1,0.3184285,0.07135651,0.7389239,-0.07925349,0.6652959,0,0,0,0,258.4578,0,1,0,0,0,-4.395284E-09,-4.366398E-08,3.987382E-08,1,1,0,0,0,1,1,1,0,0,0,-4.395284E-09,-4.366398E-08,3.987382E-08,1,0.9969679,0,0,0,1
285.045,-0.01372773,0.004344773,0.04219174,0.0006678939,-0.004506692,0.001023677,0.9999891,0.3184285,0.07135651,0.7389239,-0.07925349,0.6652959,0,0,0,0,243.7977,0,1,0,0,0,0.000673066,-0.004506726,0.001019019,0.9999891,1,0,0,0,1,1,1,0,0,0,-4.395284E-09,-4.366398E-08,3.987382E-08,1,1,0,0,0,1
285.0949,-0.01372773,0.004344773,0.04219174,0.004310612,-0.01782548,-0.007560533,0.9998032,0.3184285,0.07135651,0.7389239,-0.07925349,0.6652959,0,0,0,0,263.2578,0,1,0,0,0,0.003758996,-0.01330027,-0.008564733,0.9998677,1,0,0,0,1,1,1,0,0,0,-4.883649E-09,-4.851553E-08,4.430425E-08,1,1,0,0,0,1
285.1456,-0.01372773,0.004344773,0.04219174,0.004310599,-0.01782556,-0.007560457,0.9998032,0.3184285,0.07135651,0.7389239,-0.07925349,0.6652959,0,0,0,0,268.1133,0,1,0,0,0,-6.381179E-09,-3.984771E-08,3.785988E-08,1,1,0,0,0,1,1,1,0,0,0,-6.381179E-09,-3.984771E-08,3.785988E-08,1,1,0,0,0,1
285.1957,-0.01372773,0.004344773,0.04219174,0.004310584,-0.01782562,-0.007560381,0.9998032,0.3184285,0.07135651,0.7389239,-0.07925349,0.6652959,0,0,0,0,268.1115,0,1,0,0,0,-6.381179E-09,-3.984771E-08,3.785988E-08,1,1,0,0,0,1,1,1,0,0,0,-6.381179E-09,-3.984771E-08,3.785988E-08,1,1,0,0,0,1
285.2453,-0.01372773,0.004344773,0.04219174,0.004310572,-0.0178257,-0.007560307,0.9998032,0.3184285,0.07135651,0.7389239,-0.07925349,0.6652959,0,0,0,0,268.111,0,1,0,0,0,-6.381179E-09,-3.984771E-08,3.785988E-08,1,1,0,0,0,1,1,1,0,0,0,-6.381179E-09,-3.984771E-08,3.785988E-08,1,1,0,0,0,1
285.2957,-0.01372773,0.004344773,0.04219174,0.004310559,-0.01782578,-0.00756023,0.9998032,0.3184285,0.07135651,0.7389239,-0.07925349,0.6652959,0,0,0,0,272.9857,0,1,0,0,0,-6.381179E-09,-3.984771E-08,3.785988E-08,1,1,0,0,0,1,1,1,0,0,0,-7.090199E-09,-4.427523E-08,4.206654E-08,1,1,0,0,0,1
285.3455,-0.01372773,0.004344773,0.04219174,0.004310547,-0.01782586,-0.007560158,0.9998032,0.3184285,0.07135651,0.7389239,-0.07925349,0.6652959,0,0,0,0,268.111,0,1,0,0,0,-6.869544E-09,-4.469926E-08,4.229031E-08,1,1,0,0,0,1,1,1,0,0,0,-6.381179E-09,-3.984771E-08,3.785988E-08,1,1,0,0,0,1
285.3954,-0.01372773,0.004344773,0.04219174,0.00431054,-0.01782594,-0.007560091,0.9998032,0.3184285,0.07135653,0.7389239,-0.07925352,0.6652959,0,0,0,0,224.2383,0,1,0,0,0,-4.243733E-09,-3.951131E-08,3.28369E-08,1,1,0,0,0,1,1,1,0,0,0,-4.243733E-09,-3.951131E-08,3.28369E-08,1,1,0,0,0,1
285.4449,-0.01372773,0.004344773,0.04219174,0.004310539,-0.01782603,-0.00756006,0.9998032,0.3059044,0.07135654,0.7389239,-0.07925354,0.6652959,0,0,0,0,243.5951,0,1,0,0,0,-6.228927E-10,-3.86523E-08,1.540479E-08,1,1,0,0,0,1,1,1,0,0,0,-3.508721E-10,-4.028177E-08,1.623292E-08,1,0.9606692,0,0,0,1
285.4956,-0.01372773,0.004344773,0.04219174,0.004310542,-0.01782612,-0.007560023,0.9998032,0.2936715,0.07135654,0.7389239,-0.07925354,0.6652959,0,0,0,0,252.8619,0,1,0,0,0,1.479451E-09,-4.536659E-08,1.870636E-08,1,1,0,0,0,1,1,1,0,0,0,1.479451E-09,-4.536659E-08,1.870636E-08,1,0.9600107,0,0,0,1
285.5456,-0.01372773,0.004344773,0.04219174,0.004310544,-0.01782622,-0.007559985,0.9998032,0.2814488,0.07135654,0.7389239,-0.07925354,0.6652959,0,0,0,0,247.5728,0,1,0,0,0,1.479451E-09,-4.536659E-08,1.870636E-08,1,1,0,0,0,1,1,1,0,0,0,1.479451E-09,-4.536659E-08,1.870636E-08,1,0.9583798,0,0,0,1
285.5951,-0.01372773,0.004344773,0.04219174,0.004310546,-0.01782631,-0.007559948,0.9998032,0.2655906,0.07135654,0.7389239,-0.07925354,0.6652959,0,0,0,0,247.0305,0,1,0,0,0,1.479451E-09,-4.536659E-08,1.870636E-08,1,1,0,0,0,1,1,1,0,0,0,1.479451E-09,-4.536659E-08,1.870636E-08,1,0.943655,0,0,0,1
285.6449,-0.01372773,0.004344773,0.04219174,0.004310549,-0.01782641,-0.007559911,0.9998032,0.2565122,0.07135654,0.7389239,-0.07925354,0.6652959,0,0,0,0,246.4907,0,1,0,0,0,1.479451E-09,-4.536659E-08,1.870636E-08,1,1,0,0,0,1,1,1,0,0,0,1.479451E-09,-4.536659E-08,1.870636E-08,1,0.9658179,0,0,0,1
285.6954,-0.01372773,0.004344773,0.04219174,0.004310551,-0.01782651,-0.007559871,0.9998032,0.2518627,0.07135654,0.7389239,-0.07925354,0.6652959,0,0,0,0,250.9995,0,1,0,0,0,1.479451E-09,-4.536659E-08,1.870636E-08,1,1,0,0,0,1,1,1,0,0,0,1.643834E-09,-5.040732E-08,2.078485E-08,1,0.9818744,0,0,0,1
285.7456,-0.01372773,0.004344773,0.04219174,0.004310553,-0.0178266,-0.007559832,0.9998032,0.2463647,0.07135654,0.7389239,-0.07925354,0.6652959,0,0,0,0,255.6178,0,1,0,0,0,1.643834E-09,-5.040732E-08,2.078485E-08,1,1,0,0,0,1,1,1,0,0,0,1.479451E-09,-4.536659E-08,1.870636E-08,1,0.9781706,0,0,0,1
285.7953,-0.01372773,0.004344773,0.04219174,0.004310556,-0.0178267,-0.007559794,0.9998032,0.2463647,0.07135654,0.7389239,-0.07925354,0.6652959,0,0,0,0,250.6673,0,1,0,0,0,1.479451E-09,-4.536659E-08,1.870636E-08,1,1,0,0,0,1,1,1,0,0,0,1.479451E-09,-4.536659E-08,1.870636E-08,1,1,0,0,0,1
285.8458,-0.01372773,0.004344773,0.04219174,0.004310558,-0.01782679,-0.007559757,0.9998032,0.2463647,0.07135654,0.7389239,-0.07925354,0.6652959,0,0,0,0,260.3059,0,1,0,0,0,1.479451E-09,-4.536659E-08,1.870636E-08,1,1,0,0,0,1,1,1,0,0,0,1.479451E-09,-4.536659E-08,1.870636E-08,1,1,0,0,0,1
285.8955,-0.02103205,-0.006299291,0.02246908,0.004310561,-0.01782684,-0.007559695,0.9998032,0.2463647,0.0714139,0.7390138,-0.07934079,0.6651794,0,0,0,0,265.1762,0,1,-0.01564764,-0.02331258,-0.0521128,1.294289E-09,-2.268501E-08,3.078768E-08,1,1,0,0,0,1,1,1,0,0,0,1.263294E-09,-2.400139E-08,3.190574E-08,1,1,0,0,0,1
285.9458,-0.03472158,-0.0310875,-0.09585419,0.004310558,-0.01782686,-0.007559713,0.9998032,0.2463647,0.07164136,0.740297,-0.0799145,0.6636578,0,0,0,0,246.9597,0,1,-0.01051252,-0.02264673,-0.1509175,-1.386008E-09,-5.792281E-09,-1.007568E-08,1,1,0,0,0,1,1,1,0,0,0,-1.27349E-09,-8.145047E-09,-9.188469E-09,1,1,0,0,0,1
285.9956,-0.04280259,-0.04650874,-0.196481,0.00431056,-0.01782686,-0.007559704,0.9998032,0.2463647,0.07187231,0.7430407,-0.08086082,0.6604441,0,0,0,0,244.7331,0,1,-0.006089198,-0.0105591,-0.07550798,2.509577E-11,4.604265E-09,5.779134E-09,1,1,0,0,0,1,1,1,0,0,0,-2.166701E-11,4.350969E-09,4.988566E-09,1,1,0,0,0,1
286.0493,-0.04883141,-0.05605498,-0.2605625,0.004310559,-0.01782691,-0.007559643,0.9998032,0.2463647,0.07205814,0.7462699,-0.08189332,0.6566448,0,0,0,0,232.291,0,1,-0.005591765,-0.008143884,-0.06038611,3.280012E-10,-1.813392E-08,3.367354E-08,1,1,0,0,0,1,1,1,0,0,0,2.781775E-10,-1.891272E-08,3.070299E-08,1,1,0,0,0,1
286.0953,-0.05018239,-0.05874401,-0.3287895,0.004310563,-0.0178269,-0.007559639,0.9998032,0.2463647,0.07213014,0.7497451,-0.08287467,0.6525422,0,0,0,0,229.1522,0,1,0.001563359,0.001590715,-0.06896301,8.007984E-10,6.775207E-09,4.314405E-09,1,1,0,0,0,1,1,1,0,0,0,7.105728E-10,8.059227E-09,-1.388393E-09,1,1,0,0,0,1
286.1451,-0.04998556,-0.05821851,-0.374993,0.004310559,-0.01782688,-0.007559632,0.9998032,0.2463647,0.07203708,0.753287,-0.08369577,0.6483552,0,0,0,0,255.5299,0,1,5.150888E-05,0.0009099231,-0.0269843,-1.357457E-09,1.557261E-08,4.041598E-09,0.9999999,1,0,0,0,1,1,1,0,0,0,-2.256138E-09,9.004002E-09,4.252989E-09,0.9999999,1,0,0,0,1
286.1952,-0.04560722,-0.0519998,-0.3971627,0.00431056,-0.01782686,-0.007559664,0.9998032,0.2463647,0.0718343,0.7564617,-0.08430121,0.6445921,0,0,0,0,251.5154,0,1,0.009172013,0.01221725,-0.01166605,-1.031941E-09,1.191189E-08,-1.89903E-08,1,1,0,0,0,1,1,1,0,0,0,6.741799E-10,1.178147E-08,-1.203705E-08,1,1,0,0,0,1
286.2449,-0.03880043,-0.04304893,-0.4039502,0.004310558,-0.0178269,-0.007559669,0.9998032,0.2440864,0.07148153,0.7590826,-0.08458284,0.6415058,0,0,0,0,246.7431,0,1,0.003626985,0.004856479,-0.002880942,-1.415172E-09,-1.731798E-08,-1.085142E-09,1,1,0,0,0,1,1,1,0,0,0,-2.593236E-09,-7.468487E-09,-2.399794E-09,1,0.9907523,0,0,0,1
286.2957,-0.03700607,-0.04020917,-0.4109018,0.004310562,-0.01782694,-0.007559618,0.9998032,0.2358079,0.07111731,0.761197,-0.08471473,0.6390187,0,0,0,0,241.43,0,1,0.001657821,0.002669047,-0.005930129,1.123834E-09,-2.005709E-08,2.656631E-08,1,1,0,0,0,1,1,1,0,0,0,1.123834E-09,-2.005709E-08,2.656631E-08,1,0.9660838,0,0,0,1
286.3456,-0.03575077,-0.03843296,-0.412778,0.004310554,-0.01782699,-0.007559623,0.9998032,0.2238088,0.07078466,0.7628854,-0.08476904,0.6370319,0,0,0,0,225.9925,0,1,0,0,0,-4.626475E-09,-2.564517E-08,-4.412767E-09,1,1,0,0,0,1,1,1,0,0,0,-3.659024E-09,-2.060539E-08,-8.820455E-11,1,0.9491149,0,0,0,1
286.3958,-0.03553979,-0.03813443,-0.4130933,0.004310545,-0.01782697,-0.007559694,0.9998032,0.2101006,0.07051392,0.7641981,-0.08479627,0.6354831,0,0,0,0,190.4495,0,1,0,0,0,-5.147114E-09,1.376682E-08,-3.149481E-08,1,1,0,0,0,1,1,1,0,0,0,-6.113529E-09,1.488286E-08,-3.8356E-08,1,0.9387502,0,0,0,1
286.4455,-0.03558135,-0.03798523,-0.4151133,0.004310554,-0.01782697,-0.007559642,0.9998032,0.2044399,0.07029883,0.7652268,-0.08481394,0.6342654,0,0,0,0,240.1425,0,1,-0.0001172267,0.0001507163,-0.002993917,3.022216E-09,7.080379E-11,2.260107E-08,1,1,0,0,0,1,1,1,0,0,0,4.101893E-09,1.421065E-09,3.325488E-08,1,0.9730573,0,0,0,1
286.4951,-0.03560884,-0.03793379,-0.4159766,0.004310553,-0.01782696,-0.007559641,0.9998032,0.202826,0.07012645,0.7660463,-0.08482664,0.6332929,0,0,0,0,225.0279,0,1,0,0,0,-1.442162E-09,4.791172E-09,6.190992E-09,1,1,0,0,0,1,1,1,0,0,0,-2.262165E-09,8.907409E-09,-1.257467E-09,1,0.9921059,0,0,0,1
286.5454,-0.03561345,-0.03792514,-0.4161216,0.004310555,-0.01782706,-0.00755958,0.9998032,0.2007227,0.06999176,0.7666844,-0.08483589,0.632534,0,0,0,0,244.9985,0,1,0,0,0,-2.740183E-10,-4.09434E-08,2.651867E-08,1,1,0,0,0,1,1,1,0,0,0,1.187221E-09,-4.450392E-08,3.441932E-08,1,0.9896299,0,0,0,1
286.5955,-0.03561423,-0.03792369,-0.416146,0.004310553,-0.01782702,-0.007559661,0.9998032,0.1953021,0.0698872,0.7671783,-0.08484268,0.6319454,0,0,0,0,249.865,0,1,0,0,0,-9.187175E-10,1.897726E-08,-3.494274E-08,1,1,0,0,0,1,1,1,0,0,0,-2.15032E-09,2.389331E-08,-4.491062E-08,1,0.9729944,0,0,0,1
286.6457,-0.03561436,-0.03792344,-0.4161501,0.004310557,-0.01782702,-0.007559691,0.9998032,0.1953021,0.06980618,0.7675604,-0.08484773,0.6314896,0,0,0,0,259.7303,0,1,0,0,0,8.332646E-10,3.549623E-09,-1.696129E-08,1,1,0,0,0,1,1,1,0,0,0,1.179824E-09,-4.006031E-10,-1.006608E-08,1,1,0,0,0,1
286.6956,-0.03561439,-0.0379234,-0.4161508,0.004310557,-0.01782699,-0.007559753,0.9998032,0.1953021,0.06974342,0.7678558,-0.0848515,0.6311367,0,0,0,0,264.7241,0,1,0,0,0,-1.95445E-09,1.552666E-08,-3.114166E-08,0.9999999,1,0,0,0,1,1,1,0,0,0,3.625398E-10,1.786224E-08,-3.09726E-08,0.9999999,1,0,0,0,1
286.7453,-0.03561439,-0.0379234,-0.4161509,0.004310553,-0.01782698,-0.007559776,0.9998032,0.1953021,0.06969483,0.7680843,-0.08485432,0.6308636,0,0,0,0,274.7137,0,1,0,0,0,-2.463123E-09,6.044498E-09,-9.567265E-09,1,1,0,0,0,1,1,1,0,0,0,-2.477312E-09,1.191484E-08,-1.038673E-08,1,1,0,0,0,1
286.7957,-0.03561439,-0.0379234,-0.4161509,0.004310549,-0.01782696,-0.00755978,0.9998032,0.1953021,0.06965723,0.7682611,-0.08485648,0.6306523,0,0,0,0,279.7085,0,1,0,0,0,-1.562862E-09,1.35249E-08,-1.326903E-09,1,1,0,0,0,1,1,1,0,0,0,-1.562862E-09,1.35249E-08,-1.326903E-09,1,1,0,0,0,1
286.8452,-0.03561439,-0.0379234,-0.4161509,0.004310559,-0.01782695,-0.007559757,0.9998032,0.1953021,0.06962812,0.7683977,-0.08485812,0.6304887,0,0,0,0,274.7137,0,1,0,0,0,3.734973E-09,6.17856E-09,7.389015E-09,1,1,0,0,0,1,1,1,0,0,0,4.162508E-09,2.167774E-09,1.4632E-08,1,1,0,0,0,1
286.8951,-0.03561439,-0.0379234,-0.4161509,0.004310569,-0.017827,-0.007559738,0.9998032,0.1953021,0.06960559,0.7685034,-0.08485937,0.6303621,0,0,0,0,264.7242,0,1,0,0,0,3.586726E-09,-1.526428E-08,1.03743E-08,0.9999999,1,0,0,0,1,1,1,0,0,0,3.586726E-09,-1.526428E-08,1.03743E-08,0.9999999,1,0,0,0,1
286.945,-0.03561439,-0.0379234,-0.4161509,0.004310575,-0.01782699,-0.007559723,0.9998032,0.1953021,0.06958816,0.7685853,-0.08486034,0.6302642,0,0,0,0,264.7242,0,1,0,0,0,2.862622E-09,1.101302E-08,7.875786E-09,1,1,0,0,0,1,1,1,0,0,0,2.969924E-09,1.084771E-08,8.125515E-09,1,1,0,0,0,1
286.995,-0.03550408,-0.03736867,-0.4142628,0.004310581,-0.01782702,-0.007559672,0.9998032,0.1953021,0.06957313,0.768636,-0.08485562,0.6302046,0,0,0,0,264.7191,0,1,0,0,0,1.921718E-09,-1.254128E-08,2.521889E-08,1,1,0,0,0,1,1,1,0.0001678927,0.0008443345,0.002873832,2.783226E-09,-1.462491E-08,2.820804E-08,1,1,0,0,0,1
287.0454,-0.03545617,-0.03712773,-0.4134428,0.004310588,-0.01782702,-0.007559641,0.9998032,0.1953021,0.06955876,0.7686527,-0.08484223,0.6301877,0,0,0,0,254.6886,0,1,0,0,0,2.424856E-09,-3.14339E-10,2.149279E-08,1,1,0,0,0,1,1,1,0,0,0,2.185549E-09,-4.637759E-10,1.21639E-08,1,1,0,0,0,1
287.0954,-0.03544812,-0.03708724,-0.413305,0.004310578,-0.0178271,-0.007559696,0.9998032,0.1932281,0.06954712,0.7686613,-0.08483002,0.6301801,0,0,0,0,259.6305,0,1,0,0,0,-6.895519E-09,-3.676906E-08,-2.571834E-08,1,1,0,0,0,1,1,1,0,0,0,-6.895519E-09,-3.676906E-08,-2.571834E-08,1,0.9893808,0,0,0,1
287.1451,-0.03544677,-0.03708043,-0.4132818,0.004310578,-0.01782708,-0.007559738,0.9998032,0.1890193,0.06953803,0.7686673,-0.08482025,0.6301751,0,0,0,0,254.4969,0,1,0,0,0,-1.132457E-09,1.18845E-08,-2.185687E-08,1,1,0,0,0,1,1,1,0,0,0,-5.887119E-10,1.166165E-08,-1.84914E-08,1,0.9782182,0,0,0,1
287.196,-0.03544654,-0.03707929,-0.413278,0.004310575,-0.01782707,-0.00755975,0.9998032,0.1860921,0.06953097,0.7686718,-0.08481264,0.6301713,0,0,0,0,209.4691,0,1,0,0,0,-1.900439E-09,7.863526E-09,-5.445994E-09,1,1,0,0,0,1,1,1,0,0,0,-1.900439E-09,7.863526E-09,-5.445994E-09,1,0.9845141,0,0,0,1
287.2456,-0.0354465,-0.0370791,-0.4132773,0.004310571,-0.0178271,-0.007559753,0.9998032,0.1821942,0.06952552,0.7686752,-0.08480675,0.6301686,0,0,0,0,214.3691,0,1,0,0,0,-2.326284E-09,-8.90032E-09,4.425691E-10,1,1,0,0,0,1,1,1,0,0,0,-2.326284E-09,-8.90032E-09,4.425691E-10,1,0.9790537,0,0,0,1
287.2957,-0.0354465,-0.03707906,-0.4132772,0.00431058,-0.01782715,-0.007559706,0.9998032,0.1793803,0.06952131,0.7686779,-0.0848022,0.6301664,0,0,0,0,244.1409,0,1,0,0,0,4.813936E-09,-1.951455E-08,2.276518E-08,1,1,0,0,0,1,1,1,0,0,0,3.566079E-09,-1.47135E-08,2.444219E-08,1,0.9845555,0,0,0,1
287.3451,-0.0354465,-0.03707906,-0.4132772,0.004310575,-0.01782714,-0.007559691,0.9998032,0.1711342,0.06951804,0.76868,-0.08479868,0.6301647,0,0,0,0,199.1752,0,1,0,0,0,-2.756666E-09,8.152934E-09,7.760622E-09,1,1,0,0,0,1,1,1,0,0,0,-2.756666E-09,8.152934E-09,7.760622E-09,1,0.95403,0,0,0,1
287.3956,-0.0354465,-0.03707906,-0.4132772,0.004310581,-0.01782712,-0.007559708,0.9998032,0.1643958,0.0695155,0.7686816,-0.08479592,0.6301634,0,0,0,0,238.7067,0,1,0,0,0,1.891503E-09,6.928924E-09,-4.203595E-09,1,1,0,0,0,1,1,1,0,0,0,1.215859E-09,1.370699E-08,-1.255546E-08,1,0.9606249,0,0,0,1
287.4452,-0.0354465,-0.03707906,-0.4132772,0.004310579,-0.01782714,-0.007559685,0.9998032,0.1559611,0.06951355,0.7686828,-0.08479382,0.6301624,0,0,0,0,238.3815,0,1,0,0,0,-1.600431E-09,-7.463535E-09,1.19005E-08,1,1,0,0,0,1,1,1,0,0,0,-1.600431E-09,-7.463535E-09,1.19005E-08,1,0.9486932,0,0,0,1
287.4952,-0.0354465,-0.03707906,-0.4132772,0.004310579,-0.01782715,-0.007559691,0.9998032,0.1538355,0.06951202,0.7686837,-0.08479217,0.6301616,0,0,0,0,253.0464,0,1,0,0,0,-4.048637E-10,1.293532E-09,-1.526677E-09,1,1,0,0,0,1,1,1,0,0,0,-4.048637E-10,1.293532E-09,-1.526677E-09,1,0.9863705,0,0,0,1
287.5454,-0.0354465,-0.03707906,-0.4132772,0.004310578,-0.01782716,-0.00755969,0.9998032,0.1538355,0.06951086,0.7686845,-0.08479092,0.630161,0,0,0,0,257.983,0,1,0,0,0,-5.503039E-10,-7.024836E-09,2.883593E-09,1,1,0,0,0,1,1,1,0,0,0,-1.425592E-09,-3.409157E-09,-2.003491E-10,1,1,0,0,0,1
287.5956,-0.0354465,-0.03707906,-0.4132772,0.004310573,-0.01782718,-0.007559725,0.9998032,0.1538355,0.06950995,0.7686851,-0.08478993,0.6301606,0,0,0,0,272.8666,0,1,0,0,0,-5.226522E-09,-1.088368E-08,-2.223928E-08,0.9999999,1,0,0,0,1,1,1,0,0,0,-1.918332E-09,-8.555926E-09,-9.914618E-09,0.9999998,1,0,0,0,1
287.6456,-0.0354465,-0.03707906,-0.4132772,0.004310573,-0.01782725,-0.007559731,0.9998032,0.1538355,0.06950926,0.7686856,-0.08478918,0.6301602,0,0,0,0,272.8666,0,1,0,0,0,1.009369E-09,-3.208258E-08,-2.092125E-09,1,1,0,0,0,1,1,1,0,0,0,1.143037E-09,-3.274817E-08,-4.254999E-09,1,1,0,0,0,1
287.6953,-0.0354465,-0.03707906,-0.4132772,0.004310574,-0.01782721,-0.007559734,0.9998032,0.1538355,0.06950872,0.7686858,-0.0847886,0.6301599,0,0,0,0,267.9054,0,1,0,0,0,1.052512E-09,2.058557E-08,-4.204951E-09,1,1,0,0,0,1,1,1,0,0,0,9.948025E-10,2.129876E-08,-2.488541E-10,1,1,0,0,0,1
287.7451,-0.0354465,-0.03707906,-0.4132772,0.004310586,-0.01782718,-0.007559726,0.9998032,0.1538355,0.06950831,0.7686861,-0.08478814,0.6301596,0,0,0,0,272.8666,0,1,0,0,0,6.275478E-09,1.955955E-08,6.094387E-09,1,1,0,0,0,1,1,1,0,0,0,3.982437E-09,1.894658E-08,-8.755704E-12,1,1,0,0,0,1
287.7954,-0.0354465,-0.03707906,-0.4132772,0.004310588,-0.01782712,-0.007559702,0.9998032,0.1538355,0.06950798,0.7686864,-0.0847878,0.6301594,0,0,0,0,272.8666,0,1,0,0,0,-3.347013E-10,3.314166E-08,1.154964E-08,1,1,0,0,0,1,1,1,0,0,0,4.390996E-10,3.388093E-08,1.251894E-08,1,1,0,0,0,1
287.8477,-0.03540364,-0.03705646,-0.4123785,0.004310586,-0.01782712,-0.007559717,0.9998032,0.1538355,0.06950815,0.7686837,-0.08478726,0.6301629,0,0,0,0,243.0993,0,1,0.0001428673,7.534049E-05,0.002995648,-2.506883E-09,7.350133E-09,-5.517359E-09,1,1,0,0,0,1,1,1,0,0,0,-5.045326E-10,9.089025E-09,-4.921419E-09,1,1,0,0,0,1
287.895,-0.02041448,-0.02945049,-0.3819292,0.004310586,-0.01782711,-0.007559726,0.9998032,0.1538355,0.06948657,0.7684655,-0.08469923,0.630443,0,0,0,0,228.096,0,1,0.003474816,0.003123122,0.04486215,-1.818927E-09,1.390848E-08,-4.039385E-09,1,1,0,0,0,1,1,1,0.02944035,0.01363298,0.01310812,-7.708552E-10,8.856926E-09,-3.061131E-09,1,1,0,0,0,1
287.9455,0.0365629,0.001629596,-0.2707844,0.004310578,-0.01782716,-0.00755966,0.9998032,0.1538355,0.06925331,0.7671179,-0.08403313,0.6321967,0,0,0,0,236.416,0,1,0.01414416,0.01641446,0.1374707,-4.029934E-09,-2.199126E-08,3.459692E-08,1,1,0,0,0,1,1,1,0.05502719,0.02261062,0.01227898,-4.541064E-09,-2.021125E-08,3.231455E-08,1,1,0,0,0,1
287.9953,0.1679847,0.05898773,-0.1177155,0.004310569,-0.01782716,-0.00755976,0.9998032,0.1538355,0.06844041,0.7639351,-0.08215957,0.6363717,0,0,0,0,231.3755,0,1,0.01234325,0.007807118,0.1647532,-4.641093E-09,-1.164182E-09,-5.367928E-08,1,1,0,0,0,1,1,1,0.146853,0.05560452,0.01649459,-3.784586E-09,8.416488E-09,-4.602323E-08,1,1,0,0,0,1
288.045,0.4036559,0.138128,0.0475671,0.004310559,-0.01782719,-0.007559794,0.9998032,0.1538355,0.06662381,0.7587065,-0.078584,0.6432342,0,0,0,0,222.096,0,1,-0.003820555,-0.01679133,0.1347137,-5.671935E-09,-1.882949E-08,-1.554939E-08,1,1,0,0,0,1,1,1,0.2714301,0.09895498,0.008387662,-5.831915E-09,-2.123569E-08,-1.673247E-08,1,1,0,0,0,1
288.0956,0.6415466,0.2067963,0.172131,0.004310559,-0.01782719,-0.00755983,0.9998032,0.1538355,0.06380905,0.7522838,-0.07366973,0.6515907,0,0,0,0,208.9388,0,1,-0.009207595,-0.0213427,0.08641993,3.642003E-10,-1.145559E-09,-1.848881E-08,1,1,0,0,0,1,1,1,0.2359383,0.08611867,0.002227733,4.965955E-10,-3.909034E-09,-1.874099E-08,1,1,0,0,0,1
288.1458,0.8017279,0.231991,0.2936142,0.004310566,-0.01782721,-0.007559814,0.9998032,0.1538355,0.06081863,0.7455229,-0.06868539,0.6601357,0,0,0,0,196.6207,0,1,-0.0278064,-0.05535892,0.1652266,4.97068E-09,-5.869669E-09,7.211783E-09,1,1,0,0,0,1,1,1,0.1920859,0.06841986,-0.01039531,3.622277E-09,-8.582473E-09,1.038008E-08,1,1,0,0,0,1
288.195,0.9728214,0.2685826,0.416168,0.004310571,-0.0178272,-0.007559785,0.9998032,0.1538355,0.05793581,0.7383208,-0.06394792,0.668907,0,0,0,0,182.8713,0,1,-0.01227188,-0.02237407,0.1156149,3.289335E-09,1.854731E-09,1.547133E-08,1,1,0,0,0,1,1,1,0.2072867,0.08019311,-0.004199986,3.002034E-09,2.507649E-09,1.223725E-08,1,1,0,0,0,1
288.2454,1.1603,0.332676,0.5188999,0.004310573,-0.0178272,-0.007559757,0.9998032,0.1538355,0.05462399,0.7311118,-0.0589458,0.6775081,0,0,0,0,173.0661,0,1,-0.005075072,-0.008604193,0.08345118,1.103098E-09,-3.246272E-09,1.271384E-08,0.9999999,1,0,0,0,1,1,1,0.1943043,0.08256218,0.01550283,1.103098E-09,-3.246272E-09,1.271384E-08,0.9999999,1,0,0,0,1
288.2954,1.330385,0.4053185,0.61055,0.004310574,-0.01782719,-0.007559774,0.9998032,0.1538355,0.05075252,0.7241246,-0.05359594,0.6857078,0,0,0,0,162.745,0,1,-0.0007832607,-0.001071134,0.04210089,3.681561E-10,5.139762E-10,-7.932885E-09,1,1,0,0,0,1,1,1,0.1441759,0.07101205,0.03838325,3.681561E-10,5.139762E-10,-7.932885E-09,1,1,0,0,0,1
288.3457,1.450757,0.465731,0.6741186,0.004310576,-0.01782718,-0.007559784,0.9998032,0.1538355,0.04660436,0.7176704,-0.04825342,0.6931441,0,0,0,0,156.6438,0,1,0.0040817,0.008174926,0.02524535,1.205619E-09,4.496862E-09,-4.446461E-09,1,1,0,0,0,1,1,1,0.0974032,0.04751284,0.02227962,1.14046E-09,3.432069E-09,-5.408669E-09,1,1,0,0,0,1
288.3957,1.546639,0.520797,0.7240942,0.004310574,-0.01782718,-0.007559789,0.9998032,0.1538355,0.04238789,0.7119505,-0.04313491,0.6996207,0,0,0,0,146.0893,0,1,0.005204889,0.01106415,0.02273529,-1.228508E-10,1.602266E-09,-4.644238E-09,1,1,0,0,0,1,1,1,0.06420872,0.03263921,0.01796495,-8.944875E-11,1.173045E-09,-2.873725E-09,1,1,0,0,0,1
288.4456,1.62062,0.5752993,0.7556927,0.004310574,-0.01782718,-0.007559788,0.9998032,0.1538355,0.0382977,0.7070286,-0.03840233,0.7051022,0,0,0,0,140.6213,0,1,0.01886522,0.03661574,0.00885087,-2.523162E-11,-9.417733E-10,2.358063E-09,1,1,0,0,0,1,1,1,0.06949236,0.03450608,0.01697896,-1.864157E-11,-9.294998E-10,2.148455E-10,1,1,0,0,0,1
288.4953,1.704769,0.6471588,0.772683,0.004310574,-0.01782718,-0.007559783,0.9998032,0.1538355,0.03397227,0.702941,-0.03365162,0.709639,0,0,0,0,118.6207,0,1,0.02061957,0.03904142,-0.01178148,6.108996E-11,5.94167E-10,3.136279E-09,1,1,0,0,0,1,1,1,0.04660559,0.02581782,0.01995237,6.108996E-11,5.94167E-10,3.136279E-09,1,1,0,0,0,1
288.5457,1.752674,0.6989015,0.7927527,0.004310575,-0.01782718,-0.007559762,0.9998032,0.1538355,0.0296395,0.6995898,-0.02906828,0.7133377,0,0,0,0,131.6035,0,1,0.01223744,0.02603896,0.01036301,-1.203481E-10,-9.913113E-10,1.07349E-08,1,1,0,0,0,1,1,1,0.0186784,0.0140764,0.01876334,-1.203481E-10,-9.913113E-10,1.07349E-08,1,1,0,0,0,1
288.5956,1.779448,0.7294315,0.8473083,0.004310575,-0.01782719,-0.007559757,0.9998032,0.1538355,0.0256763,0.6964898,-0.0249532,0.7166729,0,0,0,0,128.5804,0,1,-0.003932849,0.001702687,0.06051102,-3.032321E-10,-1.422411E-09,1.160106E-09,1,1,0,0,0,1,1,1,0.02940366,0.02370077,0.03153741,-4.985255E-10,-6.326069E-10,4.452289E-09,1,1,0,0,0,1
288.6452,1.798474,0.7459585,0.938991,0.004310575,-0.01782719,-0.007559767,0.9998032,0.1538355,0.02221249,0.6927581,-0.02135689,0.7205114,0,0,0,0,125.9856,0,1,-0.01007363,-0.01021324,0.06447326,3.060036E-10,-1.999327E-09,-7.237154E-09,1,1,0,0,0,1,1,1,0.01379974,0.01066319,0.01280092,2.946764E-10,-2.568781E-09,-4.458686E-09,1,1,0,0,0,1
288.6953,1.791975,0.7383347,1.00941,0.004310574,-0.01782718,-0.00755976,0.9998032,0.1538355,0.01953611,0.6887128,-0.01857026,0.724533,0,0,0,0,123.9409,0,1,-0.01382661,-0.01481827,0.075554,4.296798E-11,-1.486235E-09,2.474216E-09,1,1,0,0,0,1,1,1,0,0,0,1.063299E-10,-1.503324E-09,1.696648E-09,1,1,0,0,0,1
288.7455,1.781547,0.7279888,1.074805,0.004310575,-0.01782718,-0.007559762,0.9998032,0.1538355,0.01763954,0.6844332,-0.01656858,0.7286738,0,0,0,0,136.1859,0,1,-0.008281374,-0.006752001,0.05293217,1.246585E-11,6.429218E-09,1.416388E-09,0.9999999,1,0,0,0,1,1,1,0,0,0,4.330528E-11,3.346846E-09,-2.976623E-10,0.9999999,1,0,0,0,1
288.7952,1.776965,0.7268194,1.116225,0.004310577,-0.01782719,-0.007559762,0.9998032,0.1538355,0.01626254,0.6802564,-0.01509981,0.7326383,0,0,0,0,135.7854,0,1,0.0004064383,0.00738635,0.02861524,-1.409766E-10,8.544095E-10,8.24241E-10,1,1,0,0,0,1,1,1,0,0,0,-2.279274E-10,-3.711203E-10,1.721836E-09,1,1,0,0,0,1
288.8452,1.781533,0.7413627,1.136823,0.004310576,-0.01782719,-0.007559761,0.9998032,0.1538355,0.01505667,0.676521,-0.01383726,0.7361394,0,0,0,0,135.4389,0,1,0.01019881,0.02390871,0.007827893,-9.726805E-11,-3.755261E-09,-8.716118E-10,0.9999999,1,0,0,0,1,1,1,0,0,0,-1.317053E-10,-4.843909E-09,-1.170407E-09,0.9999999,1,0,0,0,1
288.8958,1.793926,0.7680872,1.148282,0.004310577,-0.01782719,-0.007559758,0.9998032,0.1538355,0.01372922,0.6734309,-0.01251078,0.7390168,0,0,0,0,129.6407,0,1,0.009296229,0.02170042,0.004319478,-1.731901E-10,-1.581526E-09,1.38059E-09,1,1,0,0,0,1,1,1,0.00487233,0.006806026,0.01244367,-2.159714E-10,-1.584433E-09,2.653874E-09,1,1,0,0,0,1
288.9458,1.824747,0.8141807,1.207218,0.004310579,-0.01782718,-0.007559759,0.9998032,0.1538355,0.01210467,0.6705095,-0.01094251,0.7417215,0,0,0,0,126.0345,0,1,0.003779582,0.01448967,0.0180098,2.754751E-10,1.22502E-08,7.231777E-10,1,1,0,0,0,1,1,1,0.04362841,0.04963681,0.08026153,2.63692E-10,9.137493E-09,9.049642E-10,1,1,0,0,0,1
288.9953,1.920557,0.9125027,1.338337,0.00431058,-0.01782716,-0.007559765,0.9998032,0.1538355,0.009574692,0.6666631,-0.008565052,0.7452485,0,0,0,0,120.8791,0,1,0.001731402,0.01141799,0.02038354,2.134559E-10,1.256541E-08,-1.47045E-09,1,1,0,0,0,1,1,1,0.1392613,0.1160049,0.1399309,2.838218E-10,1.321697E-08,-2.409428E-09,1,1,0,0,0,1
289.0453,2.077614,1.040125,1.501243,0.00431058,-0.01782716,-0.007559767,0.9998032,0.1538355,0.005579023,0.6614415,-0.004920526,0.7499599,0,0,0,0,114.8585,0,1,-0.00691879,-0.0104064,0.01582933,-3.25084E-10,2.98908E-09,1.023119E-09,1,1,0,0,0,1,1,1,0.174328,0.1363622,0.1493742,-2.984339E-10,1.663059E-09,1.140777E-09,1,1,0,0,0,1
289.0958,2.221462,1.150487,1.628911,0.004310581,-0.01782717,-0.007559771,0.9998032,0.1538355,0.0005377963,0.6553929,-0.0004666669,0.7552878,0,0,0,0,106.5474,0,1,0,0,0,1.850571E-10,-1.210325E-09,-1.174075E-09,1,1,0,0,0,1,1,1,0.1310053,0.1013055,0.1022903,1.850571E-10,-1.210325E-09,-1.174075E-09,1,1,0,0,0,1
289.1451,2.346099,1.244143,1.719475,0.004310583,-0.01782718,-0.007559771,0.9998032,0.1538355,-0.004942139,0.6494023,0.004220626,0.7604173,0,0,0,0,99.0647,0,1,0,0,0,-5.178902E-12,-2.146572E-09,4.381073E-10,1,1,0,0,0,1,1,1,0.1263455,0.09108105,0.0767846,-2.373302E-11,1.067555E-09,2.553253E-10,1,1,0,0,0,1
289.1958,2.447242,1.314202,1.772349,0.004310584,-0.01782723,-0.007559764,0.9998032,0.1538355,-0.01037378,0.6440303,0.00873474,0.7648798,0,0,0,0,101.0223,0,1,0,0,0,1.926265E-10,-2.774766E-08,2.619111E-09,1,1,0,0,0,1,1,1,0.08648518,0.05706736,0.03536561,4.673713E-11,-2.348929E-08,4.089678E-09,1,1,0,0,0,1
289.246,2.580379,1.398762,1.817019,0.00431058,-0.01782724,-0.007559774,0.9998032,0.1538355,-0.01576972,0.6394678,0.01312121,0.7685441,0,0,0,0,76.86013,0,1,0,0,0,2.702274E-10,-7.22302E-09,-4.129121E-09,1,1,0,0,0,1,1,1,0.1582159,0.09586212,0.03933438,1.368067E-10,-1.217945E-08,-6.541194E-09,1,1,0,0,0,1
289.2959,2.684061,1.456472,1.830602,0.004310582,-0.0178273,-0.007559788,0.9998032,0.1538355,-0.0209888,0.6359131,0.01730505,0.7712811,0,0,0,0,69.87389,0,1,0,0,0,1.165719E-09,-2.976976E-08,-8.177545E-09,1,1,0,0,0,1,1,1,0.05915495,0.02781344,-0.004704175,1.331431E-09,-2.156196E-08,-6.4286E-09,1,1,0,0,0,1
289.3459,2.731215,1.477927,1.824975,0.004310581,-0.01782731,-0.007559776,0.9998032,0.1538355,-0.02541555,0.6333854,0.02082141,0.7731388,0,0,0,0,79.02586,0,1,0,0,0,3.251081E-10,-5.945825E-09,4.675783E-09,1,1,0,0,0,1,1,1,0.03129472,0.01149295,-0.01060539,-6.597214E-11,-5.199566E-09,4.050161E-09,1,1,0,0,0,1
289.3957,2.755519,1.490057,1.823493,0.00431058,-0.01782734,-0.007559768,0.9998032,0.1538355,-0.02901323,0.6316123,0.02366424,0.7743799,0,0,0,0,76.62914,0,1,0,0,0,1.994528E-10,-1.420156E-08,2.158088E-09,1,1,0,0,0,1,1,1,0.01480251,0.009652738,0.003420893,-7.612601E-11,-2.003082E-08,5.036515E-09,1,1,0,0,0,1
289.4455,2.76322,1.490262,1.814092,0.004310577,-0.01782734,-0.00755975,0.9998032,0.1538355,-0.03187405,0.6303435,0.025917,0.7752287,0,0,0,0,78.46347,0,1,0,0,0,-2.00343E-09,2.292985E-09,8.914173E-09,1,1,0,0,0,1,1,1,-0.005349948,-0.01200319,-0.02217581,-1.922233E-09,-3.663999E-09,9.317754E-09,1,1,0,0,0,1
289.4951,2.744579,1.469209,1.782714,0.004310572,-0.01782732,-0.007559758,0.9998032,0.1538355,-0.03384691,0.6297404,0.02748232,0.7755811,0,0,0,0,76.60055,0,1,0,0,0,-2.484559E-09,1.719518E-08,-3.485574E-09,1,1,0,0,0,1,1,1,-0.02218749,-0.02223804,-0.03222945,-2.314407E-09,6.210603E-09,-4.075858E-09,1,1,0,0,0,1
289.5448,2.729388,1.457898,1.767416,0.004310572,-0.01782733,-0.00755977,0.9998032,0.1538355,-0.03516523,0.6295658,0.02854317,0.775626,0,0,0,0,78.61581,0,1,0,0,0,-3.009367E-11,-1.251205E-09,-4.235094E-09,1,1,0,0,0,1,1,1,-0.01546022,-0.007069811,-0.006461841,-4.374254E-11,1.212509E-09,-4.858637E-09,1,1,0,0,0,1
289.5954,2.712872,1.451371,1.761876,0.004310578,-0.01782737,-0.007559761,0.9998032,0.1538355,-0.03610533,0.6294921,0.02930325,0.7756143,0,0,0,0,79.27027,0,1,-0.0007847339,-0.002872643,-0.0003634747,3.094307E-09,-2.376033E-08,1.583494E-09,1,1,0,0,0,1,1,1,-0.01719899,-0.003926646,-0.003492244,2.90449E-09,-2.243726E-08,4.054697E-09,1,1,0,0,0,1
289.645,2.689248,1.427817,1.757356,0.004310578,-0.01782738,-0.007559764,0.9998032,0.1538355,-0.03664201,0.6294293,0.0297355,0.7756236,0,0,0,0,73.7862,0,1,-0.00785381,-0.0396197,-0.01663269,1.030932E-09,-7.010517E-09,-2.657265E-09,1,1,0,0,0,1,1,1,-0.02069208,0.001330654,0.01085189,1.038822E-09,-7.780945E-09,-2.842308E-09,1,1,0,0,0,1
289.6949,2.662927,1.384549,1.746564,0.004310573,-0.01782735,-0.007559764,0.9998032,0.1538355,-0.03647754,0.6294218,0.02960095,0.7756425,0,0,0,0,74.73376,0,1,-0.009323858,-0.05072743,-0.02407879,-1.735956E-09,1.355241E-08,2.298874E-09,1,1,0,0,0,1,1,1,-0.01401079,0.002447695,0.00925188,-1.944308E-09,1.404785E-08,1.52163E-09,1,1,0,0,0,1
289.7454,2.642601,1.349926,1.737439,0.004310574,-0.01782734,-0.00755978,0.9998032,0.1538355,-0.03568411,0.629539,0.02896376,0.7756084,0,0,0,0,64.41286,0,1,-0.004715632,-0.02262726,-0.008818713,1.661396E-09,7.235293E-09,-1.24821E-08,1,1,0,0,0,1,1,1,-0.009859584,0.001636063,0.004164831,9.899357E-10,4.981709E-09,-6.803268E-09,1,1,0,0,0,1
289.7955,2.619438,1.327268,1.730407,0.004310575,-0.01782732,-0.007559792,0.9998032,0.1538355,-0.03463684,0.6297104,0.02812358,0.7755477,0,0,0,0,78.23057,0,1,-0.006267645,-0.02295915,-0.003096898,1.278716E-09,8.046234E-09,-4.828651E-09,1,1,0,0,0,1,1,1,-0.02072058,0.0008062826,-0.00331741,9.952168E-10,7.306779E-09,-7.328454E-09,1,1,0,0,0,1
289.8457,2.60933,1.306427,1.722529,0.004310574,-0.01782728,-0.007559802,0.9998032,0.1538355,-0.03348468,0.6299139,0.02719973,0.775466,0,0,0,0,80.79793,0,1,-0.00380906,-0.02244473,-0.01177743,6.405905E-10,1.52387E-08,-4.425785E-09,1,1,0,0,0,1,1,1,0,0,0,7.721601E-10,1.461585E-08,-4.922838E-09,1,1,0,0,0,1
289.8957,2.603394,1.281437,1.712188,0.004310575,-0.01782724,-0.007559812,0.9998032,0.1538355,-0.03219101,0.6302321,0.02616777,0.7752977,0,0,0,0,84.74711,0,1,-0.006198693,-0.02834759,-0.009695457,1.366362E-09,2.194595E-08,-3.481583E-09,1,1,0,0,0,1,1,1,0,0,0,9.640146E-10,2.010884E-08,-6.108237E-09,1,1,0,0,0,1
289.9456,2.598563,1.256026,1.699893,0.004310575,-0.01782725,-0.007559819,0.9998032,0.1538355,-0.03073763,0.6306638,0.02501163,0.7750438,0,0,0,0,86.83448,0,1,-0.003871107,-0.02508514,-0.01512181,1.556666E-09,-1.004358E-08,-4.279823E-09,1,1,0,0,0,1,1,1,0,0,0,1.506137E-09,-1.204354E-08,-3.720783E-09,1,1,0,0,0,1
289.9952,2.595902,1.232852,1.681945,0.004310577,-0.01782723,-0.007559807,0.9998032,0.1538355,-0.02917589,0.6312853,0.0237767,0.7746369,0,0,0,0,87.07278,0,1,-0.001633627,-0.01912692,-0.01724688,1.329999E-09,7.828778E-09,6.217116E-09,1,1,0,0,0,1,1,1,0,0,0,1.927738E-09,4.877871E-09,5.493343E-09,1,1,0,0,0,1
290.0456,2.592492,1.210369,1.667626,0.004310576,-0.01782726,-0.007559826,0.9998032,0.1538355,-0.02755153,0.632062,0.02249612,0.7741011,0,0,0,0,87.21507,0,1,-0.004007417,-0.02236724,-0.01185679,4.080241E-10,-7.976006E-09,-7.603184E-09,1,1,0,0,0,1,1,1,0,0,0,7.892195E-10,-7.945811E-09,-1.141576E-08,1,1,0,0,0,1
290.095,2.589577,1.192276,1.656671,0.004310579,-0.01782726,-0.007559847,0.9998032,0.1538355,-0.0259655,0.6328483,0.02124265,0.7735487,0,0,0,0,85.64076,0,1,-0.002441185,-0.0166382,-0.01105489,9.352409E-10,5.621839E-09,-1.183827E-08,1,1,0,0,0,1,1,1,0,0,0,7.258448E-10,-7.891361E-10,-9.243616E-09,1,1,0,0,0,1
290.1452,2.58595,1.175916,1.650738,0.004310579,-0.01782726,-0.007559864,0.9998032,0.1538355,-0.02444944,0.6335984,0.02003986,0.773016,0,0,0,0,87.43719,0,1,-0.004791981,-0.01719135,-0.002343688,3.572737E-10,-5.968493E-09,-8.886376E-09,1,1,0,0,0,1,1,1,0,0,0,3.328305E-10,7.235572E-10,-1.020923E-08,1,1,0,0,0,1
290.1956,2.581318,1.158898,1.647759,0.004310575,-0.01782722,-0.007559864,0.9998032,0.1538355,-0.02297487,0.6342344,0.01886103,0.7725692,0,0,0,0,87.61525,0,1,-0.004046713,-0.01430371,-0.002006948,-6.60195E-10,1.074075E-08,-1.475682E-09,1,1,0,0,0,1,1,1,0,0,0,-8.395243E-10,9.173796E-09,-1.222901E-09,1,1,0,0,0,1
290.2455,2.591082,1.151737,1.647968,0.004310575,-0.01782726,-0.007559865,0.9998032,0.1538355,-0.02163277,0.6347598,0.01778241,0.772202,0,0,0,0,84.35976,0,1,-0.0008066768,-0.002860919,-0.000405482,1.0819E-09,-2.113039E-08,-2.680725E-09,1,1,0,0,0,1,1,1,0.01786268,0.0007626548,0.002083485,1.0819E-09,-2.113039E-08,-2.680725E-09,1,1,0,0,0,1
290.2953,2.606217,1.14435,1.648857,0.00431057,-0.01782718,-0.007559876,0.9998032,0.1538355,-0.0204647,0.6352,0.01684065,0.7718928,0,0,0,0,82.29852,0,1,-0.00243148,-0.008582301,-0.001196074,-1.056469E-09,4.326448E-08,-5.744713E-09,1,1,0,0,0,1,1,1,0.02382556,0.0007835052,0.002779412,-1.125989E-09,3.878332E-08,-2.863638E-09,1,1,0,0,0,1
290.3456,2.639206,1.142592,1.644712,0.004310567,-0.0178272,-0.007559877,0.9998032,0.1538355,-0.01946476,0.6356582,0.01603629,0.7715586,0,0,0,0,79.84171,0,1,0,0,0,-1.696604E-09,-1.570741E-08,-1.283886E-09,1,1,0,0,0,1,1,1,0.05536985,0.0005218257,-0.008688075,-1.436373E-09,-1.362865E-08,-1.097363E-09,1,1,0,0,0,1
290.3956,2.730376,1.143176,1.638106,0.004310569,-0.01782726,-0.007559871,0.9998032,0.1538355,-0.01862828,0.636351,0.01537457,0.7710214,0,0,0,0,81.11933,0,1,0,0,0,1.448943E-09,-2.77512E-08,1.977317E-09,1,1,0,0,0,1,1,1,0.1033699,0.0009212587,-0.006466205,1.554335E-09,-2.898228E-08,4.824582E-10,1,1,0,0,0,1
290.4456,2.825984,1.144017,1.640868,0.004310567,-0.01782724,-0.007559863,0.9998032,0.1538355,-0.01791836,0.6372114,0.01482178,0.7703382,0,0,0,0,80.19471,0,1,0,0,0,-3.489763E-10,7.855832E-09,3.122795E-09,1,1,0,0,0,1,1,1,0.098708,0.0008764587,0.008087757,-4.434909E-10,1.421141E-09,3.879649E-09,1,1,0,0,0,1
290.4953,2.94136,1.144315,1.638643,0.004310566,-0.01782724,-0.007559861,0.9998032,0.1538355,-0.01729456,0.6382045,0.01434296,0.7695389,0,0,0,0,73.81853,0,1,0,0,0,6.067847E-10,-2.882083E-09,6.787195E-10,1,1,0,0,0,1,1,1,0.1123029,3.152362E-05,-0.005753058,6.067847E-10,-2.882083E-09,6.787195E-10,1,1,0,0,0,1
290.5452,3.095615,1.144467,1.630827,0.004310563,-0.01782725,-0.007559855,0.9998032,0.1538355,-0.0167101,0.6394731,0.01390446,0.7685061,0,0,0,0,69.2463,0,1,0,0,0,-4.789728E-10,-1.161884E-08,1.073556E-09,0.9999999,1,0,0,0,1,1,1,0.1762172,0.000104173,-0.01106027,-6.008295E-10,-1.068227E-08,1.787424E-09,0.9999999,1,0,0,0,1
290.5956,3.224926,1.144662,1.62402,0.004310563,-0.01782726,-0.007559845,0.9998032,0.1538355,-0.01614556,0.6410384,0.01349016,0.7672204,0,0,0,0,61.66861,0,1,0,0,0,3.676385E-10,-7.891445E-09,3.538336E-09,1,1,0,0,0,1,1,1,0.1030111,0.000226546,-0.00416909,5.920984E-10,-7.8321E-09,2.479082E-09,1,1,0,0,0,1
290.6458,3.295558,1.144872,1.625983,0.004310563,-0.01782724,-0.007559849,0.9998032,0.1538355,-0.01564227,0.6425255,0.01312096,0.7659923,0,0,0,0,55.27888,0,1,0,0,0,1.248717E-10,9.01548E-09,-1.919547E-09,1,1,0,0,0,1,1,1,0.05370484,0.0002205825,0.005632245,4.156841E-10,6.570164E-09,-3.623305E-09,1,1,0,0,0,1
290.6952,3.34411,1.144717,1.628152,0.004310561,-0.01782721,-0.007559842,0.9998032,0.1538355,-0.01520708,0.6437846,0.01279835,0.7649485,0,0,0,0,49.31359,0,1,0,0,0,-5.255211E-10,1.104056E-08,3.644005E-09,0.9999999,1,0,0,0,1,1,1,0.04805203,-0.0003745029,0.001953359,-7.453383E-10,1.866844E-08,3.136049E-09,0.9999999,1,0,0,0,1
290.7453,3.406484,1.144317,1.633548,0.004310564,-0.01782722,-0.007559848,0.9998032,0.1538355,-0.01482552,0.644848,0.0125123,0.7640646,0,0,0,0,48.52729,0,1,0,0,0,6.62808E-10,-3.627724E-09,-1.914864E-09,1,1,0,0,0,1,1,1,0.06863841,-0.0004468818,0.007040419,5.963155E-10,1.878589E-09,-4.258266E-09,1,1,0,0,0,1
290.7956,3.460352,1.14383,1.63887,0.004310561,-0.01782722,-0.007559847,0.9998032,0.1538355,-0.01447943,0.645744,0.01224915,0.7633185,0,0,0,0,45.34245,0,1,0,0,0,4.986728E-10,-2.183311E-10,-8.130753E-10,1,1,0,0,0,1,1,1,0.04178362,-0.0004836897,0.004229771,1.496035E-10,-6.008882E-11,-7.304618E-11,1,1,0,0,0,1
290.8453,3.507236,1.143105,1.641322,0.00431056,-0.01782721,-0.007559854,0.9998032,0.1538355,-0.01417147,0.6465082,0.01201285,0.7626808,0,0,0,0,42.5062,0,1,0,0,0,1.374692E-10,2.375076E-09,-2.127749E-09,1,1,0,0,0,1,1,1,0.0450653,-0.0007944584,0.001581516,2.54102E-10,4.872493E-09,-3.620555E-09,1,1,0,0,0,1
290.8953,3.54684,1.142606,1.644822,0.00431056,-0.01782719,-0.007559847,0.9998032,0.1538355,-0.01390081,0.6471581,0.01180367,0.7621378,0,0,0,0,40.09792,0,1,0,0,0,-1.143878E-10,3.435173E-09,2.747398E-09,0.9999999,1,0,0,0,1,1,1,0.0358025,-0.0003803435,0.0037461,1.83444E-10,4.602356E-09,2.11637E-09,0.9999999,1,0,0,0,1
290.9453,3.557672,1.142483,1.645848,0.004310559,-0.01782718,-0.007559854,0.9998032,0.1538355,-0.01367936,0.6476786,0.01163162,0.761702,0,0,0,0,38.22633,0,1,0,0,0,-2.249357E-10,1.19567E-08,-4.522698E-09,1,1,0,0,0,1,1,1,0,0,0,-1.947385E-10,2.165272E-10,-4.23293E-09,1,1,0,0,0,1
290.995,3.559492,1.142462,1.646021,0.004310557,-0.01782717,-0.007559863,0.9998032,0.1538355,-0.01351323,0.6480764,0.01150245,0.7613687,0,0,0,0,38.90044,0,1,0,0,0,7.880366E-11,7.882034E-09,-5.043679E-09,1,1,0,0,0,1,1,1,0,0,0,2.035152E-10,5.48809E-10,-4.476795E-09,1,1,0,0,0,1
291.0451,3.559798,1.142458,1.64605,0.004310557,-0.01782716,-0.007559862,0.9998032,0.1538355,-0.01339453,0.6483734,0.01141038,0.7611191,0,0,0,0,39.40668,0,1,0,0,0,2.968321E-10,-2.631936E-09,6.188948E-10,1,1,0,0,0,1,1,1,0,0,0,4.131151E-11,-2.700662E-10,1.203675E-09,1,1,0,0,0,1
291.0952,3.559849,1.142458,1.646055,0.004310557,-0.01782713,-0.007559857,0.9998032,0.1538355,-0.01331293,0.6485924,0.01134745,0.7609349,0,0,0,0,39.3564,0,1,0,0,0,3.579795E-10,1.632309E-08,3.036651E-10,0.9999999,1,0,0,0,1,1,1,0,0,0,1.956878E-10,1.766562E-08,1.429235E-09,0.9999999,1,0,0,0,1
291.145,3.559858,1.142458,1.646056,0.004310559,-0.01782714,-0.007559862,0.9998032,0.1538355,-0.01325828,0.6487528,0.01130566,0.7607998,0,0,0,0,39.34567,0,1,0,0,0,2.768793E-10,-1.431038E-09,-2.322418E-09,0.9999999,1,0,0,0,1,1,1,0,0,0,3.741394E-10,-3.777592E-09,-1.482974E-09,0.9999999,1,0,0,0,1
291.1957,3.581897,1.142673,1.660741,0.004310561,-0.01782712,-0.007559864,0.9998032,0.1538355,-0.01321863,0.648757,0.01127196,0.7607974,0,0,0,0,37.76447,0,1,0,0,0,4.896333E-10,6.006161E-09,-1.15576E-09,1,1,0,0,0,1,1,1,0.03420277,0.0002830105,0.02121073,5.462095E-10,7.640543E-09,-9.733565E-10,1,1,0,0,0,1
291.2451,3.640128,1.142303,1.67304,0.004310561,-0.01782714,-0.007559861,0.9998032,0.1538355,-0.01316445,0.6486352,0.0112221,0.7609028,0,0,0,0,35.24162,0,1,0,0,0,-7.006868E-10,-1.882761E-09,2.485186E-09,1,1,0,0,0,1,1,1,0.07441739,-0.000694031,0.009752234,-4.839277E-10,-7.284102E-09,3.494294E-09,1,1,0,0,0,1
291.295,3.681809,1.141579,1.686158,0.004310562,-0.01782718,-0.007559865,0.9998032,0.1538355,-0.01307401,0.6485039,0.01114107,0.7610176,1,-0.01202273,0,0,33.24864,0,1,0,0,0,2.706682E-10,-1.703887E-08,-2.015612E-09,1,1,0,0,0,1,1,1,0.09479359,-0.000707483,0.01760923,4.427226E-10,-2.040743E-08,-2.044359E-09,1,1,0,0,0,1
291.3458,3.679759,1.141089,1.700209,0.004310562,-0.01782717,-0.007559861,0.9998032,0.1538355,-0.01299155,0.6481765,0.01106112,0.761299,1,-0.01804876,0,0,31.57067,0,1,0,0,0,-1.48192E-10,1.589974E-09,2.450326E-09,1,1,0,0,0,1,1,1,0.0713997,-0.0004365269,0.009801796,-6.601221E-11,-4.761196E-10,1.506286E-09,1,1,0,0,0,1
291.3958,3.673405,1.141454,1.716294,0.004310561,-0.01782713,-0.00755987,0.9998032,0.1538355,-0.01293148,0.6476674,0.01099504,0.7617341,1,-0.01190472,0,0,31.21118,0,1,0,0,0,2.750742E-10,1.755727E-08,-4.824549E-09,1,1,0,0,0,1,1,1,0.05248226,0.0007429657,0.0174533,2.415955E-10,9.361055E-09,-3.39716E-09,1,1,0,0,0,1
291.4454,3.667782,1.141835,1.724012,0.004310566,-0.01782715,-0.007559864,0.9998032,0.1538355,-0.01289921,0.6470703,0.01095019,0.7622426,1,-0.00586915,0,0,30.78508,0,1,0,0,0,3.578523E-10,-7.625975E-09,2.676606E-09,1,1,0,0,0,1,1,1,0.02054879,0.000367985,0.005229494,4.025601E-10,-6.622664E-09,5.080891E-09,1,1,0,0,0,1
291.495,3.668338,1.142961,1.741485,0.004310566,-0.01782718,-0.007559855,0.9998032,0.1538355,-0.01289372,0.6463745,0.01092529,0.7628332,1,-0.001374483,-7.987022E-06,0.0009618998,30.37675,0,1,0,0,0,-3.439901E-11,-1.624207E-08,4.931595E-09,1,1,0,0,0,1,1,1,0.01582223,0.001431365,0.01988939,-3.439901E-11,-1.624207E-08,4.931595E-09,1,1,0,0,0,1
291.5454,3.666032,1.143862,1.750486,0.004310563,-0.01782718,-0.007559881,0.9998032,0.1538355,-0.01291155,0.6456032,0.010918,0.7634858,1,-0.002325535,0,0,25.50197,0,1,0,0,0,3.255064E-10,-1.319005E-10,-1.305401E-08,1,1,0,0,0,1,1,1,0.01154654,0.0006277077,0.004403198,3.255064E-10,-1.319005E-10,-1.305401E-08,1,1,0,0,0,1
291.5949,3.664095,1.144218,1.75445,0.00431056,-0.01782717,-0.007559888,0.9998032,0.1538355,-0.01293655,0.6449238,0.01091942,0.7640594,1,-0.0002961159,0,0,29.80553,0,1,0,0,0,-6.515999E-10,5.217505E-09,-2.524688E-09,1,1,0,0,0,1,1,1,-0.0008296332,0.0004671493,0.005923951,-6.778095E-10,3.683312E-09,-2.098664E-09,1,1,0,0,0,1
291.645,3.663383,1.144868,1.76214,0.004310561,-0.01782718,-0.007559881,0.9998032,0.1538355,-0.0129688,0.6442707,0.01092769,0.7646095,1,0,0,0,31.09498,0,1,0,0,0,1.307307E-10,-6.743564E-09,3.252307E-09,1,1,0,0,0,1,1,1,-0.0008669588,0.0005112744,0.00591498,-8.090578E-11,-2.384863E-09,4.358213E-09,1,1,0,0,0,1
291.6959,3.662984,1.145146,1.765364,0.004310561,-0.01782717,-0.007559884,0.9998032,0.1538355,-0.01300158,0.6436886,0.01093841,0.7650989,1,0,0,0,31.12079,0,1,0,0,0,-1.644401E-11,-3.577605E-11,-2.718758E-09,1,1,0,0,0,1,1,1,-0.000464909,0.0002609542,0.002952248,2.205888E-10,-2.869561E-09,-2.557663E-09,1,1,0,0,0,1
291.7449,3.662378,1.145496,1.769312,0.00431056,-0.01782715,-0.007559884,0.9998032,0.1538355,-0.01303498,0.6431607,0.01095118,0.7655419,1,0,0,0,29.9186,0,1,0,0,0,5.830395E-10,3.385229E-09,-5.022E-10,1,1,0,0,0,1,1,1,-0.0004686941,0.0002629203,0.002951473,3.047315E-10,1.149325E-08,-5.640307E-10,1,1,0,0,0,1
291.7952,3.662276,1.145555,1.769975,0.004310559,-0.01782718,-0.007559867,0.9998032,0.1538355,-0.01306323,0.6427262,0.01096229,0.7659061,1,0,0,0,31.15676,0,1,0,0,0,-3.602424E-10,-1.65236E-08,7.677381E-09,1,1,0,0,0,1,1,1,0,0,0,-3.887038E-10,-1.909066E-08,9.096299E-09,1,1,0,0,0,1
291.8453,3.662259,1.145565,1.770087,0.004310561,-0.01782721,-0.007559858,0.9998032,0.1538355,-0.01308535,0.6423857,0.01097095,0.7661912,1,0,0,0,32.99601,0,1,0,0,0,3.287542E-10,-2.198802E-08,5.596029E-09,1,1,0,0,0,1,1,1,0,0,0,3.458732E-10,-1.464418E-08,4.163172E-09,1,1,0,0,0,1
291.8954,3.662256,1.145566,1.770106,0.00431056,-0.01782719,-0.007559863,0.9998032,0.1538355,-0.01310308,0.6421207,0.0109781,0.7664129,1,0,0,0,32.99767,0,1,0,0,0,2.834721E-11,6.429829E-09,-2.019028E-09,1,1,0,0,0,1,1,1,0,0,0,3.438703E-10,1.440345E-08,-2.006484E-09,1,1,0,0,0,1
291.9454,3.662256,1.145567,1.770109,0.004310559,-0.01782718,-0.007559858,0.9998032,0.1538355,-0.01311652,0.6419159,0.0109834,0.7665842,1,0,0,0,32.99806,0,1,0,0,0,-6.334319E-10,2.225544E-09,3.645642E-09,1,1,0,0,0,1,1,1,0,0,0,-5.860096E-10,5.858788E-09,1.796911E-09,1,1,0,0,0,1
291.9958,3.662256,1.145567,1.770109,0.004310559,-0.01782718,-0.007559855,0.9998032,0.1538355,-0.01312667,0.6417576,0.01098729,0.7667165,1,0,0,0,32.99812,0,1,0,0,0,-4.515011E-11,1.613176E-09,2.969964E-09,1,1,0,0,0,1,1,1,0,0,0,0,0,0,1,1,0,0,0,1
292.045,3.664607,1.146058,1.770473,0.004310556,-0.01782711,-0.007559886,0.9998032,0.1538355,-0.01313649,0.6416355,0.01099196,0.7668184,1,0,0,0,31.7733,0,1,0,0,0,-7.388106E-10,-6.870734E-09,-3.438254E-09,1,1,0,0,0,1,1,1,0.0058074,0.00121132,0.000898212,-8.705125E-10,1.002714E-07,-2.035379E-08,1,1,0,0,0,1
292.0955,3.665352,1.148597,1.769173,0.004310559,-0.0178271,-0.007559888,0.9998032,0.1538355,-0.01316498,0.6415578,0.01101355,0.7668827,1,-0.0009446144,0,0,31.06318,0,1,0.001627694,0.005753849,0.000493799,5.171846E-10,9.409524E-09,3.994222E-11,1,1,0,0,0,1,1,1,0.003423128,0.0002817275,-0.002490546,9.014415E-11,6.803916E-09,6.883183E-10,1,1,0,0,0,1
292.1454,3.665498,1.16198,1.769914,0.004310559,-0.01782709,-0.00755989,0.9998032,0.1538355,-0.01334401,0.6414981,0.01116163,0.7669274,1,-0.00086689,0,0,29.168,0,1,0.0048899,0.01725523,0.001531607,-6.898213E-10,1.412289E-08,-7.101988E-10,1,1,0,0,0,1,1,1,0,0,0,0,0,0,1,1,0,0,0,1
292.1956,3.666161,1.181376,1.771469,0.004310561,-0.01782712,-0.007559891,0.9998032,0.1538355,-0.01377536,0.6414267,0.01152044,0.7669742,1,-0.001021147,1.561642E-05,-3.635883E-05,30.29673,0,1,0.006491894,0.02301632,0.002025892,4.577031E-10,-2.421821E-08,5.345441E-10,1,1,0,0,0,1,1,1,0,0,0,0,0,0,1,1,0,0,0,1
292.2451,3.687925,1.209648,1.73871,0.004310559,-0.01782714,-0.007559894,0.9998032,0.1538355,-0.01451845,0.6417646,0.01215315,0.7666679,1,0,0,0,28.21261,0,1,0.01575225,0.03481189,-0.02028267,4.83517E-10,-1.216526E-08,-1.185457E-10,1,1,0,0,0,1,1,1,0.01360824,-0.001545476,-0.02818759,1.491069E-09,1.487669E-08,6.017329E-10,1,1,0,0,0,1
292.2953,3.705573,1.240951,1.732978,0.004310559,-0.01782714,-0.007559896,0.9998032,0.1538355,-0.01560179,0.6423471,0.0130808,0.7661434,1,-0.0002071857,-0.001112223,0.005789757,28.12155,0,1,0.01706761,0.03486051,-0.02625884,1.618506E-09,4.399172E-09,-2.383136E-09,0.9999999,1,0,0,0,1,1,1,0,0,0,0,0,0,1,1,0,0,0,1
292.3448,3.718527,1.23459,1.736129,0.00431056,-0.01782713,-0.007559897,0.9998032,0.1538355,-0.01658566,0.6428119,0.01392348,0.7657179,1,-0.0001342297,-0.006148934,0.003706574,26.82562,0,1,0.009913698,0.02038625,-0.01584681,-6.930813E-10,9.439361E-09,6.502402E-10,1,1,0,0,0,1,1,1,0,0,0,0,0,0,1,1,0,0,0,1
292.3953,3.754707,1.232022,1.740602,0.004310557,-0.01782711,-0.007559905,0.9998032,0.1538355,-0.01725655,0.6431971,0.01450198,0.7653688,1,-8.630753E-05,-0.00552547,0.002373695,27.12735,0,1,0.006955001,0.01739501,-0.007344394,-2.37259E-10,5.193467E-09,4.733383E-09,1,1,0,0,0,1,1,1,0.04166057,0.005509104,0.002706217,-3.648629E-10,1.926369E-08,-1.660889E-08,1,1,0,0,0,1
292.4454,3.771664,1.226424,1.742928,0.004310559,-0.0178271,-0.007559912,0.9998032,0.1538355,-0.01766267,0.6435114,0.01485597,0.7650886,1,-9.775162E-06,-0.003669977,0.0001792908,25.15121,0,1,0.003953555,0.01442388,0.001149364,1.015496E-09,1.371161E-08,-3.922747E-09,1,1,0,0,0,1,1,1,0,0,0,5.48834E-11,4.459902E-09,-6.576145E-10,1,1,0,0,0,1
292.4956,3.775331,1.222777,1.743162,0.004310561,-0.0178271,-0.007559918,0.9998032,0.1538355,-0.01789621,0.6437652,0.01506272,0.7648655,1,-1.192093E-06,-0.0008612871,1.478195E-05,23.25816,0,1,0,0,0,-3.936748E-12,4.604639E-09,-3.535922E-09,1,1,0,0,0,1,1,1,0,0,0,0,0,0,1,1,0,0,0,1
292.5455,3.780377,1.222209,1.743787,0.00431056,-0.01782701,-0.00755993,0.9998032,0.1538355,-0.01805038,0.6439665,0.01520073,0.7646897,1,-4.768372E-06,-0.0003240108,-2.861023E-06,22.93257,0,1,0,0,0,1.269047E-10,1.104231E-08,-4.337964E-10,1,1,0,0,0,1,1,1,0.005854293,0.001038188,0.0008032428,1.441847E-10,9.372606E-08,-6.295201E-09,1,1,0,0,0,1
292.595,3.780473,1.219288,1.745453,0.004310561,-0.017827,-0.007559935,0.9998032,0.1538355,-0.01814175,0.644119,0.01528394,0.7645574,1,0,0,0,23.71,0,1,-0.002980553,-0.005890241,0.005327351,-7.341036E-10,9.108293E-09,6.941936E-11,1,1,0,0,0,1,1,1,0,0,0,1.492848E-10,6.608376E-10,-1.098995E-09,1,1,0,0,0,1
292.6456,3.776637,1.211162,1.752521,0.004310562,-0.01782698,-0.00755994,0.9998032,0.1538355,-0.01811679,0.6441258,0.01526316,0.7645528,1,0,0,0,24.16055,0,1,-0.00451416,-0.01167471,0.004842183,-2.277933E-10,6.783411E-10,-5.894525E-10,1,1,0,0,0,1,1,1,0,0,0,-1.427887E-09,3.02925E-08,-1.400126E-09,1,1,0,0,0,1
292.6954,3.776545,1.205961,1.754118,0.004310565,-0.01782695,-0.007559955,0.9998032,0.1538355,-0.01796271,0.6440712,0.01513103,0.7646049,1,0,0,0,24.25317,0,1,0,0,0,1.038132E-09,1.87879E-08,-7.410562E-09,1,1,0,0,0,1,1,1,0.005880869,0.0008674068,0.0008142329,1.038132E-09,1.87879E-08,-7.410562E-09,1,1,0,0,0,1
292.7455,3.781894,1.205869,1.75513,0.004310566,-0.01782695,-0.00755997,0.9998032,0.1538355,-0.0178183,0.6440213,0.01500729,0.7646528,1,0,0,0,23.21656,0,1,0,0,0,-1.95323E-10,6.527543E-09,-6.451681E-09,1,1,0,0,0,1,1,1,0.002942027,0.0004215873,0.0004083438,1.376148E-10,1.717124E-09,-7.183708E-09,1,1,0,0,0,1
292.795,3.785185,1.205829,1.752732,0.004310564,-0.01782693,-0.007559964,0.9998032,0.1538355,-0.01770354,0.6440019,0.01490978,0.7646737,1,0,0,0,24.02143,0,1,0,0,0,-1.411017E-09,1.253781E-08,4.70429E-09,1,1,0,0,0,1,1,1,0.006758888,0.0001347211,-0.005137264,-1.411017E-09,1.253781E-08,4.70429E-09,1,1,0,0,0,1
292.8456,3.798898,1.206976,1.751934,0.004310565,-0.01782694,-0.00755996,0.9998032,0.1538355,-0.01761737,0.6440561,0.01483928,0.7646314,1,0,0,0,24.25664,0,1,0,0,0,6.043435E-11,-1.474199E-10,2.998731E-09,1,1,0,0,0,1,1,1,0.01775806,0.001765486,0.002350529,-1.906938E-10,-1.7833E-09,2.416693E-09,1,1,0,0,0,1
292.8957,3.815773,1.208357,1.752227,0.004310564,-0.01782687,-0.007559967,0.9998032,0.1538355,-0.01756101,0.6441336,0.0147948,0.7645682,1,0,0,0,24.13181,0,1,0,0,0,-1.268449E-09,3.907363E-08,-3.162492E-10,1,1,0,0,0,1,1,1,0.01819259,0.001336948,-0.0005425319,-1.213923E-09,3.792884E-08,-1.05649E-09,1,1,0,0,0,1
292.9452,3.840348,1.210214,1.752288,0.004310566,-0.01782686,-0.007559954,0.9998032,0.1538355,-0.017527,0.6442578,0.01477099,0.7644649,1,0,0,0,23.29454,0,1,0,0,0,-3.642797E-10,2.766884E-09,7.746094E-09,1,1,0,0,0,1,1,1,0.03004121,0.002334192,0.001078333,-3.642797E-10,2.766884E-09,7.746094E-09,1,1,0,0,0,1
292.9956,3.871846,1.212576,1.752588,0.004310569,-0.01782686,-0.007559946,0.9998032,0.1538355,-0.01751452,0.6444281,0.01476714,0.7643217,1,0,0,0,22.51069,0,1,0,0,0,4.138745E-10,3.436414E-09,5.542099E-09,1,1,0,0,0,1,1,1,0.03342339,0.00232401,-0.001529037,4.138745E-10,3.436414E-09,5.542099E-09,1,1,0,0,0,1
293.0453,3.917768,1.21559,1.748041,0.004310573,-0.01782686,-0.007559954,0.9998032,0.1538355,-0.0175162,0.6447375,0.01478071,0.7640604,1,0,0,0,20.41765,0,1,0,0,0,1.471851E-09,2.632222E-09,-2.844601E-09,1,1,0,0,0,1,1,1,0.05499157,0.00371009,-0.004704716,1.471851E-09,2.632222E-09,-2.844601E-09,1,1,0,0,0,1
293.0956,3.977517,1.220063,1.74753,0.004310578,-0.0178269,-0.007559957,0.9998032,0.1538355,-0.01753675,0.6451686,0.01481503,0.7636952,1,0,0,0,18.54556,0,1,0,0,0,9.400959E-10,-2.099967E-08,-1.891815E-09,1,1,0,0,0,1,1,1,0.06304072,0.005009197,0.002408316,8.460203E-10,-1.348231E-08,-1.192853E-09,1,1,0,0,0,1
293.1453,4.037322,1.222652,1.748759,0.004310579,-0.01782693,-0.007559953,0.9998032,0.1538355,-0.0175672,0.6456421,0.01485945,0.7632935,1,0,-0.0007885695,0,15.40341,0,1,0,0,0,-1.720593E-10,-1.016764E-08,3.205435E-09,1,1,0,0,0,1,1,1,0.06346358,0.004690792,-0.0006318458,1.25184E-11,-9.051316E-09,2.425422E-10,1,1,0,0,0,1
293.1957,4.111173,1.22287,1.747262,0.004310581,-0.01782694,-0.007559947,0.9998032,0.1538355,-0.01754161,0.6462177,0.01486051,0.7628068,1,0,-0.001041651,0,12.36874,0,1,0,0,0,-5.576051E-10,-7.546014E-09,3.300263E-09,0.9999999,1,0,0,0,1,1,1,0.07868817,0.005785548,-0.00170215,-3.985974E-10,-6.275497E-09,3.50507E-09,0.9999999,1,0,0,0,1
293.2454,4.179256,1.223418,1.742536,0.004310584,-0.01782694,-0.007559949,0.9998032,0.1538355,-0.01745829,0.6469164,0.01481737,0.762217,1,0,-8.177757E-05,0.0009952784,8.539559,0,1,0,0,0,5.570767E-10,-8.326593E-10,-3.889096E-10,1,1,0,0,0,1,1,1,0.06171047,0.003640783,-0.01012516,4.85692E-10,1.613368E-09,-1.493223E-10,1,1,0,0,0,1
293.2949,4.234618,1.225366,1.740493,0.004310586,-0.01782693,-0.007559958,0.9998032,0.1538355,-0.01737164,0.6476792,0.01477372,0.7615718,1,0,-0.000328064,0.002450109,5.772724,0,1,0,0,0,5.408134E-10,5.459925E-09,-3.958668E-09,1,1,0,0,0,1,1,1,0.05063511,0.002084371,-0.01765615,5.924168E-10,1.619497E-08,-4.176576E-09,1,1,0,0,0,1
293.3453,4.301586,1.226623,1.740157,0.004310589,-0.01782694,-0.007559969,0.9998032,0.1538355,-0.01727711,0.6484478,0.01472335,0.7609206,1,0,-0.001061559,0.002359271,4.962634,0,1,0,0,0,6.279474E-10,1.158213E-09,-4.309713E-09,1,1,0,0,0,1,1,1,0.07767367,0.004397016,-0.01735976,4.694791E-10,1.641863E-09,-3.934828E-09,1,1,0,0,0,1
293.3951,4.340938,1.223734,1.74359,0.004310592,-0.01782691,-0.007559972,0.9998032,0.1538355,-0.01714235,0.6491616,0.01463622,0.7603165,1,0,-0.001268268,0.001277804,3.004579,0,1,0,0,0,5.987282E-10,1.588472E-08,-3.495175E-10,1,1,0,0,0,1,1,1,0.0092809,0.0006176087,-0.001866392,5.987282E-10,1.588472E-08,-3.495175E-10,1,1,0,0,0,1
293.4454,4.347552,1.221773,1.744521,0.004310592,-0.01782692,-0.007559976,0.9998032,0.1538355,-0.0169661,0.6497205,0.0145072,0.7598453,1,0,-0.0002013445,0.0002151728,4.317001,0,1,0,0,0,-2.778978E-10,-2.209992E-09,-5.382403E-10,1,1,0,0,0,1,1,1,0,0,0,-2.778978E-10,-2.209992E-09,-5.382403E-10,1,1,0,0,0,1
293.4956,4.348663,1.221446,1.744678,0.004310595,-0.01782694,-0.007559964,0.9998032,0.1538355,-0.01681795,0.6501503,0.01439689,0.759483,1,0,-3.373623E-05,3.623962E-05,4.876865,0,1,0,0,0,2.612059E-10,-5.093002E-09,6.587348E-09,1,1,0,0,0,1,1,1,0,0,0,1.378631E-10,-1.009975E-08,6.630237E-09,1,1,0,0,0,1
293.5453,4.34885,1.221391,1.744704,0.004310596,-0.01782695,-0.007559965,0.9998032,0.1538355,-0.01670729,0.6504759,0.0143145,0.7592082,1,0,-5.602837E-06,6.079674E-06,5.071899,0,1,0,0,0,-4.89034E-10,-7.116503E-10,2.138608E-10,1,1,0,0,0,1,1,1,0,0,0,-5.433665E-10,3.985458E-09,2.43165E-09,1,1,0,0,0,1
293.5955,4.348882,1.221382,1.744709,0.004310599,-0.01782691,-0.007559964,0.9998032,0.1538355,-0.01662937,0.6507192,0.01425694,0.7590024,1,0,-1.072884E-06,9.536743E-07,5.192093,0,1,0,0,0,2.464437E-10,1.775258E-08,2.269035E-09,1,1,0,0,0,1,1,1,0,0,0,2.092288E-10,1.838492E-08,7.82078E-10,1,1,0,0,0,1
293.6456,4.348887,1.22138,1.744709,0.0043106,-0.01782694,-0.00755997,0.9998032,0.1538355,-0.01657659,0.6508996,0.01421849,0.7588496,1,0,-2.384186E-07,2.384186E-07,4.804624,0,1,0,0,0,-6.139957E-11,-1.335146E-08,-2.711249E-09,1,1,0,0,0,1,1,1,0,0,0,-2.953527E-11,-1.16108E-08,-2.223247E-09,1,1,0,0,0,1
293.6954,4.376969,1.222872,1.747983,0.0043106,-0.01782696,-0.007559972,0.9998032,0.1538355,-0.01654517,0.6510415,0.01419689,0.758729,1,0,-0.0006821156,0,4.830086,0,1,0,0,0,-2.041109E-10,-8.197925E-09,-5.89488E-10,1,1,0,0,0,1,1,1,0.05324006,0.006559789,0.006201468,-2.156383E-10,-1.189412E-08,9.742894E-10,1,1,0,0,0,1
293.7451,4.441881,1.223142,1.749807,0.004310601,-0.01782696,-0.007559974,0.9998032,0.1538355,-0.01649732,0.6512205,0.01416256,0.758577,1,0,-0.001135111,0,4.928998,0,1,0,0,0,-2.961215E-10,6.581987E-09,-2.674511E-10,1,1,0,0,0,1,1,1,0.07552896,0.007388149,-0.003186906,-1.237348E-10,4.09143E-09,-2.466386E-10,1,1,0,0,0,1
293.7952,4.515009,1.223168,1.745288,0.004310604,-0.01782699,-0.007559971,0.9998032,0.1538355,-0.01640333,0.6516081,0.01409638,0.7582474,1,0,-0.001170874,0,6.435799,0,1,0,0,0,-3.067297E-10,-1.023626E-08,1.856742E-10,0.9999999,1,0,0,0,1,1,1,0.07256951,0.007032669,-0.00351515,-2.547747E-10,-8.637712E-09,-4.009438E-11,0.9999999,1,0,0,0,1
293.8457,4.594209,1.224972,1.742992,0.004310606,-0.01782697,-0.007559967,0.9998032,0.1538355,-0.0162883,0.6521528,0.01401781,0.757783,1,0,-0.001606345,0.00105834,9.910828,0,1,0,0,0,-2.690017E-10,8.887297E-09,4.885271E-09,1,1,0,0,0,1,1,1,0.08515104,0.007891214,-0.008187885,-4.29474E-10,6.633461E-09,4.634629E-09,1,1,0,0,0,1
293.8959,4.687153,1.225353,1.742915,0.004310606,-0.01782698,-0.007559963,0.9998032,0.1538355,-0.01614773,0.6528046,0.01392095,0.7572263,1,0,-0.001874685,0.001131296,13.74524,0,1,0,0,0,-3.293127E-11,-3.582292E-09,1.694907E-09,0.9999999,1,0,0,0,1,1,1,0.09695533,0.009478365,-0.007055209,-8.832744E-12,-6.517225E-09,2.649179E-09,0.9999999,1,0,0,0,1
293.9456,4.778643,1.225421,1.742624,0.004310609,-0.017827,-0.007559967,0.9998032,0.1538355,-0.01596391,0.6535444,0.01378959,0.7565942,1,0,-0.001775861,0.001312971,16.87688,0,1,0,0,0,3.029092E-10,-3.640152E-09,-1.28557E-09,1,1,0,0,0,1,1,1,0.08805204,0.008438201,-0.008272269,1.691198E-10,-3.629306E-09,-1.353837E-09,1,1,0,0,0,1
293.9957,4.859511,1.225536,1.742324,0.00431061,-0.01782702,-0.007559969,0.9998032,0.1538355,-0.01575513,0.6543296,0.01363771,0.7559223,1,0,-0.002022743,0.001533389,20.50268,0,1,0,0,0,2.896247E-11,-4.085152E-09,2.55691E-10,1,1,0,0,0,1,1,1,0.07620995,0.006905469,-0.009658866,-6.361674E-11,-6.226074E-09,3.128759E-10,1,1,0,0,0,1
294.0458,4.932087,1.231506,1.73409,0.004310612,-0.01782697,-0.007559985,0.9998032,0.1538355,-0.0155825,0.6551931,0.01351936,0.7551797,0,0,0,0,26.23807,0,1,0,0,0,3.77529E-10,2.29569E-08,-8.014118E-09,1,1,0,0,0,1,1,1,0.07026923,0.006114365,-0.01048158,2.761261E-10,2.242917E-08,-6.484948E-09,1,1,0,0,0,1
294.0957,5.020699,1.239618,1.724222,0.004310611,-0.01782695,-0.007559998,0.9998032,0.1538355,-0.01549925,0.6562102,0.01348374,0.7542984,0,0,0,0,27.39065,0,1,0,0,0,2.936089E-10,1.32509E-08,-5.015612E-09,1,1,0,0,0,1,1,1,0.09099814,0.008526658,-0.008406287,2.958374E-10,2.225198E-08,-5.84796E-09,1,1,0,0,0,1
294.1459,5.106386,1.247736,1.716271,0.004310614,-0.01782697,-0.007559992,0.9998032,0.1538355,-0.01549856,0.6573317,0.01352371,0.7533207,0,0,0,0,27.66906,0,1,0,0,0,-2.474044E-10,-1.02637E-08,4.337175E-09,0.9999999,1,0,0,0,1,1,1,0.09097072,0.008711694,-0.008504695,-3.344101E-10,-6.69984E-09,2.123683E-09,0.9999999,1,0,0,0,1
294.1956,5.19255,1.256089,1.707202,0.004310614,-0.01782693,-0.00755999,0.9998032,0.1538355,-0.01556161,0.6585248,0.01362229,0.7522748,0,0,0,0,34.98855,0,1,0,0,0,-5.47891E-10,2.208582E-08,2.36503E-09,1,1,0,0,0,1,1,1,0.08496676,0.008324146,-0.009559996,-4.857827E-10,2.473071E-08,1.03841E-09,1,1,0,0,0,1
294.2455,5.277313,1.264486,1.697503,0.004310615,-0.01782698,-0.007559989,0.9998032,0.1538355,-0.01567724,0.6597774,0.01376981,0.7511714,0,0,0,0,40.56326,0,1,0,0,0,-4.796124E-12,-1.877777E-08,2.37321E-10,1,1,0,0,0,1,1,1,0.08194927,0.008123141,-0.01014831,9.52173E-11,-2.467904E-08,1.12757E-09,1,1,0,0,0,1
294.2955,5.355517,1.271844,1.684928,0.004310619,-0.01782697,-0.00755999,0.9998032,0.1538355,-0.01582527,0.6610864,0.01394892,0.7500131,0,0,0,0,46.38602,0,1,0,0,0,2.269686E-10,1.040592E-08,-3.006503E-10,1,1,0,0,0,1,1,1,0.07631813,0.006966586,-0.01388515,3.406844E-10,6.560325E-09,1.597621E-09,1,1,0,0,0,1
294.3453,5.441825,1.279218,1.665176,0.00431062,-0.01782699,-0.007559991,0.9998032,0.1538355,-0.01598705,0.6625202,0.01414609,0.7487398,0,0,0,0,49.20543,0,1,0,0,0,-2.257706E-10,-2.997631E-09,-1.277118E-09,1,1,0,0,0,1,1,1,0.0860931,0.007052664,-0.02223304,-4.536989E-10,-7.005132E-09,1.214515E-09,1,1,0,0,0,1
294.3958,5.540589,1.285066,1.620897,0.004310622,-0.01782701,-0.007559995,0.9998032,0.1538355,-0.01613799,0.6643282,0.01434949,0.747129,0,0,0,0,55.50837,0,1,0,0,0,1.61137E-10,-2.213795E-09,-1.394557E-09,1,1,0,0,0,1,1,1,0.1044313,0.005001233,-0.05679374,1.487843E-10,-5.278162E-10,-1.32945E-09,1,1,0,0,0,1
294.4449,5.630773,1.289057,1.567807,0.004310625,-0.01782699,-0.007559996,0.9998032,0.1538355,-0.01624185,0.666721,0.0145355,0.7449886,0,0,0,0,60.40697,0,1,0,0,0,-2.659196E-10,1.256496E-08,1.595213E-09,1,1,0,0,0,1,1,1,0.08284765,0.003259426,-0.05300643,-3.043621E-10,1.202096E-08,1.712743E-09,1,1,0,0,0,1
294.4949,5.728549,1.293587,1.507537,0.004310627,-0.01782703,-0.007559994,0.9998032,0.1538355,-0.01629983,0.6697275,0.01470659,0.7422824,0,0,0,0,66.72978,0,1,0,0,0,1.389315E-10,-1.399622E-08,1.230406E-09,1,1,0,0,0,1,1,1,0.08562475,0.004090424,-0.05303497,7.606282E-11,-1.236752E-08,-1.110284E-11,1,1,0,0,0,1
294.5451,5.747279,1.294445,1.495866,0.00431063,-0.01782705,-0.007559985,0.9998032,0.1538355,-0.01633297,0.6725081,0.01484812,0.7397606,0,0,0,0,69.66475,0,1,0,0,0,-1.844327E-10,-1.000309E-08,4.134826E-09,1,1,0,0,0,1,1,1,0,0,0,-2.817598E-10,-9.813115E-09,6.630025E-09,1,1,0,0,0,1
294.5949,5.750427,1.294589,1.493904,0.004310631,-0.0178271,-0.007559992,0.9998032,0.1538355,-0.01636236,0.6747174,0.01496452,0.737743,0,0,0,0,74.14049,0,1,0,0,0,2.850771E-11,-1.866746E-08,-2.8823E-09,1,1,0,0,0,1,1,1,0,0,0,6.66968E-12,-2.24604E-08,-3.453352E-09,1,1,0,0,0,1
294.6451,5.750956,1.294613,1.493575,0.004310631,-0.01782712,-0.007559999,0.9998032,0.1538355,-0.0164004,0.6764178,0.01506901,0.7361813,0,0,0,0,76.01783,0,1,0,0,0,5.688478E-10,-1.108407E-08,-7.070734E-09,0.9999999,1,0,0,0,1,1,1,0,0,0,5.720355E-10,-1.50741E-08,-4.525101E-09,0.9999999,1,0,0,0,1
294.6953,5.751044,1.294617,1.493519,0.004310632,-0.0178271,-0.007559995,0.9998032,0.1538355,-0.0164502,0.6777129,0.01516833,0.7349861,0,0,0,0,77.57874,0,1,0,0,0,1.556525E-10,3.987416E-09,2.734144E-09,1,1,0,0,0,1,1,1,0,0,0,8.577507E-11,4.875953E-09,3.675578E-09,1,1,0,0,0,1
294.7458,5.774651,1.297797,1.491335,0.004310633,-0.01782709,-0.007559989,0.9998032,0.1538355,-0.01652234,0.6787179,0.01527681,0.7340543,0,0,0,0,74.76297,0,1,0,0,0,1.810227E-10,2.310536E-09,1.28286E-09,1,1,0,0,0,1,1,1,0.04182431,0.00555831,-0.004432514,1.31413E-10,2.834885E-09,2.513874E-09,1,1,0,0,0,1
294.7951,5.934703,1.316838,1.458,0.004310632,-0.01782707,-0.007559991,0.9998032,0.1538355,-0.01670302,0.6799129,0.01549461,0.7329389,0,0,0,0,75.21692,0,1,0,0,0,7.799014E-11,4.834034E-09,-1.461081E-09,0.9999999,1,0,0,0,1,1,1,0.2282646,0.02692894,-0.04903551,1.859094E-10,7.12718E-09,-2.53114E-09,0.9999999,1,0,0,0,1
294.8451,6.208221,1.347989,1.392093,0.004310633,-0.0178271,-0.007559996,0.9998032,0.1538355,-0.01708144,0.6819885,0.0159364,0.7309896,0,0,0,0,84.81261,0,1,0,0,0,3.816332E-10,-6.173768E-09,-2.934564E-09,1,1,0,0,0,1,1,1,0.3004256,0.03376865,-0.07526642,3.816332E-10,-6.173768E-09,-2.934564E-09,1,1,0,0,0,1
294.8956,6.475383,1.379016,1.32798,0.004310633,-0.01782708,-0.007559997,0.9998032,0.1538355,-0.01759969,0.6848806,0.01655147,0.7282547,0,0,0,0,101.7196,0,1,0,0,0,-1.552278E-10,6.178752E-09,5.585602E-10,1,1,0,0,0,1,1,1,0.2992814,0.03530837,-0.07256396,-1.552278E-10,6.178752E-09,5.585602E-10,1,1,0,0,0,1
294.9449,6.794316,1.419655,1.260792,0.004310634,-0.01782709,-0.007559995,0.9998032,0.1538355,-0.01825043,0.6884079,0.017332,0.724887,0,0,0,0,116.8539,0,1,0,0,0,1.096798E-10,3.602955E-11,2.74998E-10,0.9999998,1,0,0,0,1,1,1,0.2919249,0.039207,-0.05415509,1.096798E-10,3.602955E-11,2.74998E-10,0.9999998,1,0,0,0,1
294.9949,7.046765,1.455526,1.216841,0.004310633,-0.01782709,-0.007559994,0.9998032,0.1538355,-0.01899483,0.6920733,0.01822397,0.7213471,0,0,0,0,135.6413,0,1,0,0,0,2.432692E-10,-9.72766E-10,-1.292776E-09,1,1,0,0,0,1,1,1,0.216662,0.03207606,-0.03582177,2.087252E-10,-9.99076E-10,5.180625E-10,1,1,0,0,0,1
295.0451,7.232511,1.482482,1.177798,0.004310631,-0.01782708,-0.007559991,0.9998032,0.1538355,-0.01971041,0.6955528,0.0190955,0.7179507,0,0,0,0,149.4991,0,1,0,0,0,1.213489E-10,-6.351447E-10,-2.610542E-09,1,1,0,0,0,1,1,1,0.1748247,0.02545026,-0.04046464,1.455255E-10,-2.60884E-09,-1.979306E-12,1,1,0,0,0,1
295.0956,7.415936,1.507322,1.120408,0.00431063,-0.01782708,-0.007559997,0.9998032,0.1538355,-0.0203745,0.6990076,0.01993144,0.7145461,0,0,0,0,160.5313,0,1,0,0,0,6.778778E-11,2.934267E-10,-5.129075E-09,0.9999999,1,0,0,0,1,1,1,0.1863064,0.02436549,-0.06623322,3.442395E-11,1.109081E-09,-3.995601E-09,0.9999999,1,0,0,0,1
295.1455,7.610853,1.537072,1.07535,0.004310628,-0.01782707,-0.007559998,0.9998032,0.1538355,-0.02