1,3,23-Task0
Time,Translation X,Translation Y,Translation Z,Rotation X,Rotation Y,Rotation Z,Rotation W,Scalling,Camera X,Camera Y,Camera Z,Camera W,IsInCollision,CollisionForce X,CollisionForce Y,CollisionForce Z,Checkpoint0,Checkpoint1,Checkpoint2,User,Connected,Translation X,Translation Y,Translation Z,Rotation X,Rotation Y,Rotation Z,Rotation W,Scalling,Camera X,Camera Y,Camera Z,Camera W
9.910351,0,0,0,0,0,0,1,1,0.07105283,0.7416701,-0.07957658,0.662227,0,0,0,0,13.89188,16.15105,41.335,0,1,-0.104302,-0.2810763,0.01082668,-2.801829E-10,2.592281E-09,-3.570673E-10,1,1,0,0,0,1
9.9535,0,0,0,1.611502E-09,1.013363E-08,-2.858094E-08,1,1,0.07105283,0.7416701,-0.07957659,0.662227,0,0,0,0,215.5119,247.2853,605.0535,0,1,0,0,0,1.891685E-09,7.541349E-09,-2.822388E-08,1,1,0,0,0,1
10.003,0,0,0,5.49114E-09,2.102205E-08,-6.279794E-08,1,1,0.07105282,0.7416701,-0.07957657,0.662227,0,0,0,0,276.4256,317.0391,774.4991,0,1,0,0,0,3.879638E-09,1.088842E-08,-3.4217E-08,1,1,0,0,0,1
10.0534,0,0,0,8.982063E-09,3.035507E-08,-4.349106E-08,1,1,0.07105283,0.7416701,-0.07957658,0.662227,0,0,0,0,281.4561,322.8077,788.5845,0,1,0,0,0,3.490923E-09,9.333023E-09,1.93069E-08,1,1,0,0,0,1
10.10384,0,0,0,1.133008E-08,3.368328E-08,-7.1863E-08,1,1,0.07105283,0.7416701,-0.07957657,0.662227,0,0,0,0,281.4561,322.8077,788.5845,0,1,0,0,0,2.348015E-09,3.328211E-09,-2.837194E-08,1,1,0,0,0,1
10.1533,0,0,0,1.334682E-08,3.876936E-08,-1.047655E-07,1,1,0.07105283,0.7416701,-0.07957657,0.662227,0,0,0,0,276.4301,317.0433,774.5027,0,1,0,0,0,2.016739E-09,5.086089E-09,-3.290249E-08,1,1,0,0,0,1
10.20349,0,0,0,1.634085E-08,4.382991E-08,-9.812544E-08,1,1,0.07105283,0.7416701,-0.07957657,0.662227,0,0,0,0,251.3001,288.2211,704.0934,0,1,0,0,0,2.994037E-09,5.060539E-09,6.64003E-09,1,1,0,0,0,1
10.25299,0,0,0,2.016701E-08,5.73748E-08,-7.613662E-08,1,1,0.07105282,0.7416701,-0.07957657,0.662227,0,0,0,0,276.4301,317.0433,774.5027,0,1,0,0,0,3.826163E-09,1.354489E-08,2.198883E-08,1,1,0,0,0,1
10.30339,0,0,0,2.469188E-08,6.729493E-08,-5.746472E-08,1,1,0.07105281,0.7416701,-0.07957656,0.662227,0,0,0,0,281.4561,322.8077,788.5845,0,1,0,0,0,4.524868E-09,9.920138E-09,1.867188E-08,1,1,0,0,0,1
10.35379,0,0,0,3.009711E-08,7.743134E-08,-4.069733E-08,1,1,0.0710528,0.7416701,-0.07957655,0.662227,0,0,0,0,281.4561,322.8077,788.5845,0,1,0,0,0,5.40524E-09,1.013641E-08,1.676738E-08,1,1,0,0,0,1
10.40331,0,0,0,3.102795E-08,8.787494E-08,-3.290615E-08,1,1,0.07105282,0.7416701,-0.07957657,0.662227,0,0,0,0,276.4301,317.0433,774.5027,0,1,0,0,0,9.308346E-10,1.044359E-08,7.7912E-09,1,1,0,0,0,1
10.45369,0,0,0,3.144026E-08,9.596749E-08,-3.487418E-08,1,1,0.0710528,0.7416701,-0.07957654,0.662227,0,0,0,0,281.4561,322.8077,788.5845,0,1,0,0,0,4.123037E-10,8.092556E-09,-1.968024E-09,1,1,0,0,0,1
10.50324,0,0,0,3.084331E-08,1.074971E-07,-4.753493E-08,1,1,0.07105282,0.7416701,-0.07957657,0.662227,0,0,0,0,271.4041,311.2788,760.4208,0,1,0,0,0,-5.969527E-10,1.15296E-08,-1.266074E-08,1,1,0,0,0,1
10.55364,0,0,0,3.226889E-08,1.116234E-07,-4.368995E-08,1,1,0.0710528,0.7416701,-0.07957655,0.662227,0,0,0,0,281.4561,322.8077,788.5845,0,1,0,0,0,1.425575E-09,4.126297E-09,3.844983E-09,1,1,0,0,0,1
10.60332,0,0,0,2.969445E-08,1.127372E-07,-4.774723E-08,1,1,0.07105279,0.7416701,-0.07957653,0.662227,0,0,0,0,276.4301,317.0433,774.5027,0,1,0,0,0,-2.574443E-09,1.113861E-09,-4.057265E-09,1,1,0,0,0,1
10.65372,0,0,0,2.981672E-08,1.151513E-07,-4.254917E-08,1,1,0.07105279,0.7416701,-0.07957654,0.662227,0,0,0,0,281.4561,322.8077,788.5845,0,1,0,0,0,1.222667E-10,2.414128E-09,5.198044E-09,1,1,0,0,0,1
10.70356,0,0,0,2.851501E-08,1.210888E-07,-2.998692E-08,1,1,0.07105279,0.7416701,-0.07957654,0.662227,0,0,0,0,266.3781,305.5144,746.339,0,1,0,0,0,-1.301712E-09,5.937483E-09,1.256224E-08,1,1,0,0,0,1
10.75305,0,0,0,3.07673E-08,1.208198E-07,3.515322E-10,1,1,0.07105277,0.7416701,-0.07957652,0.662227,0,0,0,0,271.4041,311.2788,760.4208,0,1,0,0,0,2.869347E-09,-2.689357E-10,3.488651E-08,1,1,0,0,0,1
10.80344,0,0,0,3.632073E-08,1.245219E-07,4.128401E-08,1,1,0.07105277,0.7416701,-0.07957651,0.662227,0,0,0,0,281.4561,322.8077,788.5845,0,1,0,0,0,4.93639E-09,3.702016E-09,3.638442E-08,1,1,0,0,0,1
10.85322,0,0,0,4.074356E-08,1.241298E-07,7.793341E-08,1,1,0.07105277,0.7416701,-0.07957651,0.662227,0,0,0,0,276.4301,317.0433,774.5027,0,1,0,0,0,4.422835E-09,-3.921214E-10,3.664942E-08,1,1,0,0,0,1
10.90371,0,0,0,4.582314E-08,1.263992E-07,1.224855E-07,1,1,0.07105277,0.7416701,-0.07957651,0.662227,0,0,0,0,281.4561,322.8077,788.5845,0,1,0,0,0,5.079594E-09,2.269349E-09,4.455205E-08,1,1,0,0,0,1
10.95323,0,0,0,5.041433E-08,1.267923E-07,1.587024E-07,1,1,0.07105278,0.7416701,-0.07957652,0.662227,0,0,0,0,276.4301,317.0433,774.5027,0,1,0,0,0,4.591187E-09,3.931359E-10,3.621695E-08,1,1,0,0,0,1
11.00311,0,0,0,5.544997E-08,1.273819E-07,1.993837E-07,1,1,0.07105278,0.7416701,-0.07957652,0.662227,0,0,0,0,276.4301,317.0433,774.5027,0,1,0,0,0,5.035635E-09,5.895134E-10,4.068126E-08,1,1,0,0,0,1
11.05356,0,0,0,5.927475E-08,1.27321E-07,2.429719E-07,1,1,0.07105279,0.7416701,-0.07957652,0.662227,0,0,0,0,281.4561,322.8077,788.5845,0,1,0,0,0,3.824781E-09,-6.092649E-11,4.358818E-08,1,1,0,0,0,1
11.10306,0,0,0,6.347896E-08,1.285105E-07,2.835736E-07,1,1,0.07105277,0.7416701,-0.07957651,0.662227,0,0,0,0,276.4301,317.0433,774.5027,0,1,0,0,0,4.204214E-09,1.189557E-09,4.060167E-08,1,1,0,0,0,1
11.15303,0,0,0,6.314808E-08,1.279917E-07,2.78996E-07,1,1,0.07105277,0.7416701,-0.0795765,0.662227,0,0,0,0,276.4301,317.0433,774.5027,0,1,0,0,0,-3.309019E-10,-5.188541E-10,-4.57762E-09,1,1,0,0,0,1
11.20342,0,0,0,6.660832E-08,1.319973E-07,2.984834E-07,1,1,0.07105278,0.7416701,-0.07957652,0.662227,0,0,0,0,281.4561,322.8077,788.5845,0,1,0,0,0,3.460241E-09,4.005553E-09,1.948736E-08,1,1,0,0,0,1
11.25293,0,0,0,7.05114E-08,1.326848E-07,3.300054E-07,1,1,0.07105278,0.7416701,-0.07957652,0.662227,0,0,0,0,276.4301,317.0433,774.5027,0,1,0,0,0,3.903092E-09,6.875438E-10,3.152196E-08,1,1,0,0,0,1
11.30302,0,0,0,7.451396E-08,1.328458E-07,3.757418E-07,1,1,0.07105279,0.7416701,-0.07957653,0.662227,0,0,0,0,261.3521,299.75,732.2571,0,1,0,0,0,4.002546E-09,1.609479E-10,4.573644E-08,1,1,0,0,0,1
11.35346,0,0,0,7.478531E-08,1.325673E-07,4.021741E-07,1,1,0.07105278,0.7416701,-0.07957652,0.662227,0,0,0,0,281.4561,322.8077,788.5845,0,1,0,0,0,2.713704E-10,-2.785303E-10,2.643227E-08,1,1,0,0,0,1
11.40296,0,0,0,7.855878E-08,1.370641E-07,4.530076E-07,1,1,0.07105279,0.7416701,-0.07957653,0.662227,0,0,0,0,276.4301,317.0433,774.5027,0,1,0,0,0,3.773466E-09,4.496732E-09,5.08333E-08,1,1,0,0,0,1
11.45345,0,0,0,8.221406E-08,1.371573E-07,4.955257E-07,1,1,0.07105278,0.7416701,-0.07957652,0.662227,0,0,0,0,281.4561,322.8077,788.5845,0,1,0,0,0,3.655275E-09,9.327353E-11,4.251813E-08,1,1,0,0,0,1
11.50296,0,0,0,8.667473E-08,1.379431E-07,5.315508E-07,1,1,0.07105278,0.7416701,-0.07957652,0.662227,0,0,0,0,276.4301,317.0433,774.5027,0,1,0,0,0,4.460677E-09,7.857643E-10,3.60251E-08,1,1,0,0,0,1
11.55336,0,0,0,9.169299E-08,1.388271E-07,5.72079E-07,1,1,0.07105278,0.7416701,-0.07957652,0.662227,0,0,0,0,281.4561,322.8077,788.5845,0,1,0,0,0,5.018261E-09,8.839849E-10,4.052823E-08,1,1,0,0,0,1
11.60298,0,0,0,9.615366E-08,1.396128E-07,6.081041E-07,1,1,0.07105278,0.7416701,-0.07957652,0.662227,0,0,0,0,276.4301,317.0433,774.5027,0,1,0,0,0,4.460677E-09,7.857643E-10,3.60251E-08,1,1,0,0,0,1
11.65364,0,0,0,1.011719E-07,1.404968E-07,6.486323E-07,1,1,0.07105278,0.7416701,-0.07957652,0.662227,0,0,0,0,261.3521,299.75,732.2571,0,1,0,0,0,5.018261E-09,8.839849E-10,4.052823E-08,1,1,0,0,0,1
11.70363,0,0,0,1.061902E-07,1.413808E-07,6.891605E-07,1,1,0.07105278,0.7416701,-0.07957652,0.662227,0,0,0,0,276.4301,317.0433,774.5027,0,1,0,0,0,5.018261E-09,8.839849E-10,4.052823E-08,1,1,0,0,0,1
11.75313,0,0,0,1.061902E-07,1.413808E-07,6.891605E-07,1,1,0.07105278,0.7416701,-0.07957652,0.662227,0,0,0,0,276.4301,317.0433,774.5027,0,1,0,0,0,0,0,0,1,1,0,0,0,1
11.80354,0,0,0,1.156691E-07,1.430505E-07,7.657138E-07,1,1,0.07105278,0.7416701,-0.07957652,0.662227,0,0,0,0,281.4561,322.8077,788.5845,0,1,0,0,0,9.478937E-09,1.669749E-09,7.655332E-08,1,1,0,0,0,1
11.85318,0,0,0,1.206874E-07,1.439345E-07,8.06242E-07,1,1,0.07105278,0.7416701,-0.07957652,0.662227,0,0,0,0,276.4301,317.0433,774.5027,0,1,0,0,0,5.018261E-09,8.839849E-10,4.052823E-08,1,1,0,0,0,1
11.90357,0,0,0,1.251481E-07,1.447202E-07,8.422671E-07,1,1,0.07105278,0.7416701,-0.07957652,0.662227,0,0,0,0,281.4561,322.8077,788.5845,0,1,0,0,0,4.460677E-09,7.857643E-10,3.60251E-08,1,1,0,0,0,1
11.95328,0,0,0,1.301663E-07,1.456042E-07,8.827953E-07,1,1,0.07105278,0.7416701,-0.07957652,0.662227,0,0,0,0,276.4301,317.0433,774.5027,0,1,0,0,0,5.018261E-09,8.839849E-10,4.052823E-08,1,1,0,0,0,1
12.00368,0,0,0,1.34627E-07,1.4639E-07,9.188204E-07,1,1,0.07105278,0.7416701,-0.07957652,0.662227,0,0,0,0,281.4561,322.8077,788.5845,0,1,0,0,0,4.460677E-09,7.857643E-10,3.60251E-08,1,1,0,0,0,1
12.05334,0,0,0,1.396453E-07,1.47274E-07,9.593487E-07,1,1,0.07105278,0.7416701,-0.07957652,0.662227,0,0,0,0,276.4301,317.0433,774.5027,0,1,0,0,0,5.018261E-09,8.839849E-10,4.052823E-08,1,1,0,0,0,1
12.10379,0,0,0,1.44106E-07,1.480597E-07,9.953737E-07,1,1,0.07105278,0.7416701,-0.07957652,0.662227,0,0,0,0,256.3261,293.9855,718.1753,0,1,0,0,0,4.460677E-09,7.857643E-10,3.60251E-08,1,1,0,0,0,1
12.15328,0,0,0,1.491242E-07,1.489437E-07,1.035902E-06,1,1,0.07105278,0.7416701,-0.07957652,0.662227,0,0,0,0,276.4301,317.0433,774.5027,0,1,0,0,0,5.018261E-09,8.839849E-10,4.052823E-08,1,1,0,0,0,1
12.20315,0,0,0,1.541425E-07,1.498277E-07,1.07643E-06,1,1,0.07105278,0.7416701,-0.07957652,0.662227,0,0,0,0,276.4301,317.0433,774.5027,0,1,0,0,0,5.018261E-09,8.839849E-10,4.052823E-08,1,1,0,0,0,1
12.25355,0,0,0,1.586032E-07,1.506134E-07,1.112455E-06,1,1,0.07105278,0.7416701,-0.07957652,0.662227,0,0,0,0,281.4561,322.8077,788.5845,0,1,0,0,0,4.460677E-09,7.857643E-10,3.60251E-08,1,1,0,0,0,1
12.30305,0,0,0,1.636215E-07,1.514974E-07,1.152983E-06,1,1,0.07105278,0.7416701,-0.07957652,0.662227,0,0,0,0,276.4301,317.0433,774.5027,0,1,0,0,0,5.018261E-09,8.839849E-10,4.052823E-08,1,1,0,0,0,1
12.35304,0,0,0,1.680822E-07,1.522831E-07,1.189009E-06,1,1,0.07105278,0.7416701,-0.07957652,0.662227,0,0,0,0,276.4301,317.0433,774.5027,0,1,0,0,0,4.460677E-09,7.857643E-10,3.60251E-08,1,1,0,0,0,1
12.40372,0,0,0,1.725428E-07,1.530689E-07,1.225034E-06,1,1,0.07105278,0.7416701,-0.07957652,0.662227,0,0,0,0,281.4561,322.8077,788.5845,0,1,0,0,0,4.460677E-09,7.857643E-10,3.60251E-08,1,1,0,0,0,1
12.45321,0,0,0,1.770035E-07,1.538547E-07,1.261059E-06,1,1,0.07105278,0.7416701,-0.07957652,0.662227,0,0,0,0,276.4301,317.0433,774.5027,0,1,0,0,0,4.460677E-09,7.857643E-10,3.60251E-08,1,1,0,0,0,1
12.50361,0,0,0,1.820218E-07,1.547386E-07,1.301587E-06,1,1,0.07105278,0.7416701,-0.07957652,0.662227,0,0,0,0,281.4561,322.8077,788.5845,0,1,0,0,0,5.018261E-09,8.839849E-10,4.052823E-08,1,1,0,0,0,1
12.55344,0,0,0,1.864825E-07,1.555244E-07,1.337612E-06,1,1,0.07105278,0.7416701,-0.07957652,0.662227,0,0,0,0,276.4301,317.0433,774.5027,0,1,0,0,0,4.460677E-09,7.857643E-10,3.60251E-08,1,1,0,0,0,1
12.60294,0,0,0,1.909432E-07,1.563102E-07,1.373637E-06,1,1,0.07105278,0.7416701,-0.07957652,0.662227,0,0,0,0,276.4301,317.0433,774.5027,0,1,0,0,0,4.460677E-09,7.857643E-10,3.60251E-08,1,1,0,0,0,1
12.65334,0,0,0,1.954039E-07,1.570959E-07,1.409662E-06,1,1,0.07105278,0.7416701,-0.07957652,0.662227,0,0,0,0,271.4041,311.2788,760.4208,0,1,0,0,0,4.460677E-09,7.857643E-10,3.60251E-08,1,1,0,0,0,1
12.70348,0,0,0,2.004221E-07,1.579799E-07,1.45019E-06,1,1,0.07105278,0.7416701,-0.07957652,0.662227,0,0,0,0,261.3521,299.75,732.2571,0,1,0,0,0,5.018261E-09,8.839849E-10,4.052823E-08,1,1,0,0,0,1
12.75328,0,0,0,2.048828E-07,1.587657E-07,1.486216E-06,1,1,0.07105278,0.7416701,-0.07957652,0.662227,0,0,0,0,276.4301,317.0433,774.5027,0,1,0,0,0,4.460677E-09,7.857643E-10,3.60251E-08,1,1,0,0,0,1
12.80368,0,0,0,2.099011E-07,1.596496E-07,1.526744E-06,1,1,0.07105278,0.7416701,-0.07957652,0.662227,0,0,0,0,281.4561,322.8077,788.5845,0,1,0,0,0,5.018261E-09,8.839849E-10,4.052823E-08,1,1,0,0,0,1
12.85318,0,0,0,2.143618E-07,1.604354E-07,1.562769E-06,1,1,0.07105278,0.7416701,-0.07957652,0.662227,0,0,0,0,276.4301,317.0433,774.5027,0,1,0,0,0,4.460677E-09,7.857643E-10,3.60251E-08,1,1,0,0,0,1
12.90358,0,0,0,2.199376E-07,1.614176E-07,1.6078E-06,1,1,0.07105278,0.7416701,-0.07957652,0.662227,0,0,0,0,281.4561,322.8077,788.5845,0,1,0,0,0,5.575846E-09,9.822054E-10,4.503137E-08,1,1,0,0,0,1
12.95329,0,0,0,2.249559E-07,1.623016E-07,1.648328E-06,1,1,0.07105278,0.7416701,-0.07957652,0.662227,0,0,0,0,276.4301,317.0433,774.5027,0,1,0,0,0,5.018261E-09,8.839849E-10,4.052823E-08,1,1,0,0,0,1
13.00355,0,0,0,2.294166E-07,1.630873E-07,1.684353E-06,1,1,0.07105278,0.7416701,-0.07957652,0.662227,0,0,0,0,246.274,282.4567,690.0116,0,1,0,0,0,4.460677E-09,7.857643E-10,3.60251E-08,1,1,0,0,0,1
13.05304,0,0,0,2.349924E-07,1.640695E-07,1.729385E-06,1,1,0.07105278,0.7416701,-0.07957652,0.662227,0,0,0,0,276.4301,317.0433,774.5027,0,1,0,0,0,5.575846E-09,9.822054E-10,4.503137E-08,1,1,0,0,0,1
13.10382,0,0,0,2.405683E-07,1.650517E-07,1.774416E-06,1,1,0.07105278,0.7416701,-0.07957652,0.662227,0,0,0,0,281.4561,322.8077,788.5845,0,1,0,0,0,5.575846E-09,9.822054E-10,4.503137E-08,1,1,0,0,0,1
13.1533,0,0,0,2.455866E-07,1.659357E-07,1.814944E-06,1,1,0.07105278,0.7416701,-0.07957652,0.662227,0,0,0,0,276.4301,317.0433,774.5027,0,1,0,0,0,5.018261E-09,8.839849E-10,4.052823E-08,1,1,0,0,0,1
13.2037,0,0,0,2.506049E-07,1.668197E-07,1.855473E-06,1,1,0.07105278,0.7416701,-0.07957652,0.662227,0,0,0,0,281.4561,322.8077,788.5845,0,1,0,0,0,5.018261E-09,8.839849E-10,4.052823E-08,1,1,0,0,0,1
13.2535,0,0,0,2.539504E-07,1.67409E-07,1.882491E-06,1,1,0.07105278,0.7416701,-0.07957652,0.662227,0,0,0,0,276.4301,317.0432,774.5027,0,1,0,0,0,3.345508E-09,5.893233E-10,2.701882E-08,1,1,0,0,0,1
13.3032,0,0,0,2.606415E-07,1.685877E-07,1.936529E-06,1,1,0.07105278,0.7416701,-0.07957652,0.662227,0,0,0,0,276.4301,317.0432,774.5027,0,1,0,0,0,6.691015E-09,1.178647E-09,5.403764E-08,1,1,0,0,0,1
13.3536,0,0,0,2.662174E-07,1.695699E-07,1.98156E-06,1,1,0.07105278,0.7416701,-0.07957652,0.662227,0,0,0,0,281.4561,322.8077,788.5845,0,1,0,0,0,5.575846E-09,9.822054E-10,4.503137E-08,1,1,0,0,0,1
13.4031,0,0,0,2.712357E-07,1.70454E-07,2.022089E-06,1,1,0.07105278,0.7416701,-0.07957652,0.662227,0,0,0,0,276.4301,317.0432,774.5027,0,1,0,0,0,5.018261E-09,8.839849E-10,4.052823E-08,1,1,0,0,0,1
13.4535,0,0,0,2.76254E-07,1.71338E-07,2.062617E-06,1,1,0.07105278,0.7416701,-0.07957652,0.662227,0,0,0,0,281.4561,322.8077,788.5845,0,1,0,0,0,5.018261E-09,8.839849E-10,4.052823E-08,1,1,0,0,0,1
13.50335,0,0,0,2.812723E-07,1.72222E-07,2.103145E-06,1,1,0.07105278,0.7416701,-0.07957652,0.662227,0,0,0,0,276.4301,317.0432,774.5027,0,1,0,0,0,5.018261E-09,8.839849E-10,4.052823E-08,1,1,0,0,0,1
13.55379,0,0,0,2.862907E-07,1.731061E-07,2.143673E-06,1,1,0.07105278,0.7416701,-0.07957652,0.662227,0,0,0,0,281.4561,322.8077,788.5845,0,1,0,0,0,5.018261E-09,8.839849E-10,4.052823E-08,1,1,0,0,0,1
13.60357,0,0,0,2.91309E-07,1.739901E-07,2.184202E-06,1,1,0.07105278,0.7416701,-0.07957652,0.662227,0,0,0,0,276.43,317.0432,774.5027,0,1,0,0,0,5.018261E-09,8.839849E-10,4.052823E-08,1,1,0,0,0,1
13.65313,0,0,0,2.968849E-07,1.749723E-07,2.229233E-06,1,1,0.07105278,0.7416701,-0.07957652,0.662227,0,0,0,0,276.43,317.0432,774.5027,0,1,0,0,0,5.575846E-09,9.822054E-10,4.503137E-08,1,1,0,0,0,1
13.70361,0,0,0,3.019032E-07,1.758564E-07,2.269761E-06,1,1,0.07105278,0.7416701,-0.07957652,0.662227,0,0,0,0,281.456,322.8077,788.5845,0,1,0,0,0,5.018261E-09,8.839849E-10,4.052823E-08,1,1,0,0,0,1
13.75311,0,0,0,3.069216E-07,1.767404E-07,2.310289E-06,1,1,0.07105278,0.7416701,-0.07957652,0.662227,0,0,0,0,276.43,317.0432,774.5027,0,1,0,0,0,5.018261E-09,8.839849E-10,4.052823E-08,1,1,0,0,0,1
13.80351,0,0,0,3.119399E-07,1.776244E-07,2.350818E-06,1,1,0.07105278,0.7416701,-0.07957652,0.662227,0,0,0,0,281.456,322.8077,788.5845,0,1,0,0,0,5.575846E-09,9.822054E-10,4.503137E-08,1,1,0,0,0,1
13.85309,0,0,0,3.175158E-07,1.786067E-07,2.395849E-06,1,1,0.07105278,0.7416701,-0.07957652,0.662227,0,0,0,0,271.4041,311.2788,760.4208,0,1,0,0,0,5.018261E-09,8.839849E-10,4.052823E-08,1,1,0,0,0,1
13.90335,0,0,0,3.225342E-07,1.794907E-07,2.436377E-06,1,1,0.07105278,0.7416701,-0.07957652,0.662227,0,0,0,0,266.3781,305.5144,746.339,0,1,0,0,0,5.018261E-09,8.839849E-10,4.052823E-08,1,1,0,0,0,1
13.95376,0,0,0,3.275525E-07,1.803747E-07,2.476905E-06,1,1,0.07105278,0.7416701,-0.07957652,0.662227,0,0,0,0,281.4561,322.8077,788.5845,0,1,0,0,0,5.018261E-09,8.839849E-10,4.052823E-08,1,1,0,0,0,1
14.00317,0,0,0,3.325708E-07,1.812587E-07,2.517434E-06,1,1,0.07105278,0.7416701,-0.07957652,0.662227,0,0,0,0,241.248,276.6922,675.9297,0,1,0,0,0,5.018261E-09,8.839849E-10,4.052823E-08,1,1,0,0,0,1
14.05349,0,0,0,3.381467E-07,1.82241E-07,2.562465E-06,1,1,0.07105278,0.7416701,-0.07957652,0.662227,0,0,0,0,276.4301,317.0432,774.5027,0,1,0,0,0,5.575846E-09,9.822054E-10,4.503137E-08,1,1,0,0,0,1
14.10299,0,0,0,3.431651E-07,1.83125E-07,2.602993E-06,1,1,0.07105278,0.7416701,-0.07957652,0.662227,0,0,0,0,276.43,317.0432,774.5027,0,1,0,0,0,5.018261E-09,8.839849E-10,4.052823E-08,1,1,0,0,0,1
14.15354,0,0,0,3.481834E-07,1.84009E-07,2.643521E-06,1,1,0.07105278,0.7416701,-0.07957652,0.662227,0,0,0,0,271.404,311.2788,760.4208,0,1,0,0,0,5.018261E-09,8.839849E-10,4.052823E-08,1,1,0,0,0,1
14.20304,0,0,0,3.532017E-07,1.848931E-07,2.68405E-06,1,1,0.07105278,0.7416701,-0.07957652,0.662227,0,0,0,0,276.43,317.0432,774.5027,0,1,0,0,0,5.018261E-09,8.839849E-10,4.052823E-08,1,1,0,0,0,1
14.25295,0,0,0,3.587776E-07,1.858753E-07,2.729081E-06,1,1,0.07105278,0.7416701,-0.07957652,0.662227,0,0,0,0,276.43,317.0432,774.5027,0,1,0,0,0,5.575846E-09,9.822054E-10,4.503137E-08,1,1,0,0,0,1
14.30337,0,0,0,3.63796E-07,1.867593E-07,2.769609E-06,1,1,0.07105278,0.7416701,-0.07957652,0.662227,0,0,0,0,281.456,322.8077,788.5845,0,1,0,0,0,5.018261E-09,8.839849E-10,4.052823E-08,1,1,0,0,0,1
14.35372,0,0,0,3.688143E-07,1.876434E-07,2.810137E-06,1,1,0.07105278,0.7416701,-0.07957652,0.662227,0,0,0,0,281.456,322.8077,788.5845,0,1,0,0,0,5.018261E-09,8.839849E-10,4.052823E-08,1,1,0,0,0,1
14.40361,0,0,0,3.738326E-07,1.885274E-07,2.850666E-06,1,1,0.07105278,0.7416701,-0.07957652,0.662227,0,0,0,0,276.43,317.0432,774.5027,0,1,0,0,0,5.018261E-09,8.839849E-10,4.052823E-08,1,1,0,0,0,1
14.45313,0,0,0,3.788509E-07,1.894114E-07,2.891194E-06,1,1,0.07105278,0.7416701,-0.07957652,0.662227,0,0,0,0,276.43,317.0432,774.5027,0,1,0,0,0,5.018261E-09,8.839849E-10,4.052823E-08,1,1,0,0,0,1
14.50352,0,0,0,3.838692E-07,1.902955E-07,2.931722E-06,1,1,0.07105278,0.7416701,-0.07957652,0.662227,0,0,0,0,281.456,322.8077,788.5845,0,1,0,0,0,5.018261E-09,8.839849E-10,4.052823E-08,1,1,0,0,0,1
14.55329,0,0,0,3.888875E-07,1.911795E-07,2.97225E-06,1,1,0.07105278,0.7416701,-0.07957652,0.662227,0,0,0,0,271.404,311.2788,760.4208,0,1,0,0,0,5.018261E-09,8.839849E-10,4.052823E-08,1,1,0,0,0,1
14.60652,0,0,0,3.944634E-07,1.921617E-07,3.017282E-06,1,1,0.07105278,0.7416701,-0.07957652,0.662227,0,0,0,0,226.17,259.3989,633.6842,0,1,0,0,0,5.575846E-09,9.822054E-10,4.503137E-08,1,1,0,0,0,1
14.65691,0,0,0,3.994818E-07,1.930457E-07,3.05781E-06,1,1,0.07105278,0.7416701,-0.07957652,0.662227,0,0,0,0,281.456,322.8077,788.5845,0,1,0,0,0,5.018261E-09,8.839849E-10,4.052823E-08,1,1,0,0,0,1
14.70707,0,0,0,4.050577E-07,1.94028E-07,3.102841E-06,1,1,0.07105278,0.7416701,-0.07957652,0.662227,0,0,0,0,271.404,311.2788,760.4208,0,1,0,0,0,5.575846E-09,9.822054E-10,4.503137E-08,1,1,0,0,0,1
14.75657,0,0,0,4.10076E-07,1.94912E-07,3.143369E-06,1,1,0.07105278,0.7416701,-0.07957652,0.662227,0,0,0,0,276.43,317.0432,774.5027,0,1,0,0,0,5.018261E-09,8.839849E-10,4.052823E-08,1,1,0,0,0,1
14.80632,0,0,0,4.150943E-07,1.95796E-07,3.183898E-06,1,1,0.07105278,0.7416701,-0.07957652,0.662227,0,0,0,0,276.43,317.0432,774.5027,0,1,0,0,0,5.018261E-09,8.839849E-10,4.052823E-08,1,1,0,0,0,1
14.85674,0,0,0,4.201127E-07,1.966801E-07,3.224426E-06,1,1,0.07105278,0.7416701,-0.07957652,0.662227,0,0,0,0,281.456,322.8077,788.5845,0,1,0,0,0,5.018261E-09,8.839849E-10,4.052823E-08,1,1,0,0,0,1
14.90622,0,0,0,4.256886E-07,1.976623E-07,3.269457E-06,1,1,0.07105278,0.7416701,-0.07957652,0.662227,0,0,0,0,276.43,317.0432,774.5027,0,1,0,0,0,5.575846E-09,9.822054E-10,4.503137E-08,1,1,0,0,0,1
14.95663,0,0,0,4.307069E-07,1.985464E-07,3.309985E-06,1,1,0.07105278,0.7416701,-0.07957652,0.662227,0,0,0,0,281.456,322.8077,788.5845,0,1,0,0,0,5.018261E-09,8.839849E-10,4.052823E-08,1,1,0,0,0,1
15.00641,0,0,0,4.357252E-07,1.994304E-07,3.350514E-06,1,1,0.07105278,0.7416701,-0.07957652,0.662227,0,0,0,0,276.43,317.0432,774.5027,0,1,0,0,0,5.018261E-09,8.839849E-10,4.052823E-08,1,1,0,0,0,1
15.05718,0,0,0,4.413012E-07,2.004126E-07,3.395545E-06,1,1,0.07105278,0.7416701,-0.07957652,0.662227,0,0,0,0,261.352,299.7499,732.2571,0,1,0,0,0,5.575846E-09,9.822054E-10,4.503137E-08,1,1,0,0,0,1
15.10674,0,0,0,4.463195E-07,2.012967E-07,3.436073E-06,1,1,0.07105278,0.7416701,-0.07957652,0.662227,0,0,0,0,276.43,317.0432,774.5027,0,1,0,0,0,5.018261E-09,8.839849E-10,4.052823E-08,1,1,0,0,0,1
15.15655,0,0,0,4.513378E-07,2.021807E-07,3.476601E-06,1,1,0.07105278,0.7416701,-0.07957652,0.662227,0,0,0,0,261.352,299.7499,732.2571,0,1,0,0,0,5.018261E-09,8.839849E-10,4.052823E-08,1,1,0,0,0,1
15.20695,0,0,0,4.563561E-07,2.030647E-07,3.51713E-06,1,1,0.07105278,0.7416701,-0.07957652,0.662227,0,0,0,0,261.352,299.7499,732.2571,0,1,0,0,0,5.018261E-09,8.839849E-10,4.052823E-08,1,1,0,0,0,1
15.25684,0,0,0,4.61932E-07,2.04047E-07,3.562161E-06,1,1,0.07105278,0.7416701,-0.07957652,0.662227,0,0,0,0,241.248,276.6922,675.9297,0,1,0,0,0,5.575846E-09,9.822054E-10,4.503137E-08,1,1,0,0,0,1
15.30634,0,0,0,4.669504E-07,2.04931E-07,3.602689E-06,1,1,0.07105278,0.7416701,-0.07957652,0.662227,0,0,0,0,276.43,317.0432,774.5027,0,1,0,0,0,5.018261E-09,8.839849E-10,4.052823E-08,1,1,0,0,0,1
15.35701,0,0,0,4.719687E-07,2.05815E-07,3.643217E-06,1,1,0.07105278,0.7416701,-0.07957652,0.662227,0,0,0,0,281.456,322.8077,788.5844,0,1,0,0,0,5.018261E-09,8.839849E-10,4.052823E-08,1,1,0,0,0,1
15.40653,0,0,0,4.775445E-07,2.067973E-07,3.688249E-06,1,1,0.07105278,0.7416701,-0.07957652,0.662227,0,0,0,0,276.43,317.0432,774.5026,0,1,0,0,0,5.575846E-09,9.822054E-10,4.503137E-08,1,1,0,0,0,1
15.45692,0,0,0,4.825628E-07,2.076813E-07,3.728777E-06,1,1,0.07105278,0.7416701,-0.07957652,0.662227,0,0,0,0,281.456,322.8077,788.5844,0,1,0,0,0,5.018261E-09,8.839849E-10,4.052823E-08,1,1,0,0,0,1
15.50727,0,0,0,4.87581E-07,2.085653E-07,3.769305E-06,1,1,0.07105278,0.7416701,-0.07957652,0.662227,0,0,0,0,221.144,253.6345,619.6022,0,1,0,0,0,5.018261E-09,8.839849E-10,4.052823E-08,1,1,0,0,0,1
15.55765,0,0,0,4.925993E-07,2.094494E-07,3.809834E-06,1,1,0.07105278,0.7416701,-0.07957652,0.662227,0,0,0,0,281.456,322.8077,788.5844,0,1,0,0,0,5.018261E-09,8.839849E-10,4.052823E-08,1,1,0,0,0,1
15.60715,0,0,0,4.976175E-07,2.103334E-07,3.850362E-06,1,1,0.07105278,0.7416701,-0.07957652,0.662227,0,0,0,0,276.43,317.0432,774.5026,0,1,0,0,0,5.018261E-09,8.839849E-10,4.052823E-08,1,1,0,0,0,1
15.65755,0,0,0,5.026358E-07,2.112174E-07,3.89089E-06,1,1,0.07105278,0.7416701,-0.07957652,0.662227,0,0,0,0,281.456,322.8077,788.5844,0,1,0,0,0,5.018261E-09,8.839849E-10,4.052823E-08,1,1,0,0,0,1
15.70729,0,0,0,5.082115E-07,2.121997E-07,3.935921E-06,1,1,0.07105278,0.7416701,-0.07957652,0.662227,0,0,0,0,276.43,317.0432,774.5026,0,1,0,0,0,5.575846E-09,9.822054E-10,4.503137E-08,1,1,0,0,0,1
15.75766,0,0,0,5.132298E-07,2.130837E-07,3.976449E-06,1,1,0.07105278,0.7416701,-0.07957652,0.662227,0,0,0,0,281.456,322.8077,788.5844,0,1,0,0,0,5.018261E-09,8.839849E-10,4.052823E-08,1,1,0,0,0,1
15.8072,0,0,0,5.18248E-07,2.139677E-07,4.016978E-06,1,1,0.07105278,0.7416701,-0.07957652,0.662227,0,0,0,0,276.43,317.0432,774.5026,0,1,0,0,0,5.018261E-09,8.839849E-10,4.052823E-08,1,1,0,0,0,1
15.8578,0,0,0,5.238238E-07,2.1495E-07,4.062009E-06,1,1,0.07105278,0.7416701,-0.07957652,0.662227,0,0,0,0,281.456,322.8077,788.5844,0,1,0,0,0,5.575846E-09,9.822054E-10,4.503137E-08,1,1,0,0,0,1
15.90724,0,0,0,5.288421E-07,2.15834E-07,4.102537E-06,1,1,0.07105278,0.7416701,-0.07957652,0.662227,0,0,0,0,271.404,311.2788,760.4207,0,1,0,0,0,5.018261E-09,8.839849E-10,4.052823E-08,1,1,0,0,0,1
15.96171,0,0,0,5.344179E-07,2.168162E-07,4.147569E-06,1,1,0.07105278,0.7416701,-0.07957652,0.662227,0,0,0,0,206.066,236.3412,577.3567,0,1,0,0,0,5.575846E-09,9.822054E-10,4.503137E-08,1,1,0,0,0,1
16.00768,0,0,0,5.388787E-07,2.17602E-07,4.183593E-06,1,1,0.07105278,0.7416701,-0.07957652,0.662227,0,0,0,0,256.326,293.9855,718.1752,0,1,0,0,0,4.460677E-09,7.857643E-10,3.60251E-08,1,1,0,0,0,1
16.05763,0,0,0,5.438969E-07,2.18486E-07,4.224122E-06,1,1,0.07105278,0.7416701,-0.07957652,0.662227,0,0,0,0,276.43,317.0432,774.5026,0,1,0,0,0,5.018261E-09,8.839849E-10,4.052823E-08,1,1,0,0,0,1
16.10802,0,0,0,5.489152E-07,2.1937E-07,4.26465E-06,1,1,0.07105278,0.7416701,-0.07957652,0.662227,0,0,0,0,281.456,322.8077,788.5844,0,1,0,0,0,5.018261E-09,8.839849E-10,4.052823E-08,1,1,0,0,0,1
16.15755,0,0,0,5.539334E-07,2.202541E-07,4.305179E-06,1,1,0.07105278,0.7416701,-0.07957652,0.662227,0,0,0,0,276.43,317.0432,774.5026,0,1,0,0,0,5.018261E-09,8.839849E-10,4.052823E-08,1,1,0,0,0,1
16.20792,0,0,0,5.589517E-07,2.211381E-07,4.345707E-06,1,1,0.07105278,0.7416701,-0.07957652,0.662227,0,0,0,0,281.456,322.8077,788.5844,0,1,0,0,0,5.018261E-09,8.839849E-10,4.052823E-08,1,1,0,0,0,1
16.25832,0,0,0,5.639699E-07,2.220221E-07,4.386235E-06,1,1,0.07105278,0.7416701,-0.07957652,0.662227,0,0,0,0,281.456,322.8077,788.5844,0,1,0,0,0,5.018261E-09,8.839849E-10,4.052823E-08,1,1,0,0,0,1
16.30782,0,0,0,5.695457E-07,2.230044E-07,4.431266E-06,1,1,0.07105278,0.7416701,-0.07957652,0.662227,0,0,0,0,276.43,317.0432,774.5026,0,1,0,0,0,5.575846E-09,9.822054E-10,4.503137E-08,1,1,0,0,0,1
16.3575,0,0,0,5.74564E-07,2.238884E-07,4.471794E-06,1,1,0.07105278,0.7416701,-0.07957652,0.662227,0,0,0,0,276.43,317.0432,774.5026,0,1,0,0,0,5.018261E-09,8.839849E-10,4.052823E-08,1,1,0,0,0,1
16.40791,0,0,0,5.801397E-07,2.248706E-07,4.516826E-06,1,1,0.07105278,0.7416701,-0.07957652,0.662227,0,0,0,0,281.456,322.8077,788.5844,0,1,0,0,0,5.575846E-09,9.822054E-10,4.503137E-08,1,1,0,0,0,1
16.45815,0,0,0,5.85158E-07,2.257546E-07,4.557354E-06,1,1,0.07105278,0.7416701,-0.07957652,0.662227,0,0,0,0,221.144,253.6345,619.6022,0,1,0,0,0,5.018261E-09,8.839849E-10,4.052823E-08,1,1,0,0,0,1
16.50796,0,0,0,5.907337E-07,2.267368E-07,4.602386E-06,1,1,0.07105278,0.7416701,-0.07957652,0.662227,0,0,0,0,266.378,305.5144,746.3389,0,1,0,0,0,5.575846E-09,9.822054E-10,4.503137E-08,1,1,0,0,0,1
16.55746,0,0,0,5.95752E-07,2.276207E-07,4.642914E-06,1,1,0.07105278,0.7416701,-0.07957652,0.662227,0,0,0,0,276.43,317.0432,774.5026,0,1,0,0,0,5.018261E-09,8.839849E-10,4.052823E-08,1,1,0,0,0,1
16.60791,0,0,0,6.007702E-07,2.285047E-07,4.683442E-06,1,1,0.07105278,0.7416701,-0.07957652,0.662227,0,0,0,0,281.456,322.8077,788.5844,0,1,0,0,0,5.018261E-09,8.839849E-10,4.052823E-08,1,1,0,0,0,1
16.65758,0,0,0,6.052309E-07,2.292904E-07,4.719467E-06,1,1,0.07105278,0.7416701,-0.07957652,0.662227,0,0,0,0,276.43,317.0432,774.5026,0,1,0,0,0,4.460677E-09,7.857643E-10,3.60251E-08,1,1,0,0,0,1
16.70745,0,0,0,6.108068E-07,2.302726E-07,4.764498E-06,1,1,0.07105278,0.7416701,-0.07957652,0.662227,0,0,0,0,271.404,311.2788,760.4207,0,1,0,0,0,5.575846E-09,9.822054E-10,4.503137E-08,1,1,0,0,0,1
16.75785,0,0,0,6.15825E-07,2.311566E-07,4.805026E-06,1,1,0.07105278,0.7416701,-0.07957652,0.662227,0,0,0,0,281.456,322.8074,788.5844,0,1,0,0,0,5.018261E-09,8.839849E-10,4.052823E-08,1,1,0,0,0,1
16.80756,0,0,0,6.208433E-07,2.320405E-07,4.845555E-06,1,1,0.07105278,0.7416701,-0.07957652,0.662227,0,0,0,0,276.43,317.0429,774.5026,0,1,0,0,0,5.018261E-09,8.839849E-10,4.052823E-08,1,1,0,0,0,1
16.85795,0,0,0,6.258614E-07,2.329245E-07,4.886083E-06,1,1,0.07105278,0.7416701,-0.07957652,0.662227,0,0,0,0,281.456,322.8073,788.5844,0,1,0,0,0,5.018261E-09,8.839849E-10,4.052823E-08,1,1,0,0,0,1
16.9075,0,0,0,6.314373E-07,2.339067E-07,4.931114E-06,1,1,0.07105278,0.7416701,-0.07957652,0.662227,0,0,0,0,276.43,317.0429,774.5026,0,1,0,0,0,5.575846E-09,9.822054E-10,4.503137E-08,1,1,0,0,0,1
16.95803,0,0,0,6.364555E-07,2.347907E-07,4.971643E-06,1,1,0.07105278,0.7416701,-0.07957652,0.662227,0,0,0,0,281.456,322.8073,788.5844,0,1,0,0,0,5.018261E-09,8.839849E-10,4.052823E-08,1,1,0,0,0,1
17.00753,0,0,0,6.414738E-07,2.356746E-07,5.012171E-06,1,1,0.07105278,0.7416701,-0.07957652,0.662227,0,0,0,0,276.43,317.0429,774.5026,0,1,0,0,0,5.018261E-09,8.839849E-10,4.052823E-08,1,1,0,0,0,1
17.05826,0,0,0,6.46492E-07,2.365586E-07,5.052699E-06,1,1,0.07105278,0.7416701,-0.07957652,0.662227,0,0,0,0,271.404,311.2785,760.4207,0,1,0,0,0,5.018261E-09,8.839849E-10,4.052823E-08,1,1,0,0,0,1
17.10798,0,0,0,6.515102E-07,2.374426E-07,5.093228E-06,1,1,0.07105278,0.7416701,-0.07957652,0.662227,0,0,0,0,276.43,317.0429,774.5026,0,1,0,0,0,5.018261E-09,8.839849E-10,4.052823E-08,1,1,0,0,0,1
17.15747,0,0,0,6.565285E-07,2.383265E-07,5.133756E-06,1,1,0.07105278,0.7416701,-0.07957652,0.662227,0,0,0,0,276.43,317.0429,774.5026,0,1,0,0,0,5.018261E-09,8.839849E-10,4.052823E-08,1,1,0,0,0,1
17.208,0,0,0,6.615467E-07,2.392106E-07,5.174284E-06,1,1,0.07105278,0.7416701,-0.07957652,0.662227,0,0,0,0,256.326,293.9853,718.1752,0,1,0,0,0,5.018261E-09,8.839849E-10,4.052823E-08,1,1,0,0,0,1
17.25765,0,0,0,6.671225E-07,2.401928E-07,5.219315E-06,1,1,0.07105278,0.7416701,-0.07957652,0.662227,0,0,0,0,276.43,317.0429,774.5026,0,1,0,0,0,5.575846E-09,9.822054E-10,4.503137E-08,1,1,0,0,0,1
17.30805,0,0,0,6.721408E-07,2.410769E-07,5.259843E-06,1,1,0.07105278,0.7416701,-0.07957652,0.662227,0,0,0,0,281.456,322.8073,788.5844,0,1,0,0,0,5.018261E-09,8.839849E-10,4.052823E-08,1,1,0,0,0,1
17.35756,0,0,0,6.771591E-07,2.419609E-07,5.300372E-06,1,1,0.07105278,0.7416701,-0.07957652,0.662227,0,0,0,0,276.43,317.0429,774.5026,0,1,0,0,0,5.018261E-09,8.839849E-10,4.052823E-08,1,1,0,0,0,1
17.41556,0,0,0,6.832925E-07,2.430414E-07,5.349906E-06,1,1,0.07105278,0.7416701,-0.07957652,0.662227,0,0,0,0,256.326,293.9853,718.1752,0,1,0,0,0,6.133431E-09,1.080426E-09,4.95345E-08,1,1,0,0,0,1
17.46345,0,0,0,6.883107E-07,2.439253E-07,5.390434E-06,1,1,0.07105278,0.7416701,-0.07957652,0.662227,0,0,0,0,185.962,213.2835,521.0293,0,1,0,0,0,5.018261E-09,8.839849E-10,4.052823E-08,1,1,0,0,0,1
17.51385,0,0,0,6.93329E-07,2.448094E-07,5.430962E-06,1,1,0.07105278,0.7416701,-0.07957652,0.662227,0,0,0,0,281.456,322.8073,788.5844,0,1,0,0,0,5.018261E-09,8.839849E-10,4.052823E-08,1,1,0,0,0,1
17.56427,0,0,0,6.983472E-07,2.456934E-07,5.471491E-06,1,1,0.07105278,0.7416701,-0.07957652,0.662227,0,0,0,0,281.456,322.8073,788.5844,0,1,0,0,0,5.018261E-09,8.839849E-10,4.052823E-08,1,1,0,0,0,1
17.61362,0,0,0,7.033654E-07,2.465774E-07,5.512019E-06,1,1,0.07105278,0.7416701,-0.07957652,0.662227,0,0,0,0,271.404,311.2785,760.4207,0,1,0,0,0,5.018261E-09,8.839849E-10,4.052823E-08,1,1,0,0,0,1
17.66401,0,0,0,7.089412E-07,2.475597E-07,5.55705E-06,1,1,0.07105278,0.7416701,-0.07957652,0.662227,0,0,0,0,281.456,322.8073,788.5844,0,1,0,0,0,5.575846E-09,9.822054E-10,4.503137E-08,1,1,0,0,0,1
17.71353,0,0,0,7.139595E-07,2.484437E-07,5.597578E-06,1,1,0.07105278,0.7416701,-0.07957652,0.662227,0,0,0,0,276.43,317.0429,774.5026,0,1,0,0,0,5.018261E-09,8.839849E-10,4.052823E-08,1,1,0,0,0,1
17.76393,0,0,0,7.189777E-07,2.493277E-07,5.638106E-06,1,1,0.07105278,0.7416701,-0.07957652,0.662227,0,0,0,0,281.456,322.8073,788.5844,0,1,0,0,0,5.018261E-09,8.839849E-10,4.052823E-08,1,1,0,0,0,1
17.81434,0,0,0,7.245535E-07,2.5031E-07,5.683138E-06,1,1,0.07105278,0.7416701,-0.07957652,0.662227,0,0,0,0,281.456,322.8073,788.5844,0,1,0,0,0,5.575846E-09,9.822054E-10,4.503137E-08,1,1,0,0,0,1
17.86412,0,0,0,7.295718E-07,2.51194E-07,5.723666E-06,1,1,0.07105278,0.7416701,-0.07957652,0.662227,0,0,0,0,251.3,288.2209,704.0933,0,1,0,0,0,5.018261E-09,8.839849E-10,4.052823E-08,1,1,0,0,0,1
17.9136,0,0,0,7.345901E-07,2.520781E-07,5.764194E-06,1,1,0.07105278,0.7416701,-0.07957652,0.662227,0,0,0,0,276.43,317.0429,774.5026,0,1,0,0,0,5.018261E-09,8.839849E-10,4.052823E-08,1,1,0,0,0,1
17.964,0,0,0,7.396084E-07,2.529621E-07,5.804722E-06,1,1,0.07105278,0.7416701,-0.07957652,0.662227,0,0,0,0,281.456,322.8073,788.5844,0,1,0,0,0,5.018261E-09,8.839849E-10,4.052823E-08,1,1,0,0,0,1
18.01415,0,0,0,7.451843E-07,2.539443E-07,5.849754E-06,1,1,0.07105278,0.7416701,-0.07957652,0.662227,0,0,0,0,226.17,259.3989,633.6841,0,1,0,0,0,5.575846E-09,9.822054E-10,4.503137E-08,1,1,0,0,0,1
18.06456,0,0,0,7.502025E-07,2.548284E-07,5.890281E-06,1,1,0.07105278,0.7416701,-0.07957652,0.662227,0,0,0,0,281.456,322.8073,788.5844,0,1,0,0,0,5.018261E-09,8.839849E-10,4.052823E-08,1,1,0,0,0,1
18.11405,0,0,0,7.529904E-07,2.553195E-07,5.912797E-06,1,1,0.07105278,0.7416701,-0.07957652,0.662227,0,0,0,0,276.43,317.0429,774.5026,0,1,0,0,0,2.787923E-09,4.911027E-10,2.251569E-08,1,1,0,0,0,1
18.16424,0,0,0,7.607966E-07,2.566946E-07,5.975841E-06,1,1,0.07105278,0.7416701,-0.07957652,0.662227,0,0,0,0,276.43,317.0429,774.5026,0,1,0,0,0,7.806184E-09,1.375088E-09,6.304391E-08,1,1,0,0,0,1
18.21464,0,0,0,7.658149E-07,2.575786E-07,6.016369E-06,1,1,0.07105278,0.7416701,-0.07957652,0.662227,0,0,0,0,281.456,322.8073,788.5844,0,1,0,0,0,5.018261E-09,8.839849E-10,4.052823E-08,1,1,0,0,0,1
18.26414,0,0,0,7.708331E-07,2.584626E-07,6.056897E-06,1,1,0.07105278,0.7416701,-0.07957652,0.662227,0,0,0,0,276.43,317.0429,774.5026,0,1,0,0,0,5.018261E-09,8.839849E-10,4.052823E-08,1,1,0,0,0,1
18.31457,0,0,0,7.758514E-07,2.593467E-07,6.097426E-06,1,1,0.07105278,0.7416701,-0.07957652,0.662227,0,0,0,0,281.456,322.8073,788.5844,0,1,0,0,0,5.018261E-09,8.839849E-10,4.052823E-08,1,1,0,0,0,1
18.36404,0,0,0,7.808696E-07,2.602307E-07,6.137954E-06,1,1,0.07105278,0.7416701,-0.07957652,0.662227,0,0,0,0,276.43,317.0429,774.5026,0,1,0,0,0,5.018261E-09,8.839849E-10,4.052823E-08,1,1,0,0,0,1
18.41458,0,0,0,7.864454E-07,2.61213E-07,6.182985E-06,1,1,0.07105278,0.7416701,-0.07957652,0.662227,0,0,0,0,271.404,311.2785,760.4207,0,1,0,0,0,5.575846E-09,9.822054E-10,4.503137E-08,1,1,0,0,0,1
18.46406,0,0,0,7.914637E-07,2.62097E-07,6.223514E-06,1,1,0.07105278,0.7416701,-0.07957652,0.662227,0,0,0,0,276.43,317.0429,774.5026,0,1,0,0,0,5.018261E-09,8.839849E-10,4.052823E-08,1,1,0,0,0,1
18.51446,0,0,0,7.964819E-07,2.62981E-07,6.264042E-06,1,1,0.07105278,0.7416701,-0.07957652,0.662227,0,0,0,0,281.456,322.8073,788.5844,0,1,0,0,0,5.018261E-09,8.839849E-10,4.052823E-08,1,1,0,0,0,1
18.56396,0,0,0,8.015002E-07,2.63865E-07,6.30457E-06,1,1,0.07105278,0.7416701,-0.07957652,0.662227,0,0,0,0,276.43,317.0429,774.5026,0,1,0,0,0,5.018261E-09,8.839849E-10,4.052823E-08,1,1,0,0,0,1
18.61438,0,0,0,8.065184E-07,2.647491E-07,6.345098E-06,1,1,0.07105278,0.7416701,-0.07957652,0.662227,0,0,0,0,281.456,322.8073,788.5844,0,1,0,0,0,5.575846E-09,9.822054E-10,4.503137E-08,1,1,0,0,0,1
18.66476,0,0,0,8.120942E-07,2.657313E-07,6.390129E-06,1,1,0.07105278,0.7416701,-0.07957652,0.662227,0,0,0,0,281.456,322.8073,788.5844,0,1,0,0,0,5.018261E-09,8.839849E-10,4.052823E-08,1,1,0,0,0,1
18.71426,0,0,0,8.171124E-07,2.666154E-07,6.430658E-06,1,1,0.07105278,0.7416701,-0.07957652,0.662227,0,0,0,0,256.326,293.9853,718.1752,0,1,0,0,0,5.018261E-09,8.839849E-10,4.052823E-08,1,1,0,0,0,1
18.76467,0,0,0,8.221307E-07,2.674994E-07,6.471186E-06,1,1,0.07105278,0.7416701,-0.07957652,0.662227,0,0,0,0,281.456,322.8073,788.5844,0,1,0,0,0,5.018261E-09,8.839849E-10,4.052823E-08,1,1,0,0,0,1
18.81416,0,0,0,8.277065E-07,2.684816E-07,6.516218E-06,1,1,0.07105278,0.7416701,-0.07957652,0.662227,0,0,0,0,276.43,317.0429,774.5025,0,1,0,0,0,5.575846E-09,9.822054E-10,4.503137E-08,1,1,0,0,0,1
18.86457,0,0,0,8.327247E-07,2.693657E-07,6.556746E-06,1,1,0.07105278,0.7416701,-0.07957652,0.662227,0,0,0,0,281.456,322.8073,788.5844,0,1,0,0,0,5.018261E-09,8.839849E-10,4.052823E-08,1,1,0,0,0,1
18.92194,0,0,0,8.388581E-07,2.704462E-07,6.60628E-06,1,1,0.07105278,0.7416701,-0.07957652,0.662227,0,0,0,0,266.378,305.5141,746.3388,0,1,0,0,0,6.133431E-09,1.080426E-09,4.95345E-08,1,1,0,0,0,1
18.96515,0,0,0,8.433187E-07,2.71232E-07,6.642305E-06,1,1,0.07105278,0.7416701,-0.07957652,0.662227,0,0,0,0,231.196,265.1633,647.7659,0,1,0,0,0,4.460677E-09,7.857643E-10,3.60251E-08,1,1,0,0,0,1
19.01455,0,0,0,8.48337E-07,2.72116E-07,6.682833E-06,1,1,0.07105278,0.7416701,-0.07957652,0.662227,0,0,0,0,271.404,311.2785,760.4207,0,1,0,0,0,5.018261E-09,8.839849E-10,4.052823E-08,1,1,0,0,0,1
19.06495,0,0,0,8.533552E-07,2.73E-07,6.723361E-06,1,1,0.07105278,0.7416701,-0.07957652,0.662227,0,0,0,0,281.456,322.8073,788.5844,0,1,0,0,0,5.018261E-09,8.839849E-10,4.052823E-08,1,1,0,0,0,1
19.11535,0,0,0,8.583735E-07,2.73884E-07,6.763889E-06,1,1,0.07105278,0.7416701,-0.07957652,0.662227,0,0,0,0,281.456,322.8073,788.5844,0,1,0,0,0,5.018261E-09,8.839849E-10,4.052823E-08,1,1,0,0,0,1
19.16484,0,0,0,8.633917E-07,2.747681E-07,6.804417E-06,1,1,0.07105278,0.7416701,-0.07957652,0.662227,0,0,0,0,276.43,317.0429,774.5025,0,1,0,0,0,5.018261E-09,8.839849E-10,4.052823E-08,1,1,0,0,0,1
19.21525,0,0,0,8.6841E-07,2.756521E-07,6.844946E-06,1,1,0.07105278,0.7416701,-0.07957652,0.662227,0,0,0,0,281.456,322.8073,788.5844,0,1,0,0,0,5.018261E-09,8.839849E-10,4.052823E-08,1,1,0,0,0,1
19.26477,0,0,0,8.734282E-07,2.765361E-07,6.885474E-06,1,1,0.07105278,0.7416701,-0.07957652,0.662227,0,0,0,0,271.404,311.2785,760.4207,0,1,0,0,0,5.018261E-09,8.839849E-10,4.052823E-08,1,1,0,0,0,1
19.31516,0,0,0,8.784465E-07,2.774202E-07,6.926002E-06,1,1,0.07105278,0.7416701,-0.07957652,0.662227,0,0,0,0,281.456,322.8073,788.5844,0,1,0,0,0,5.018261E-09,8.839849E-10,4.052823E-08,1,1,0,0,0,1
19.36466,0,0,0,8.834647E-07,2.783042E-07,6.96653E-06,1,1,0.07105278,0.7416701,-0.07957652,0.662227,0,0,0,0,276.43,317.0429,774.5025,0,1,0,0,0,5.018261E-09,8.839849E-10,4.052823E-08,1,1,0,0,0,1
19.41507,0,0,0,8.88483E-07,2.791882E-07,7.007059E-06,1,1,0.07105278,0.7416701,-0.07957652,0.662227,0,0,0,0,281.456,322.8073,788.5844,0,1,0,0,0,5.018261E-09,8.839849E-10,4.052823E-08,1,1,0,0,0,1
19.46456,0,0,0,8.935012E-07,2.800722E-07,7.047587E-06,1,1,0.07105278,0.7416701,-0.07957652,0.662227,0,0,0,0,276.43,317.0429,774.5025,0,1,0,0,0,5.018261E-09,8.839849E-10,4.052823E-08,1,1,0,0,0,1
19.51495,0,0,0,8.99077E-07,2.810545E-07,7.092618E-06,1,1,0.07105278,0.7416701,-0.07957652,0.662227,0,0,0,0,281.456,322.8073,788.5844,0,1,0,0,0,5.575846E-09,9.822054E-10,4.503137E-08,1,1,0,0,0,1
19.56505,0,0,0,9.035377E-07,2.818403E-07,7.128643E-06,1,1,0.07105278,0.7416701,-0.07957652,0.662227,0,0,0,0,276.43,317.0429,774.5025,0,1,0,0,0,4.460677E-09,7.857643E-10,3.60251E-08,1,1,0,0,0,1
19.61455,0,0,0,9.091135E-07,2.828226E-07,7.173674E-06,1,1,0.07105278,0.7416701,-0.07957652,0.662227,0,0,0,0,276.43,317.0429,774.5025,0,1,0,0,0,5.575846E-09,9.822054E-10,4.503137E-08,1,1,0,0,0,1
19.66495,0,0,0,9.141318E-07,2.837066E-07,7.214202E-06,1,1,0.07105278,0.7416701,-0.07957652,0.662227,0,0,0,0,281.456,322.8073,788.5844,0,1,0,0,0,5.018261E-09,8.839849E-10,4.052823E-08,1,1,0,0,0,1
19.71461,0,0,0,9.1915E-07,2.845906E-07,7.254731E-06,1,1,0.07105278,0.7416701,-0.07957652,0.662227,0,0,0,0,276.43,317.0429,774.5025,0,1,0,0,0,5.018261E-09,8.839849E-10,4.052823E-08,1,1,0,0,0,1
19.76501,0,0,0,9.247258E-07,2.855729E-07,7.299762E-06,1,1,0.07105278,0.7416701,-0.07957652,0.662227,0,0,0,0,281.456,322.8073,788.5844,0,1,0,0,0,5.575846E-09,9.822054E-10,4.503137E-08,1,1,0,0,0,1
19.81524,0,0,0,9.29744E-07,2.864569E-07,7.34029E-06,1,1,0.07105278,0.7416701,-0.07957652,0.662227,0,0,0,0,276.43,317.0429,774.5025,0,1,0,0,0,5.018261E-09,8.839849E-10,4.052823E-08,1,1,0,0,0,1
19.86473,0,0,0,9.347623E-07,2.873409E-07,7.380819E-06,1,1,0.07105278,0.7416701,-0.07957652,0.662227,0,0,0,0,276.43,317.0429,774.5025,0,1,0,0,0,5.018261E-09,8.839849E-10,4.052823E-08,1,1,0,0,0,1
19.91513,0,0,0,9.397805E-07,2.88225E-07,7.421347E-06,1,1,0.07105278,0.7416701,-0.07957652,0.662227,0,0,0,0,281.456,322.8073,788.5844,0,1,0,0,0,5.018261E-09,8.839849E-10,4.052823E-08,1,1,0,0,0,1
19.96463,0,0,0,9.447987E-07,2.89109E-07,7.461875E-06,1,1,0.07105278,0.7416701,-0.07957652,0.662227,0,0,0,0,276.43,317.0429,774.5025,0,1,0,0,0,5.018261E-09,8.839849E-10,4.052823E-08,1,1,0,0,0,1
20.01506,0,0,0,9.503746E-07,2.900912E-07,7.506906E-06,1,1,0.07105278,0.7416701,-0.07957652,0.662227,0,0,0,0,281.456,322.8073,788.5844,0,1,0,0,0,5.575846E-09,9.822054E-10,4.503137E-08,1,1,0,0,0,1
20.06454,0,0,0,9.553928E-07,2.909753E-07,7.547435E-06,1,1,0.07105278,0.7416701,-0.07957652,0.662227,0,0,0,0,276.43,317.0429,774.5025,0,1,0,0,0,5.018261E-09,8.839849E-10,4.052823E-08,1,1,0,0,0,1
20.11494,0,0,0,9.604111E-07,2.918593E-07,7.587963E-06,1,1,0.07105278,0.7416701,-0.07957652,0.662227,0,0,0,0,276.43,317.0429,774.5025,0,1,0,0,0,5.018261E-09,8.839849E-10,4.052823E-08,1,1,0,0,0,1
20.16534,0,0,0,9.654292E-07,2.927433E-07,7.628491E-06,1,1,0.07105278,0.7416701,-0.07957652,0.662227,0,0,0,0,281.456,322.8073,788.5844,0,1,0,0,0,5.018261E-09,8.839849E-10,4.052823E-08,1,1,0,0,0,1
20.21484,0,0,0,9.704473E-07,2.936274E-07,7.669019E-06,1,1,0.07105278,0.7416701,-0.07957652,0.662227,0,0,0,0,276.43,317.0429,774.5025,0,1,0,0,0,5.018261E-09,8.839849E-10,4.052823E-08,1,1,0,0,0,1
20.26525,0,0,0,9.760231E-07,2.946096E-07,7.714048E-06,1,1,0.07105278,0.7416701,-0.07957652,0.662227,0,0,0,0,281.456,322.8073,788.5844,0,1,0,0,0,5.575846E-09,9.822054E-10,4.503137E-08,1,1,0,0,0,1
20.3149,0,0,0,9.810412E-07,2.954936E-07,7.754576E-06,1,1,0.07105278,0.7416701,-0.07957652,0.662227,0,0,0,0,236.222,270.9277,661.8477,0,1,0,0,0,5.018261E-09,8.839849E-10,4.052823E-08,1,1,0,0,0,1
20.3653,0,0,0,9.860594E-07,2.963777E-07,7.795103E-06,1,1,0.07105278,0.7416701,-0.07957652,0.662227,0,0,0,0,281.456,322.8073,788.5844,0,1,0,0,0,5.018261E-09,8.839849E-10,4.052823E-08,1,1,0,0,0,1
20.41537,0,0,0,9.916351E-07,2.973599E-07,7.840132E-06,1,1,0.07105278,0.7416701,-0.07957652,0.662227,0,0,0,0,276.43,317.0429,774.5025,0,1,0,0,0,5.575846E-09,9.822054E-10,4.503137E-08,1,1,0,0,0,1
20.46488,0,0,0,9.966533E-07,2.982439E-07,7.880659E-06,1,1,0.07105278,0.7416701,-0.07957652,0.662227,0,0,0,0,276.43,317.0429,774.5025,0,1,0,0,0,5.018261E-09,8.839849E-10,4.052823E-08,1,1,0,0,0,1
20.51527,0,0,0,1.001671E-06,2.99128E-07,7.921186E-06,1,1,0.07105278,0.7416701,-0.07957652,0.662227,0,0,0,0,281.456,322.8073,788.5844,0,1,0,0,0,5.018261E-09,8.839849E-10,4.052823E-08,1,1,0,0,0,1
20.56477,0,0,0,1.00669E-06,3.00012E-07,7.961713E-06,1,1,0.07105278,0.7416701,-0.07957652,0.662227,0,0,0,0,276.43,317.0429,774.5025,0,1,0,0,0,5.018261E-09,8.839849E-10,4.052823E-08,1,1,0,0,0,1
20.61518,0,0,0,1.012265E-06,3.009943E-07,8.006742E-06,1,1,0.07105278,0.7416701,-0.07957652,0.662227,0,0,0,0,281.456,322.8073,788.5844,0,1,0,0,0,5.575846E-09,9.822054E-10,4.503137E-08,1,1,0,0,0,1
20.6653,0,0,0,1.017284E-06,3.018783E-07,8.047269E-06,1,1,0.07105278,0.7416701,-0.07957652,0.662227,0,0,0,0,276.43,317.0429,774.5025,0,1,0,0,0,5.018261E-09,8.839849E-10,4.052823E-08,1,1,0,0,0,1
20.71471,0,0,0,1.022302E-06,3.027623E-07,8.087796E-06,1,1,0.07105278,0.7416701,-0.07957652,0.662227,0,0,0,0,261.352,299.7497,732.257,0,1,0,0,0,5.018261E-09,8.839849E-10,4.052823E-08,1,1,0,0,0,1
20.76511,0,0,0,1.02732E-06,3.036463E-07,8.128323E-06,1,1,0.07105278,0.7416701,-0.07957652,0.662227,0,0,0,0,281.456,322.8073,788.5844,0,1,0,0,0,5.018261E-09,8.839849E-10,4.052823E-08,1,1,0,0,0,1
20.81461,0,0,0,1.032338E-06,3.045304E-07,8.16885E-06,1,1,0.07105278,0.7416701,-0.07957652,0.662227,0,0,0,0,276.43,317.0429,774.5025,0,1,0,0,0,5.018261E-09,8.839849E-10,4.052823E-08,1,1,0,0,0,1
20.865,0,0,0,1.037356E-06,3.054144E-07,8.209377E-06,1,1,0.07105278,0.7416701,-0.07957652,0.662227,0,0,0,0,281.456,322.8073,788.5844,0,1,0,0,0,5.018261E-09,8.839849E-10,4.052823E-08,1,1,0,0,0,1
20.91468,0,0,0,1.042375E-06,3.062984E-07,8.249905E-06,1,1,0.07105278,0.7416701,-0.07957652,0.662227,0,0,0,0,246.274,282.4565,690.0114,0,1,0,0,0,5.018261E-09,8.839849E-10,4.052823E-08,1,1,0,0,0,1
20.9648,0,0,0,1.04795E-06,3.072807E-07,8.294934E-06,1,1,0.07105278,0.7416701,-0.07957652,0.662227,0,0,0,0,276.43,317.0429,774.5025,0,1,0,0,0,5.575846E-09,9.822054E-10,4.503137E-08,1,1,0,0,0,1
21.01521,0,0,0,1.052969E-06,3.081647E-07,8.335461E-06,1,1,0.07105278,0.7416701,-0.07957652,0.662227,0,0,0,0,281.456,322.8073,788.5844,0,1,0,0,0,5.018261E-09,8.839849E-10,4.052823E-08,1,1,0,0,0,1
21.0647,0,0,0,1.057987E-06,3.090487E-07,8.375988E-06,1,1,0.07105278,0.7416701,-0.07957652,0.662227,0,0,0,0,276.43,317.0429,774.5025,0,1,0,0,0,5.018261E-09,8.839849E-10,4.052823E-08,1,1,0,0,0,1
21.1151,0,0,0,1.063563E-06,3.10031E-07,8.421017E-06,1,1,0.07105278,0.7416701,-0.07957652,0.662227,0,0,0,0,281.456,322.8073,788.5844,0,1,0,0,0,5.575846E-09,9.822054E-10,4.503137E-08,1,1,0,0,0,1
21.1646,0,0,0,1.068581E-06,3.10915E-07,8.461544E-06,1,1,0.07105278,0.7416701,-0.07957652,0.662227,0,0,0,0,276.43,317.0429,774.5025,0,1,0,0,0,5.018261E-09,8.839849E-10,4.052823E-08,1,1,0,0,0,1
21.21471,0,0,0,1.073599E-06,3.117991E-07,8.502071E-06,1,1,0.07105278,0.7416701,-0.07957652,0.662227,0,0,0,0,276.43,317.0429,774.5025,0,1,0,0,0,5.018261E-09,8.839849E-10,4.052823E-08,1,1,0,0,0,1
21.26534,0,0,0,1.078617E-06,3.126831E-07,8.542598E-06,1,1,0.07105278,0.7416701,-0.07957652,0.662227,0,0,0,0,281.456,322.8073,788.5844,0,1,0,0,0,5.018261E-09,8.839849E-10,4.052823E-08,1,1,0,0,0,1
21.31486,0,0,0,1.083635E-06,3.135671E-07,8.583125E-06,1,1,0.07105278,0.7416701,-0.07957652,0.662227,0,0,0,0,276.43,317.0429,774.5025,0,1,0,0,0,5.018261E-09,8.839849E-10,4.052823E-08,1,1,0,0,0,1
21.36523,0,0,0,1.088653E-06,3.144511E-07,8.623652E-06,1,1,0.07105278,0.7416701,-0.07957652,0.662227,0,0,0,0,281.456,322.8073,788.5844,0,1,0,0,0,5.018261E-09,8.839849E-10,4.052823E-08,1,1,0,0,0,1
21.41475,0,0,0,1.093672E-06,3.153352E-07,8.664179E-06,1,1,0.07105278,0.7416701,-0.07957652,0.662227,0,0,0,0,276.43,317.0429,774.5025,0,1,0,0,0,5.018261E-09,8.839849E-10,4.052823E-08,1,1,0,0,0,1
21.46515,0,0,0,1.09869E-06,3.162192E-07,8.704706E-06,1,1,0.07105278,0.7416701,-0.07957652,0.662227,0,0,0,0,281.456,322.8073,788.5844,0,1,0,0,0,5.018261E-09,8.839849E-10,4.052823E-08,1,1,0,0,0,1
21.51473,0,0,0,1.103708E-06,3.171032E-07,8.745234E-06,1,1,0.07105278,0.7416701,-0.07957652,0.662227,0,0,0,0,271.404,311.2785,760.4207,0,1,0,0,0,5.018261E-09,8.839849E-10,4.052823E-08,1,1,0,0,0,1
21.5651,0,0,0,1.109284E-06,3.180855E-07,8.790263E-06,1,1,0.07105278,0.7416701,-0.07957652,0.662227,0,0,0,0,281.456,322.8073,788.5844,0,1,0,0,0,5.575846E-09,9.822054E-10,4.503137E-08,1,1,0,0,0,1
21.6146,0,0,0,1.114302E-06,3.189695E-07,8.83079E-06,1,1,0.07105278,0.7416701,-0.07957652,0.662227,0,0,0,0,276.43,317.0429,774.5025,0,1,0,0,0,5.018261E-09,8.839849E-10,4.052823E-08,1,1,0,0,0,1
21.66503,0,0,0,1.11932E-06,3.198535E-07,8.871317E-06,1,1,0.07105278,0.7416701,-0.07957652,0.662227,0,0,0,0,281.456,322.8073,788.5844,0,1,0,0,0,5.018261E-09,8.839849E-10,4.052823E-08,1,1,0,0,0,1
21.71478,0,0,0,1.124896E-06,3.208358E-07,8.916346E-06,1,1,0.07105278,0.7416701,-0.07957652,0.662227,0,0,0,0,276.43,317.0429,774.5025,0,1,0,0,0,5.575846E-09,9.822054E-10,4.503137E-08,1,1,0,0,0,1
21.76512,0,0,0,1.129914E-06,3.217198E-07,8.956875E-06,1,1,0.07105278,0.7416701,-0.07957652,0.662227,0,0,0,0,231.196,265.1632,647.7659,0,1,0,0,0,5.018261E-09,8.839849E-10,4.052823E-08,1,1,0,0,0,1
21.81461,0,0,0,1.134932E-06,3.226039E-07,8.997402E-06,1,1,0.07105278,0.7416701,-0.07957652,0.662227,0,0,0,0,276.43,317.0429,774.5025,0,1,0,0,0,5.018261E-09,8.839849E-10,4.052823E-08,1,1,0,0,0,1
21.86501,0,0,0,1.139951E-06,3.234879E-07,9.037929E-06,1,1,0.07105278,0.7416701,-0.07957652,0.662227,0,0,0,0,281.456,322.8073,788.5844,0,1,0,0,0,5.018261E-09,8.839849E-10,4.052823E-08,1,1,0,0,0,1
21.91451,0,0,0,1.144969E-06,3.243719E-07,9.078456E-06,1,1,0.07105278,0.7416701,-0.07957652,0.662227,0,0,0,0,276.43,317.0429,774.5025,0,1,0,0,0,5.018261E-09,8.839849E-10,4.052823E-08,1,1,0,0,0,1
21.9649,0,0,0,1.149987E-06,3.252559E-07,9.118983E-06,1,1,0.07105278,0.7416701,-0.07957652,0.662227,0,0,0,0,281.456,322.8073,788.5844,0,1,0,0,0,5.018261E-09,8.839849E-10,4.052823E-08,1,1,0,0,0,1
22.01515,0,0,0,1.155005E-06,3.2614E-07,9.15951E-06,1,1,0.07105278,0.7416701,-0.07957652,0.662227,0,0,0,0,261.352,299.7497,732.257,0,1,0,0,0,5.018261E-09,8.839849E-10,4.052823E-08,1,1,0,0,0,1
22.06466,0,0,0,1.160023E-06,3.27024E-07,9.200037E-06,1,1,0.07105278,0.7416701,-0.07957652,0.662227,0,0,0,0,276.43,317.0429,774.5025,0,1,0,0,0,5.018261E-09,8.839849E-10,4.052823E-08,1,1,0,0,0,1
22.11512,0,0,0,1.164484E-06,3.278098E-07,9.236062E-06,1,1,0.07105278,0.7416701,-0.07957652,0.662227,0,0,0,0,276.43,317.0429,774.5025,0,1,0,0,0,4.460677E-09,7.857643E-10,3.60251E-08,1,1,0,0,0,1
22.16462,0,0,0,1.168944E-06,3.285956E-07,9.272087E-06,1,1,0.07105278,0.7416701,-0.07957652,0.662227,0,0,0,0,276.43,317.0429,774.5025,0,1,0,0,0,4.460677E-09,7.857643E-10,3.60251E-08,1,1,0,0,0,1
22.21504,0,0,0,1.173963E-06,3.294796E-07,9.312616E-06,1,1,0.07105278,0.7416701,-0.07957652,0.662227,0,0,0,0,281.456,322.8073,788.5844,0,1,0,0,0,5.018261E-09,8.839849E-10,4.052823E-08,1,1,0,0,0,1
22.26539,0,0,0,1.178981E-06,3.303636E-07,9.353143E-06,1,1,0.07105278,0.7416701,-0.07957652,0.662227,0,0,0,0,266.378,305.5141,746.3388,0,1,0,0,0,5.018261E-09,8.839849E-10,4.052823E-08,1,1,0,0,0,1
22.3149,0,0,0,1.183999E-06,3.312477E-07,9.393671E-06,1,1,0.07105278,0.7416701,-0.07957652,0.662227,0,0,0,0,276.43,317.0429,774.5025,0,1,0,0,0,5.018261E-09,8.839849E-10,4.052823E-08,1,1,0,0,0,1
22.3653,0,0,0,1.189017E-06,3.321317E-07,9.434198E-06,1,1,0.07105278,0.7416701,-0.07957652,0.662227,0,0,0,0,281.4559,322.8073,788.5844,0,1,0,0,0,5.018261E-09,8.839849E-10,4.052823E-08,1,1,0,0,0,1
22.41479,0,0,0,1.193478E-06,3.329175E-07,9.470223E-06,1,1,0.07105278,0.7416701,-0.07957652,0.662227,0,0,0,0,276.4299,317.0429,774.5025,0,1,0,0,0,4.460677E-09,7.857643E-10,3.60251E-08,1,1,0,0,0,1
22.46519,0,0,0,1.197938E-06,3.337033E-07,9.506248E-06,1,1,0.07105278,0.7416701,-0.07957652,0.662227,0,0,0,0,281.4559,322.8073,788.5844,0,1,0,0,0,4.460677E-09,7.857643E-10,3.60251E-08,1,1,0,0,0,1
22.51522,0,0,0,1.202957E-06,3.345873E-07,9.546775E-06,1,1,0.07105278,0.7416701,-0.07957652,0.662227,0,0,0,0,276.4299,317.0429,774.5025,0,1,0,0,0,5.018261E-09,8.839849E-10,4.052823E-08,1,1,0,0,0,1
22.56472,0,0,0,1.207417E-06,3.353731E-07,9.5828E-06,1,1,0.07105278,0.7416701,-0.07957652,0.662227,0,0,0,0,276.43,317.0429,774.5025,0,1,0,0,0,4.460677E-09,7.857643E-10,3.60251E-08,1,1,0,0,0,1
22.62566,0,0,0,1.213551E-06,3.364536E-07,9.632333E-06,1,1,0.07105278,0.7416701,-0.07957652,0.662227,0,0,0,0,231.196,265.1632,647.7659,0,1,0,0,0,6.133431E-09,1.080426E-09,4.95345E-08,1,1,0,0,0,1
22.67526,0,0,0,1.218569E-06,3.373376E-07,9.67286E-06,1,1,0.07105278,0.7416701,-0.07957652,0.662227,0,0,0,0,276.43,317.0429,774.5025,0,1,0,0,0,5.018261E-09,8.839849E-10,4.052823E-08,1,1,0,0,0,1
22.72565,0,0,0,1.223587E-06,3.382216E-07,9.713387E-06,1,1,0.07105278,0.7416701,-0.07957652,0.662227,0,0,0,0,281.456,322.8073,788.5844,0,1,0,0,0,5.018261E-09,8.839849E-10,4.052823E-08,1,1,0,0,0,1
22.77558,0,0,0,1.228048E-06,3.390074E-07,9.749412E-06,1,1,0.07105278,0.7416701,-0.07957652,0.662227,0,0,0,0,276.43,317.0429,774.5025,0,1,0,0,0,4.460677E-09,7.857643E-10,3.60251E-08,1,1,0,0,0,1
22.82507,0,0,0,1.232508E-06,3.397932E-07,9.785437E-06,1,1,0.07105278,0.7416701,-0.07957652,0.662227,0,0,0,0,276.43,317.0429,774.5025,0,1,0,0,0,4.460677E-09,7.857643E-10,3.60251E-08,1,1,0,0,0,1
22.87529,0,0,0,1.237526E-06,3.406773E-07,9.825966E-06,1,1,0.07105278,0.7416701,-0.07957652,0.662227,0,0,0,0,246.274,282.4565,690.0114,0,1,0,0,0,5.018261E-09,8.839849E-10,4.052823E-08,1,1,0,0,0,1
22.92569,0,0,0,1.241987E-06,3.414631E-07,9.861991E-06,1,1,0.07105278,0.7416701,-0.07957652,0.662227,0,0,0,0,281.456,322.8073,788.5844,0,1,0,0,0,4.460677E-09,7.857643E-10,3.60251E-08,1,1,0,0,0,1
22.97519,0,0,0,1.246448E-06,3.422489E-07,9.898016E-06,1,1,0.07105278,0.7416701,-0.07957652,0.662227,0,0,0,0,276.43,317.0429,774.5025,0,1,0,0,0,4.460677E-09,7.857643E-10,3.60251E-08,1,1,0,0,0,1
23.02525,0,0,0,1.250908E-06,3.430347E-07,9.934041E-06,1,1,0.07105278,0.7416701,-0.07957652,0.662227,0,0,0,0,276.4299,317.0429,774.5025,0,1,0,0,0,4.460677E-09,7.857643E-10,3.60251E-08,1,1,0,0,0,1
23.07565,0,0,0,1.255369E-06,3.438205E-07,9.970066E-06,1,1,0.07105278,0.7416701,-0.07957652,0.662227,0,0,0,0,281.4559,322.8073,788.5844,0,1,0,0,0,4.460677E-09,7.857643E-10,3.60251E-08,1,1,0,0,0,1
23.12519,0,0,0,1.260387E-06,3.447045E-07,1.001059E-05,1,1,0.07105278,0.7416701,-0.07957652,0.662227,0,0,0,0,276.4299,317.0429,774.5025,0,1,0,0,0,5.018261E-09,8.839849E-10,4.052823E-08,1,1,0,0,0,1
23.17558,0,0,0,1.26429E-06,3.453921E-07,1.004212E-05,1,1,0.07105278,0.7416701,-0.07957652,0.662227,0,0,0,0,281.4559,322.8073,788.5844,0,1,0,0,0,3.903092E-09,6.875438E-10,3.152196E-08,1,1,0,0,0,1
23.22509,0,0,0,1.269309E-06,3.462761E-07,1.008264E-05,1,1,0.07105278,0.7416701,-0.07957652,0.662227,0,0,0,0,276.4299,317.0429,774.5025,0,1,0,0,0,5.018261E-09,8.839849E-10,4.052823E-08,1,1,0,0,0,1
23.27513,0,0,0,1.273769E-06,3.470619E-07,1.011867E-05,1,1,0.07105278,0.7416701,-0.07957652,0.662227,0,0,0,0,261.3519,299.7497,732.257,0,1,0,0,0,4.460677E-09,7.857643E-10,3.60251E-08,1,1,0,0,0,1
23.32552,0,0,0,1.278787E-06,3.47946E-07,1.01592E-05,1,1,0.07105278,0.7416701,-0.07957652,0.662227,0,0,0,0,281.4559,322.8073,788.5844,0,1,0,0,0,5.018261E-09,8.839849E-10,4.052823E-08,1,1,0,0,0,1
23.37503,0,0,0,1.283805E-06,3.4883E-07,1.019972E-05,1,1,0.07105278,0.7416701,-0.07957652,0.662227,0,0,0,0,276.4299,317.0429,774.5025,0,1,0,0,0,5.018261E-09,8.839849E-10,4.052823E-08,1,1,0,0,0,1
23.42543,0,0,0,1.288266E-06,3.496158E-07,1.023575E-05,1,1,0.07105278,0.7416701,-0.07957652,0.662227,0,0,0,0,281.4559,322.8073,788.5844,0,1,0,0,0,4.460677E-09,7.857643E-10,3.60251E-08,1,1,0,0,0,1
23.47532,0,0,0,1.293284E-06,3.504998E-07,1.027628E-05,1,1,0.07105278,0.7416701,-0.07957652,0.662227,0,0,0,0,246.2739,282.4565,690.0114,0,1,0,0,0,5.018261E-09,8.839849E-10,4.052823E-08,1,1,0,0,0,1
23.52572,0,0,0,1.297745E-06,3.512856E-07,1.03123E-05,1,1,0.07105278,0.7416701,-0.07957652,0.662227,0,0,0,0,281.4559,322.8073,788.5844,0,1,0,0,0,4.460677E-09,7.857643E-10,3.60251E-08,1,1,0,0,0,1
23.57521,0,0,0,1.302205E-06,3.520714E-07,1.034833E-05,1,1,0.07105278,0.7416701,-0.07957652,0.662227,0,0,0,0,276.4299,317.0429,774.5025,0,1,0,0,0,4.460677E-09,7.857643E-10,3.60251E-08,1,1,0,0,0,1
23.62561,0,0,0,1.306666E-06,3.528572E-07,1.038435E-05,1,1,0.07105278,0.7416701,-0.07957652,0.662227,0,0,0,0,281.4559,322.8073,788.5844,0,1,0,0,0,4.460677E-09,7.857643E-10,3.60251E-08,1,1,0,0,0,1
23.67513,0,0,0,1.311684E-06,3.537413E-07,1.042488E-05,1,1,0.07105278,0.7416701,-0.07957652,0.662227,0,0,0,0,276.4299,317.0429,774.5025,0,1,0,0,0,5.018261E-09,8.839849E-10,4.052823E-08,1,1,0,0,0,1
23.7254,0,0,0,1.316145E-06,3.545271E-07,1.04609E-05,1,1,0.07105278,0.7416701,-0.07957652,0.662227,0,0,0,0,276.4299,317.0429,774.5025,0,1,0,0,0,4.460677E-09,7.857643E-10,3.60251E-08,1,1,0,0,0,1
23.77579,0,0,0,1.321163E-06,3.554111E-07,1.050143E-05,1,1,0.07105278,0.7416701,-0.07957652,0.662227,0,0,0,0,281.4559,322.8073,788.5844,0,1,0,0,0,5.018261E-09,8.839849E-10,4.052823E-08,1,1,0,0,0,1
23.82528,0,0,0,1.325623E-06,3.561969E-07,1.053745E-05,1,1,0.07105278,0.7416701,-0.07957652,0.662227,0,0,0,0,276.4299,317.0429,774.5025,0,1,0,0,0,4.460677E-09,7.857643E-10,3.60251E-08,1,1,0,0,0,1
23.87569,0,0,0,1.330641E-06,3.570809E-07,1.057798E-05,1,1,0.07105278,0.7416701,-0.07957652,0.662227,0,0,0,0,281.4559,322.8073,788.5844,0,1,0,0,0,5.018261E-09,8.839849E-10,4.052823E-08,1,1,0,0,0,1
23.92578,0,0,0,1.335102E-06,3.578667E-07,1.061401E-05,1,1,0.07105278,0.7416701,-0.07957652,0.662227,0,0,0,0,276.4299,317.0429,774.5025,0,1,0,0,0,5.018261E-09,8.839849E-10,4.052823E-08,1,1,0,0,0,1
23.97548,0,0,0,1.34012E-06,3.587508E-07,1.065453E-05,1,1,0.07105278,0.7416701,-0.07957652,0.662227,0,0,0,0,261.3519,299.7497,732.257,0,1,0,0,0,4.460677E-09,7.857643E-10,3.60251E-08,1,1,0,0,0,1
24.02498,0,0,0,1.344581E-06,3.595366E-07,1.069056E-05,1,1,0.07105278,0.7416701,-0.07957652,0.662227,0,0,0,0,276.4299,317.0429,774.5025,0,1,0,0,0,4.460677E-09,7.857643E-10,3.60251E-08,1,1,0,0,0,1
24.07538,0,0,0,1.349599E-06,3.604206E-07,1.073109E-05,1,1,0.07105278,0.7416701,-0.07957652,0.662227,0,0,0,0,281.4559,322.8073,788.5844,0,1,0,0,0,5.018261E-09,8.839849E-10,4.052823E-08,1,1,0,0,0,1
24.12578,0,0,0,1.35406E-06,3.612064E-07,1.076711E-05,1,1,0.07105278,0.7416701,-0.07957652,0.662227,0,0,0,0,281.4559,322.8073,788.5844,0,1,0,0,0,4.460677E-09,7.857643E-10,3.60251E-08,1,1,0,0,0,1
24.17495,0,0,0,1.359078E-06,3.620904E-07,1.080764E-05,1,1,0.07105278,0.7416701,-0.07957652,0.662227,0,0,0,0,271.4039,311.2785,760.4207,0,1,0,0,0,5.018261E-09,8.839849E-10,4.052823E-08,1,1,0,0,0,1
24.22535,0,0,0,1.363539E-06,3.628762E-07,1.084366E-05,1,1,0.07105278,0.7416701,-0.07957652,0.662227,0,0,0,0,281.4559,322.8073,788.5844,0,1,0,0,0,4.460677E-09,7.857643E-10,3.60251E-08,1,1,0,0,0,1
24.27548,0,0,0,1.368557E-06,3.637603E-07,1.088419E-05,1,1,0.07105278,0.7416701,-0.07957652,0.662227,0,0,0,0,276.4299,317.0429,774.5025,0,1,0,0,0,5.018261E-09,8.839849E-10,4.052823E-08,1,1,0,0,0,1
24.32502,0,0,0,1.373017E-06,3.645461E-07,1.092022E-05,1,1,0.07105278,0.7416701,-0.07957652,0.662227,0,0,0,0,276.4299,317.0429,774.5025,0,1,0,0,0,4.460677E-09,7.857643E-10,3.60251E-08,1,1,0,0,0,1
24.37498,0,0,0,1.377478E-06,3.653319E-07,1.095624E-05,1,1,0.07105278,0.7416701,-0.07957652,0.662227,0,0,0,0,276.4299,317.0429,774.5025,0,1,0,0,0,4.460677E-09,7.857643E-10,3.60251E-08,1,1,0,0,0,1
24.42538,0,0,0,1.382496E-06,3.662159E-07,1.099677E-05,1,1,0.07105278,0.7416701,-0.07957652,0.662227,0,0,0,0,281.4559,322.8073,788.5844,0,1,0,0,0,5.018261E-09,8.839849E-10,4.052823E-08,1,1,0,0,0,1
24.47577,0,0,0,1.386957E-06,3.670017E-07,1.103279E-05,1,1,0.07105278,0.7416701,-0.07957652,0.662227,0,0,0,0,281.4559,322.8073,788.5844,0,1,0,0,0,4.460677E-09,7.857643E-10,3.60251E-08,1,1,0,0,0,1
24.52527,0,0,0,1.391975E-06,3.678857E-07,1.107332E-05,1,1,0.07105278,0.7416701,-0.07957652,0.662227,0,0,0,0,276.4299,317.0429,774.5025,0,1,0,0,0,5.018261E-09,8.839849E-10,4.052823E-08,1,1,0,0,0,1
24.57516,0,0,0