Time,Translation X,Translation Y,Translation Z,Rotation X,Rotation Y,Rotation Z,Rotation W,Scalling,Camera X,Camera Y,Camera Z,Camera W,IsInCollision,CollisionForce X,CollisionForce Y,CollisionForce Z,Checkpoint0,User,Connected,Translation X,Translation Y,Translation Z,Rotation X,Rotation Y,Rotation Z,Rotation W,Scalling,Camera X,Camera Y,Camera Z,Camera W,User,Connected,Translation X,Translation Y,Translation Z,Rotation X,Rotation Y,Rotation Z,Rotation W,Scalling,Camera X,Camera Y,Camera Z,Camera W
484.6777,0,0,0,0,0,0,1,1,0.07105283,0.7416701,-0.07957658,0.662227,0,0,0,0,8510.482,0,1,1.61513,0.1940422,-0.7464103,8.93392E-09,2.316285E-06,-2.644286E-07,1,1,0,0,0,1,1,1,0,0,0,8.346092E-09,2.162826E-06,-2.468894E-07,1,1,0,0,0,1
484.7275,0,0,0,3.489475E-09,3.057669E-08,-6.407207E-08,1,1,0.07105283,0.7416701,-0.07957659,0.662227,0,0,0,0,269.9307,0,1,0,0,0,0.000000002,1.269606E-08,-3.167896E-08,1,1,0,0,0,1,1,1,0,0,0,1.744738E-09,1.528834E-08,-0.000000032,1,1,0,0,0,1
484.7774,0,0,0,1.240832E-08,5.763988E-08,-1.251292E-07,1,1,0.07105282,0.7416701,-0.07957657,0.662227,0,0,0,0,280.1167,0,1,0,0,0,4.459424E-09,1.353159E-08,-3.052854E-08,1,1,0,0,0,1,1,1,0,0,0,4.459424E-09,1.353159E-08,-3.052854E-08,1,1,0,0,0,1
484.8278,0,0,0,1.875046E-08,0.000000073,-9.106954E-08,1,1,0.07105283,0.7416701,-0.07957658,0.662227,0,0,0,0,285.2097,0,1,0,0,0,2.911137E-09,6.689847E-09,1.561843E-08,1,1,0,0,0,1,1,1,0,0,0,3.431008E-09,8.700455E-09,1.844121E-08,1,1,0,0,0,1
484.8778,0,0,0,2.425101E-08,8.235784E-08,-1.337121E-07,1,1,0.07105283,0.7416701,-0.07957657,0.662227,0,0,0,0,280.1167,0,1,0,0,0,3.274625E-09,6.467749E-09,-2.458146E-08,1,1,0,0,0,1,1,1,0,0,0,2.225919E-09,2.859879E-09,-1.806109E-08,1,1,0,0,0,1
484.9273,0,0,0,2.84953E-08,9.761624E-08,-2.004544E-07,1,1,0.07105283,0.7416701,-0.07957657,0.662227,0,0,0,0,280.1167,0,1,0,0,0,1.805116E-09,0.000000006,-2.918018E-08,1,1,0,0,0,1,1,1,0,0,0,2.439162E-09,9.263241E-09,-3.756205E-08,1,1,0,0,0,1
484.9777,0,0,0,3.454328E-08,1.083699E-07,-1.863087E-07,1,1,0.07105283,0.7416701,-0.07957657,0.662227,0,0,0,0,285.2097,0,1,0,0,0,0.000000003,5.060539E-09,6.64003E-09,1,1,0,0,0,1,1,1,0,0,0,3.053952E-09,5.693106E-09,7.505724E-09,1,1,0,0,0,1
485.0275,0,0,0,4.047624E-08,1.28414E-07,-1.455665E-07,1,1,0.07105282,0.7416701,-0.07957657,0.662227,0,0,0,0,280.1167,0,1,0,0,0,3.826163E-09,1.354489E-08,0.000000022,1,1,0,0,0,1,1,1,0,0,0,2.10681E-09,6.499198E-09,1.875335E-08,1,1,0,0,0,1
485.0774,0.00618964,0.001811953,0.01723432,4.423425E-08,1.458128E-07,-1.060806E-07,1,1,0.07105422,0.7415656,-0.07955254,0.6623467,0,0,0,0,274.9821,0,1,0,0,0,1.808825E-09,8.498464E-09,1.855109E-08,1,1,0,0,0,1,1,1,0.01564953,0.005905008,0.04221374,1.949178E-09,8.900291E-09,2.093489E-08,1,1,0,0,0,1
485.1273,0.04823787,0.007473917,0.1501044,4.088606E-08,1.410934E-07,-7.034962E-08,1,1,0.07107026,0.7402209,-0.07924223,0.6638846,0,0,0,0,273.9327,0,1,0,0,0,-1.613112E-09,-0.000000003,1.164959E-08,1,1,0,0,0,1,1,1,0.06100045,0.00186107,0.2040683,-1.735082E-09,-1.675805E-09,2.408142E-08,1,1,0,0,0,1
485.1773,0.1198789,0.001184574,0.415426,4.328847E-08,1.12933E-07,-2.775306E-08,1,1,0.0714095,0.7356374,-0.07852139,0.6690088,0,0,0,0,269.3467,0,1,0,0,0,1.167055E-09,-1.391936E-08,2.42392E-08,1,1,0,0,0,1,1,1,0.08535425,-0.00807411,0.3282174,1.235366E-09,-1.424111E-08,1.835737E-08,1,1,0,0,0,1
485.2278,0.2069589,0.00636844,0.7617577,4.183527E-08,1.007494E-07,-4.680605E-08,1,1,0.07206643,0.726895,-0.07719759,0.6785798,0,0,0,0,261.4716,0,1,0,0,0,-7.479215E-10,-4.194001E-09,-8.092623E-09,1,1,0,0,0,1,1,1,0.08230185,0.01216418,0.3440939,-7.052861E-10,-0.000000008,-0.000000011,1,1,0,0,0,1
485.2777,0.2660869,0.01500561,1.041406,4.333627E-08,1.100983E-07,-0.000000052,1,1,0.07273267,0.7154378,-0.07532834,0.6907853,0,0,0,0,248.0624,0,1,0,0,0,6.342047E-10,4.170275E-09,-6.626779E-10,1,1,0,0,0,1,1,1,0.04684772,0.006859344,0.2536054,8.667828E-10,5.178566E-09,-4.551641E-09,1,1,0,0,0,1
485.3279,0.3058915,0.02037847,1.288377,4.330054E-08,1.062412E-07,-3.083851E-08,1,1,0.07334846,0.7022656,-0.07313245,0.7043399,0,0,0,0,240.604,0,1,0,0,0,-1.786513E-11,-1.928565E-09,1.059094E-08,1,1,0,0,0,1,1,1,0.02917635,0.004113358,0.2230395,-1.786513E-11,-1.928565E-09,1.059094E-08,1,1,0,0,0,1
485.3777,0.3240366,0.02319662,1.461106,4.340615E-08,1.053926E-07,-4.542696E-08,1,1,0.07387752,0.688772,-0.07089872,0.7177107,0,0,0,0,235.2804,0,1,0,0,0,5.629782E-11,-8.209925E-10,-5.202477E-09,1,1,0,0,0,1,1,1,0.009157153,0.00194253,0.1287007,4.930972E-11,-2.756284E-11,-9.385961E-09,1,1,0,0,0,1
485.428,0.3319749,0.03085132,1.5402,4.238544E-08,1.075788E-07,-7.031038E-08,1,1,0.07420577,0.6764628,-0.06881162,0.7294907,0,0,0,0,236.7185,0,1,0,0,0,-7.319235E-10,4.809153E-10,-1.559848E-08,1,1,0,0,0,1,1,1,0.006286955,0.01256325,0.03834534,-2.888055E-10,1.705231E-09,-9.284937E-09,1,1,0,0,0,1
485.4777,0.3610596,0.09311288,1.53142,4.321474E-08,1.063977E-07,-1.051342E-07,1,1,0.07381663,0.6664947,-0.06658763,0.7388518,0,0,0,0,235.0808,0,1,0,0,0,4.146495E-10,-5.905235E-10,-1.741194E-08,1,1,0,0,0,1,1,1,0.05540777,0.1203105,-0.07116655,4.146495E-10,-5.905235E-10,-1.741194E-08,1,1,0,0,0,1
485.5275,0.4816854,0.3493297,1.35483,4.455531E-08,1.231681E-07,-1.160921E-07,1,1,0.06980829,0.6613781,-0.06203802,0.7442158,0,0,0,0,231.7903,0,1,0,0,0,0.000000001,8.277203E-09,-7.084926E-09,1,1,0,0,0,1,1,1,0.1453179,0.3097665,-0.2106589,2.930743E-10,8.49314E-09,-3.872949E-09,1,1,0,0,0,1
485.5773,0.5775675,0.5749019,1.259331,4.385869E-08,1.106028E-07,-1.144937E-07,1,1,0.06239909,0.6600655,-0.05516848,0.7465764,0,0,0,0,221.4962,0,1,0,0,0,-1.291984E-10,-5.449941E-09,-2.87257E-09,1,1,0,0,0,1,1,1,0.08306825,0.214449,-0.05248005,-5.674291E-10,-7.115376E-09,4.47105E-09,1,1,0,0,0,1
485.6274,0.6499634,0.7714631,1.213718,4.338883E-08,0.000000101,-8.74659E-08,1,1,0.05302311,0.6603989,-0.04684002,0.7475746,0,0,0,0,223.7005,0,1,0,0,0,-1.226281E-10,-4.854337E-09,1.020601E-08,1,1,0,0,0,1,1,1,0.06107883,0.1781988,-0.03096491,-3.472274E-10,-4.786453E-09,1.682176E-08,1,1,0,0,0,1
485.6778,0.6987318,0.9285296,1.197988,3.970458E-08,9.552882E-08,-5.562261E-08,1,1,0.04285195,0.6612945,-0.03788763,0.7479424,0,0,0,0,218.1006,0,1,0,0,0,-0.000000002,-4.565864E-09,1.575694E-08,1,1,0,0,0,1,1,1,0.03731749,0.1359284,-0.003021533,-1.645709E-09,-8.674057E-10,1.608637E-08,1,1,0,0,0,1
485.7279,0.7351285,1.06838,1.193343,3.685025E-08,1.053672E-07,-6.159855E-08,1,1,0.03257649,0.6622125,-0.02883832,0.7480519,0,0,0,0,214.0119,0,1,0,0,0,-1.498115E-09,0.000000004,-3.165467E-09,0.9999999,1,0,0,0,1,1,1,0.0318407,0.1342958,-0.0006665528,-1.356219E-09,5.844755E-09,-2.810426E-09,0.9999999,1,0,0,0,1
485.778,0.7538106,1.157355,1.197887,3.618895E-08,1.106495E-07,-6.256781E-08,1,1,0.02282203,0.6629384,-0.02022532,0.7480527,0,0,0,0,211.7498,0,1,0,0,0,-2.162405E-10,1.456256E-09,8.649881E-11,1,1,0,0,0,1,1,1,0.008775749,0.056653,0.01011828,-4.450841E-10,3.826032E-09,-1.055718E-09,1,1,0,0,0,1
485.8276,0.7574884,1.197073,1.213711,3.569804E-08,9.158335E-08,-6.316211E-08,1,1,0.01439635,0.6632437,-0.01276242,0.7481562,0,0,0,0,207.5493,0,1,0,0,0,-2.29853E-10,-1.034519E-08,-5.981184E-10,1,1,0,0,0,1,1,1,-0.0005963207,0.02194593,0.01682322,-2.610718E-10,-8.721034E-09,3.868156E-12,1,1,0,0,0,1
485.8777,0.7549741,1.207766,1.230764,0.000000036,9.189956E-08,-6.669371E-08,1,1,0.007556757,0.6631493,-0.006695792,0.7484191,0,0,0,0,207.5237,0,1,0,0,0,1.325486E-10,1.580875E-10,-1.765778E-09,1,1,0,0,0,1,1,1,-0.004392747,0.001305127,0.0174069,1.325486E-10,1.580875E-10,-1.765778E-09,1,1,0,0,0,1
485.9274,0.7335755,1.150918,1.284788,3.636972E-08,8.359181E-08,-6.90576E-08,1,1,0.002552551,0.6625592,-0.002257959,0.7490019,0,0,0,0,203.729,0,1,0,0,0,1.890667E-10,-3.144778E-09,-1.141943E-09,1,1,0,0,0,1,1,1,-0.03866245,-0.1112703,0.09281051,2.175004E-10,-5.163036E-09,-1.221899E-09,1,1,0,0,0,1
485.978,0.7180634,1.107657,1.322805,3.625138E-08,9.884511E-08,-6.853417E-08,1,1,-0.000174278,0.6610203,0.0001535264,0.7503681,0,0,0,0,157.6765,0,1,0,0,0,-6.040819E-11,9.562347E-09,3.229081E-10,1,1,0,0,0,1,1,1,0,0,0,-5.793722E-11,5.690898E-09,2.005612E-10,1,1,0,0,0,1
486.0279,0.7154562,1.100386,1.329194,3.627256E-08,6.013427E-08,-6.844009E-08,1,1,-0.00202409,0.6595616,0.001776119,0.7516457,0,0,0,0,196.2242,0,1,0,0,0,1.0371E-11,-1.847737E-08,-3.746056E-11,1,1,0,0,0,1,1,1,0,0,0,1.079476E-11,-2.023347E-08,1.315536E-10,1,1,0,0,0,1
486.0773,0.715018,1.099164,1.330268,3.632745E-08,4.545354E-08,-6.858492E-08,1,1,-0.003411582,0.6583833,0.002984217,0.7526692,0,0,0,0,207.8086,0,1,0,0,0,2.743166E-11,-7.340363E-09,-7.240621E-11,1,1,0,0,0,1,1,1,0,0,0,2.743166E-11,-7.340363E-09,-7.240621E-11,1,1,0,0,0,1
486.128,0.7149444,1.098959,1.330449,3.634166E-08,4.160151E-08,-6.788001E-08,1,1,-0.0044779,0.65746,0.00390733,0.7534661,0,0,0,0,211.668,0,1,0,0,0,-1.373057E-11,-8.029821E-11,4.698248E-10,1,1,0,0,0,1,1,1,0,0,0,2.793415E-11,-3.77174E-09,2.351029E-10,1,1,0,0,0,1
486.1774,0.714932,1.098924,1.330479,3.66874E-08,0.000000034,-7.060428E-08,1,1,-0.005301475,0.6567422,0.004617137,0.7540825,0,0,0,0,207.8219,0,1,0,0,0,1.621588E-10,-0.000000003,-1.21209E-09,1,1,0,0,0,1,1,1,0,0,0,1.835725E-10,-4.6081E-09,-1.512156E-09,1,1,0,0,0,1
486.2272,0.7149299,1.098918,1.330484,0.000000037,4.637529E-08,-7.441348E-08,1,1,-0.005938101,0.6561853,0.005163938,0.7545587,0,0,0,0,211.6712,0,1,0,0,0,1.359758E-10,6.823587E-09,-1.720183E-09,0.9999999,1,0,0,0,1,1,1,0,0,0,1.313722E-10,5.583467E-09,-2.089006E-09,0.9999999,1,0,0,0,1
486.2776,0.7149295,1.098917,1.330485,3.67719E-08,4.489532E-08,-7.655055E-08,1,1,-0.006430215,0.655754,0.005585495,0.7549266,0,0,0,0,215.5198,0,1,0,0,0,-9.143492E-11,-7.399892E-10,-1.068524E-09,1,1,0,0,0,1,1,1,0,0,0,-9.143492E-11,-7.399892E-10,-1.068524E-09,1,1,0,0,0,1
486.3271,0.7149295,1.098917,1.330485,3.68909E-08,1.099097E-07,-8.079239E-08,1,1,-0.006810591,0.65542,0.005910665,0.7552108,0,0,0,0,211.6712,0,1,0,0,0,6.086592E-11,3.177211E-08,-2.225062E-09,1,1,0,0,0,1,1,1,0,0,0,5.811939E-11,3.324228E-08,-0.000000002,1,1,0,0,0,1
486.3771,0.7149295,1.098917,1.330485,3.641945E-08,8.836744E-08,-8.09177E-08,1,1,-0.0071046,0.6551616,0.006161602,0.7554303,0,0,0,0,207.8227,0,1,0,0,0,-2.917656E-10,-8.406879E-09,1.375884E-10,1,1,0,0,0,1,1,1,0,0,0,-1.796751E-10,-1.313543E-08,-2.628813E-10,1,1,0,0,0,1
486.4276,0.7149295,1.098917,1.330485,3.578164E-08,1.051235E-07,-7.717794E-08,1,1,-0.007331858,0.6549616,0.006355328,0.7555999,0,0,0,0,215.5198,0,1,0,0,0,-3.189116E-10,8.378039E-09,1.869885E-09,0.9999999,1,0,0,0,1,1,1,0,0,0,-3.189116E-10,8.378039E-09,1.869885E-09,0.9999999,1,0,0,0,1
486.4771,0.7149295,1.098917,1.330485,3.578251E-08,1.147954E-07,-7.454297E-08,1,1,-0.007507538,0.6548069,0.006504945,0.7557309,0,0,0,0,211.6712,0,1,0,0,0,5.576319E-11,0.000000003,1.171822E-09,1,1,0,0,0,1,1,1,0,0,0,-5.490452E-11,6.680401E-09,1.463176E-09,1,1,0,0,0,1
486.5275,0.7149295,1.098917,1.330485,3.582028E-08,1.258001E-07,-7.123737E-08,1,1,-0.007643353,0.6546873,0.006620525,0.7558322,0,0,0,0,215.5198,0,1,0,0,0,2.072554E-12,6.292813E-09,1.585377E-09,1,1,0,0,0,1,1,1,0,0,0,3.567543E-11,4.711868E-09,1.720235E-09,1,1,0,0,0,1
486.5773,0.7149295,1.098917,1.330485,3.583088E-08,1.411626E-07,-7.21185E-08,1,1,-0.007748373,0.6545947,0.006709847,0.7559105,0,0,0,0,211.6712,0,1,0,0,0,1.060481E-11,1.536256E-08,-8.811291E-10,1,1,0,0,0,1,1,1,0,0,0,0,0,0,1,1,0,0,0,1
486.6272,0.7149295,1.098917,1.330485,0.001827316,-0.001454944,0.0008079952,0.999997,1,-0.007829579,0.6545232,0.006778885,0.755971,0,0,0,0,211.6712,0,1,0,0,0,0.001827281,-0.001455086,0.0008080676,0.999997,1,0,0,0,1,1,1,0,0,0,-1.738552E-10,3.919269E-09,-2.743571E-10,1,1,0,0,0,1
486.6771,0.7149295,1.098917,1.330485,0.02336915,-0.02211361,0.01660261,0.9993445,1,-0.00789238,0.6544678,0.006832256,0.7560179,0,0,0,0,207.7184,0,1,0,0,0,0.02144519,-0.02071534,0.01585052,0.9994296,1,0,0,0,1,1,1,0,0,0,-1.306618E-09,4.072709E-08,1.716088E-09,1,1,0,0,0,1
486.7271,0.7149295,1.098917,1.330485,0.04914724,-0.0352333,0.03984085,0.9973745,1,-0.007940957,0.6544249,0.00687353,0.756054,0,0,0,0,211.5237,0,1,0,0,0,0.02543978,-0.01333692,0.02355903,0.9993096,1,0,0,0,1,1,1,0,0,0,0,0,0,1,1,0,0,0,1
486.7772,0.7149295,1.098917,1.330485,0.06371139,-0.04427627,0.05676567,0.9953684,1,-0.007978521,0.6543918,0.006905438,0.7560821,0,0,0,0,208.1036,0,1,0,0,0,0.01441274,-0.009354727,0.01700094,0.9997078,1,0,0,0,1,1,1,0,0,0,0,0,0,1,1,0,0,0,1
486.8276,0.7149295,1.098917,1.330485,0.08004697,-0.06122063,0.079458,0.9917313,1,-0.00800759,0.6543662,0.006930128,0.7561037,0,0,0,0,208.6562,0,1,0,0,0,0.01643556,-0.01757455,0.02242278,0.9994591,1,0,0,0,1,1,1,0,0,0,-0.000000001,1.118243E-07,6.350625E-09,1,1,0,0,0,1
486.8778,0.7149295,1.098917,1.330485,0.08241439,-0.06298122,0.0830716,0.9911308,1,-0.008030082,0.6543463,0.006949229,0.7561204,0,0,0,0,209.8335,0,1,0,0,0,0.002313915,-0.00188392,0.00363584,0.9999889,1,0,0,0,1,1,1,0,0,0,0,0,0,1,1,0,0,0,1
486.9273,0.7149295,1.098917,1.330485,0.1047296,-0.07573199,0.1076753,0.9857497,1,-0.008047466,0.654331,0.006963991,0.7561334,0,0,0,0,206.6321,0,1,0,0,0,0.02208622,-0.01299606,0.02525434,0.9993525,1,0,0,0,1,1,1,0,0,0,0,0,0,1,1,0,0,0,1
486.9777,0.7149295,1.098917,1.330485,0.1111793,-0.08225706,0.1136541,0.9838474,1,-0.009017011,0.6522312,0.007759556,0.7579268,0,0,0,0,207.7243,0,1,0,0,0,0.006811058,-0.006505792,0.005900713,0.9999381,1,0.004622424,-0.004352705,0.003739055,0.9999729,1,1,0,0,0,-2.898343E-10,0.000000017,1.931341E-09,1,1,-0.002253876,-0.007887412,0.0013789,0.9999653
487.0275,0.7149295,1.098917,1.330485,0.1254749,-0.09190085,0.1220018,0.9802683,1,-0.01056711,0.6475807,0.008981912,0.7618706,0,0,0,0,200.3805,0,1,0,0,0,0.01487252,-0.009079698,0.008728789,0.9998099,1,0.004467676,-0.003884929,0.00367847,0.9999758,1,1,0,0,0,0,0,0,1,1,-0.0003669987,-0.001462086,-0.001440861,0.9999977
487.0781,0.7149295,1.098917,1.330485,0.1432943,-0.103366,0.1330537,0.9752328,1,-0.01152991,0.6447518,0.009727179,0.7642431,0,0,0,0,201.1536,0,1,0,0,0,0.01845971,-0.01089751,0.01169888,0.9997017,1,0,0,0,1,1,1,0,0,0,0,0,0,1,1,0,0,0,1
487.1275,0.7149295,1.098917,1.330485,0.1574085,-0.1082912,0.137834,0.9718525,1,-0.01195056,0.642474,0.01002145,0.7661487,0,0,0,0,197.9165,0,1,0,0,0,0.01440853,-0.003942977,0.0058803,0.9998711,1,0.007746315,-0.001209128,0.002405521,0.9999663,1,1,0,0,0,0,0,0,1,1,0.0008707039,-0.003956256,-0.001169927,0.9999906
487.1776,0.7149295,1.098917,1.330485,0.1699955,-0.111306,0.1409134,0.9689458,1,-0.01263225,0.6398882,0.01052104,0.7682921,0,0,0,0,198.2214,0,1,0,0,0,0.01277365,-0.002000209,0.004274239,0.9999071,1,0.0070049,-0.0008524576,0.002152225,0.9999728,1,1,0,0,0,0,0,0,1,1,0.0002512338,0.000669286,0.0006335016,0.9999995
487.2279,0.7149295,1.098917,1.330485,0.1794736,-0.1114566,0.1416072,0.9671164,1,-0.01246712,0.6379441,0.01033017,0.7699125,0,0,0,0,178.543,0,1,0,0,0,0.0094363,0.0008739777,0.001968753,0.9999531,1,0.006060361,0.001923856,0.000544828,0.9999796,1,1,0,0,0,0,0,0,1,1,-0.002382444,-0.003969248,-0.003716012,0.9999824
487.2777,0.7149295,1.098917,1.330485,0.1816272,-0.1112013,0.1412084,0.966802,1,-0.01062301,0.6385067,0.00881472,0.7694925,0,0,0,0,186.4982,0,1,0,0,0,0.002147576,0.0005883619,-5.458579E-05,0.9999976,1,0.007754407,0.003132552,-8.116174E-05,0.999965,1,1,0,0,0,-0.0003936746,0.0007092028,-0.000085604,0.9999996,1,-0.002109977,0.005433747,-0.003238383,0.9999778
487.3271,0.7149295,1.098917,1.330485,0.1815497,-0.1108641,0.1406239,0.9669405,1,-0.007558411,0.6448814,0.00637812,0.7642186,0,0,0,0,190.45,0,1,0,0,0,-8.281246E-05,0.0004366163,-0.0005320425,0.9999998,1,0.008087685,0.007097739,-0.001541994,0.9999411,1,1,0,0,0,0,0,0,1,1,-0.0109819,0.01512317,-0.008604432,0.9997882
487.3775,0.7149295,1.098917,1.330485,0.1815497,-0.1108641,0.140624,0.9669404,1,0.001157734,0.6589512,-0.001014233,0.7521842,0,0,0,0,190.4265,0,1,0,0,0,0,0,0,1,1,-0.008021177,0.009990558,-0.01691961,0.9997748,1,1,0,0,0,0,0,0,1,1,-0.0214098,0.03418193,-0.01212431,0.9991126
487.4271,0.7149295,1.098917,1.330485,0.1803247,-0.1079789,0.134763,0.9683297,1,0.0125413,0.6819142,-0.01169547,0.7312312,0,0,0,0,198.2818,0,1,0,0,0,-0.001191398,0.003832885,-0.005476809,0.999977,1,-0.00388484,0.01398245,-0.01924892,0.9997092,1,1,0,0,0,0,0,0,1,1,-0.02561083,0.04707609,-0.002320132,0.9985602
487.4774,0.7149295,1.098917,1.330485,0.1781916,-0.1039034,0.1268948,0.9702317,1,0.02545157,0.7088409,-0.02561044,0.7044437,0,0,0,0,198.0277,0,1,0,0,0,-0.002106443,0.005274603,-0.007377249,0.9999567,1,-0.004505227,0.0112069,-0.0177477,0.9997694,1,1,0,0,0,0,0,0,1,1,-0.01647596,0.03778211,-0.003035779,0.9991452
487.5275,0.7149295,1.098917,1.330485,0.1791766,-0.1005349,0.120376,0.9712353,1,0.03637595,0.7405713,-0.04022029,0.669786,0,0,0,0,197.6709,0,1,0,0,0,0.001029078,0.004654801,-0.005752677,0.999972,1,0.004293486,0.01373585,-0.01800741,0.9997343,1,1,0,0,0,0,0,0,1,1,-0.003379032,0.05488994,0.00585191,0.9984696
487.578,0.7149295,1.098917,1.330485,0.1893177,-0.09465107,0.100106,0.9722031,1,0.04345323,0.7740179,-0.05343695,0.6294067,0,0,0,0,201.078,0,1,0,0,0,0.01097785,0.01063282,-0.01776573,0.9997252,1,0.00984917,0.008165203,-0.01401178,0.9998201,1,1,0,0,0,0,0,0,1,1,0.002839382,0.03683096,0.002100277,0.9993152
487.6276,0.7149295,1.098917,1.330485,0.1927542,-0.09283043,0.09083549,0.9726136,1,0.04730979,0.804703,-0.06471904,0.58824,0,0,0,0,200.4983,0,1,0,0,0,0.003957682,0.003924352,-0.008376389,0.9999493,1,0.0117952,0.008563095,-0.01906881,0.999712,1,1,0,0,0,0,0,0,1,1,0.003213271,0.03084433,0.005859509,0.9995016
487.6777,0.7149295,1.098917,1.330485,0.192108,-0.09303854,0.08678538,0.9730913,1,0.05035289,0.8257,-0.07466014,0.5568752,0,0,0,0,200.1438,0,1,0,0,0,-0.0003258164,0.0005634829,-0.0040828,0.9999914,1,-0.002506763,0.003717725,-0.01485932,0.9998796,1,1,0,0,0,0,0,0,1,1,0.004087783,-6.45388E-05,0.004518944,0.9999814
487.728,0.7149295,1.098917,1.330485,0.192108,-0.09303854,0.08678538,0.9730913,1,0.05358772,0.837946,-0.08367686,0.5366312,0,0,0,0,164.7018,0,1,0,0,0,0,0,0,1,1,-0.004752712,4.364885E-05,-0.01727356,0.9998395,1,1,0,0,0,0,0,0,1,1,0.006618868,-0.0007818632,0.001258756,0.9999769
487.7778,0.7149295,1.098917,1.330485,0.1923767,-0.09418239,0.08606899,0.9729918,1,0.05735094,0.8425404,-0.0915707,0.527685,0,0,0,0,196.0446,0,1,0,0,0,0.0004465282,-0.0009613828,-0.0008832228,0.999999,1,-0.0007381003,-0.007814645,-0.008227702,0.9999352,1,1,0,0,0,0,0,0,1,1,0.00518791,-0.009911024,0.001136561,0.9999367
487.8278,0.7149295,1.098917,1.330485,0.1953221,-0.1003707,0.08182588,0.9721521,1,0.06038777,0.8419834,-0.09641283,0.5273727,0,0,0,0,196.086,0,1,0,0,0,0.003959103,-0.005032847,-0.00496732,0.999967,1,0.004733297,-0.006083025,-0.006728212,0.9999476,1,1,0,0,0,-4.568987E-09,5.271872E-11,-5.431991E-10,1,1,0.002899325,-0.006578502,0.001164835,0.9999733
487.8779,0.7149295,1.098917,1.330485,0.2001041,-0.1130144,0.07210124,0.9705604,1,0.06234857,0.841236,-0.09937698,0.5277869,0,0,0,0,196.2772,0,1,0,0,0,0.006992972,-0.0101449,-0.01131396,0.9998599,1,0,0,0,1,1,1,0,0,0,3.394217E-09,1.769605E-08,2.275401E-08,1,1,0,0,0,1
487.9272,0.7149295,1.098917,1.330485,0.2016484,-0.1183465,0.06674909,0.9699879,1,0.06350824,0.8407872,-0.1011244,0.5280318,0,0,0,0,204.3571,0,1,0,0,0,0.002599543,-0.004049651,-0.006052645,0.9999699,1,0,0,0,1,1,1,0,0,0,-6.174977E-10,-1.427254E-08,1.115762E-08,1,1,0,0,0,1
487.9772,0.7149295,1.098917,1.330485,0.1944999,-0.1151474,0.07179242,0.9714714,1,0.06419393,0.8405191,-0.1021556,0.5281771,0,0,0,0,212.3053,0,1,0,0,0,-0.008048421,0.001792491,0.004580501,0.9999554,1,0,0,0,1,1,1,0,0,0,-1.654702E-08,-1.460501E-08,1.09027E-09,1,1,0,0,0,1
488.028,0.7149295,1.098917,1.330485,0.1630602,-0.09959561,0.09806663,0.9766653,1,0.06459974,0.8403597,-0.1027651,0.5282631,0,0,0,0,212.3165,0,1,0,0,0,-0.03563743,0.008372444,0.02462836,0.999026,1,0,0,0,1,1,1,0,0,0,2.618594E-09,2.507927E-08,-9.368039E-10,1,1,0,0,0,1
488.0777,0.7149295,1.098917,1.330485,0.1429163,-0.08946236,0.1210458,0.9782225,1,0.06483941,0.8402652,-0.1031249,0.5283138,0,0,0,0,208.5695,0,1,0,0,0,-0.02320525,0.004398319,0.02192786,0.9994805,1,0,0,0,1,1,1,0,0,0,-3.470245E-09,-3.51483E-08,-1.863215E-08,1,1,0,0,0,1
488.1272,0.7149295,1.098917,1.330485,0.1429164,-0.08946243,0.1210459,0.9782225,1,0.06498098,0.8402094,-0.1033373,0.5283437,0,0,0,0,204.7972,0,1,0,0,0,-2.39981E-09,-2.568324E-08,-1.167197E-08,1,1,0,0,0,1,1,1,0,0,0,-2.502738E-09,-2.035357E-08,-1.78924E-08,1,1,0,0,0,1
488.1772,0.7149295,1.098917,1.330485,0.1429164,-0.08946244,0.1210459,0.9782225,1,0.06506456,0.8401763,-0.1034627,0.5283614,0,0,0,0,216.6296,0,1,0,0,0,3.708863E-10,3.361507E-09,-4.685909E-09,1,1,0,0,0,1,1,1,0,0,0,-2.08653E-09,-1.824245E-08,2.50453E-11,1,1,0,0,0,1
488.2278,0.7149295,1.098917,1.330485,0.1429164,-0.08946237,0.1210459,0.9782225,1,0.06511392,0.8401569,-0.1035368,0.5283719,0,0,0,0,216.6311,0,1,0,0,0,1.23821E-08,0.000000043,4.027052E-08,1,1,0,0,0,1,1,1,0,0,0,9.54997E-09,3.617409E-08,0.000000025,1,1,0,0,0,1
488.2776,0.7149295,1.098917,1.330485,0.1429164,-0.08946242,0.1210459,0.9782225,1,0.06514307,0.8401453,-0.1035805,0.5283781,0,0,0,0,216.6311,0,1,0,0,0,-5.634416E-09,-4.223541E-08,1.425674E-08,1,1,0,0,0,1,1,1,0,0,0,-0.00000001,-3.966226E-08,1.02197E-08,1,1,0,0,0,1
488.3273,0.7149295,1.098917,1.330485,0.1429163,-0.0894624,0.1210459,0.9782225,1,0.0651603,0.8401386,-0.1036063,0.5283816,0,0,0,0,216.6311,0,1,0,0,0,1.675004E-09,2.756338E-08,-1.667846E-08,1,1,0,0,0,1,1,1,0,0,0,-9.211346E-10,0.000000009,-0.000000014,1,1,0,0,0,1
488.3779,0.7149295,1.098917,1.330485,0.1429163,-0.08946247,0.1210459,0.9782225,1,0.06517047,0.8401345,-0.1036216,0.5283837,0,0,0,0,216.6311,0,1,0,0,0,2.917948E-09,-1.894521E-08,9.060678E-10,1,1,0,0,0,1,1,1,0,0,0,1.290003E-09,-2.389915E-08,-2.227475E-09,1,1,0,0,0,1
488.4274,0.7149295,1.098917,1.330485,0.1429164,-0.08946256,0.121046,0.9782225,1,0.06517647,0.8401322,-0.1036306,0.528385,0,0,0,0,216.6311,0,1,0,0,0,3.472626E-09,-3.994677E-08,1.419208E-08,1,1,0,0,0,1,1,1,0,0,0,3.576526E-09,-4.560874E-08,1.816799E-08,1,1,0,0,0,1
488.4777,0.7149295,1.098917,1.330485,0.1429164,-0.08946253,0.121046,0.9782225,1,0.06518003,0.8401307,-0.1036359,0.5283858,0,0,0,0,212.6924,0,1,0,0,0,-1.575787E-09,8.404927E-09,-3.143531E-09,1,1,0,0,0,1,1,1,0,0,0,-5.165299E-10,8.901845E-09,-5.612933E-10,1,1,0,0,0,1
488.5274,0.7149295,1.098917,1.330485,0.1429163,-0.08946256,0.121046,0.9782225,1,0.06518212,0.84013,-0.1036391,0.5283862,0,0,0,0,216.6311,0,1,0,0,0,1.105454E-09,-0.000000027,1.1451E-08,1,1,0,0,0,1,1,1,0,0,0,1.769863E-09,-0.000000027,1.311401E-08,1,1,0,0,0,1
488.5771,0.7149295,1.098917,1.330485,0.1429164,-0.08946254,0.121046,0.9782225,1,0.06518335,0.8401295,-0.1036409,0.5283865,0,0,0,0,216.6311,0,1,0,0,0,6.496033E-09,1.239668E-08,-9.766052E-09,1,1,0,0,0,1,1,1,0,0,0,1.050012E-08,0.00000002,-0.000000013,1,1,0,0,0,1
488.6277,0.7149295,1.098917,1.330485,0.1429164,-0.08946255,0.121046,0.9782225,1,0.06518408,0.8401291,-0.103642,0.5283866,0,0,0,0,220.5699,0,1,0,0,0,-2.577126E-09,-7.570283E-09,0.000000017,1,1,0,0,0,1,1,1,0,0,0,3.80271E-10,-2.07008E-08,1.652302E-08,1,1,0,0,0,1
488.6775,0.7149295,1.098917,1.330485,0.1429164,-0.08946261,0.1210461,0.9782225,1,0.06518452,0.840129,-0.1036427,0.5283867,0,0,0,0,216.6311,0,1,0,0,0,-8.42391E-09,-3.994918E-08,1.780686E-08,1,1,0,0,0,1,1,1,0,0,0,-9.478901E-09,-4.659933E-08,1.213068E-08,1,1,0,0,0,1
488.7271,0.7149295,1.098917,1.330485,0.1429165,-0.08946251,0.1210461,0.9782225,1,0.06518475,0.8401289,-0.103643,0.5283868,0,0,0,0,212.6924,0,1,0,0,0,9.497751E-09,5.214796E-08,2.121761E-08,1,1,0,0,0,1,1,1,0,0,0,1.347013E-08,5.221893E-08,2.735335E-08,1,1,0,0,0,1
488.778,0.7149295,1.098917,1.330485,0.1429165,-0.08946251,0.1210461,0.9782225,1,0.06518491,0.8401288,-0.1036432,0.5283868,0,0,0,0,220.5699,0,1,0,0,0,9.443873E-09,1.265987E-08,-8.047043E-10,1,1,0,0,0,1,1,1,0,0,0,7.799087E-09,1.290077E-08,-3.130813E-09,1,1,0,0,0,1
488.8275,0.7149295,1.098917,1.330485,0.1429166,-0.0894625,0.1210461,0.9782224,1,0.06518499,0.8401288,-0.1036434,0.5283868,0,0,0,0,216.6311,0,1,0,0,0,0.000000007,1.682315E-08,-1.415604E-08,1,1,0,0,0,1,1,1,0,0,0,0.000000004,2.515425E-08,-0.000000005,1,1,0,0,0,1
488.8773,0.7149295,1.098917,1.330485,0.1429166,-0.08946225,0.1210461,0.9782225,1,0.06518505,0.8401288,-0.1036435,0.5283868,0,0,0,0,216.6311,0,1,0,0,0,2.236706E-08,1.157593E-07,3.342283E-08,1,1,0,0,0,1,1,1,0,0,0,1.876603E-08,1.163057E-07,2.53887E-08,1,1,0,0,0,1
488.9272,0.7149295,1.098917,1.330485,0.1429166,-0.08946212,0.121046,0.9782225,1,0.06518505,0.8401288,-0.1036435,0.5283868,0,0,0,0,192.9986,0,1,0,0,0,-4.264737E-08,0.000000078,-4.558486E-08,1,1,0,0,0,1,1,1,0,0,0,-3.838263E-08,7.016219E-08,-0.000000041,1,1,0,0,0,1
488.978,0.7149295,1.098917,1.330485,0.1429165,-0.089462,0.1210459,0.9782225,1,0.06518505,0.8401288,-0.1036435,0.5283868,0,0,0,0,181.1824,0,1,0,0,0,-3.838263E-08,7.016219E-08,-0.000000041,1,1,0,0,0,1,1,1,0,0,0,-3.838263E-08,7.016219E-08,-0.000000041,1,1,0,0,0,1
489.0277,0.7149295,1.098917,1.330485,0.1429164,-0.08946189,0.1210458,0.9782225,1,0.06518505,0.8401288,-0.1036435,0.5283868,0,0,0,0,165.4274,0,1,0,0,0,-3.838263E-08,7.016219E-08,-0.000000041,1,1,0,0,0,1,1,1,0,0,0,-3.838263E-08,7.016219E-08,-0.000000041,1,1,0,0,0,1
489.0772,0.7149295,1.098917,1.330485,0.1429163,-0.08946176,0.1210457,0.9782226,1,0.06518505,0.8401288,-0.1036435,0.5283868,0,0,0,0,216.6311,0,1,0,0,0,-3.838263E-08,7.016219E-08,-0.000000041,1,1,0,0,0,1,1,1,0,0,0,-3.838263E-08,7.016219E-08,-0.000000041,1,1,0,0,0,1
489.1273,0.7149295,1.098917,1.330485,0.1429162,-0.08946162,0.1210456,0.9782227,1,0.06518505,0.8401288,-0.1036435,0.5283868,0,0,0,0,216.6311,0,1,0,0,0,-3.838263E-08,7.016219E-08,-0.000000041,1,1,0,0,0,1,1,1,0,0,0,-3.838263E-08,7.016219E-08,-0.000000041,1,1,0,0,0,1
489.1776,0.7149295,1.098917,1.330485,0.1533222,-0.08613437,0.1109353,0.9781445,1,0.06518505,0.8401288,-0.1036435,0.5283868,0,0,0,0,208.7116,0,1,0,0,0,0.01068471,0.005962545,-0.008476462,0.9998893,1,0,0,0,1,1,1,0,0,0,-4.264737E-08,0.000000078,-4.558486E-08,1,1,0,0,0,1
489.2271,0.7149295,1.098917,1.330485,0.1801523,-0.07919694,0.08272795,0.9769489,1,0.06518505,0.8401288,-0.1036435,0.5283868,0,0,0,0,200.1651,0,1,0,0,0,0.02819334,0.01367966,-0.02413185,0.9992177,1,0,0,0,1,1,1,0,0,0,-3.838263E-08,7.016219E-08,-0.000000041,1,1,0,0,0,1
489.2772,0.7149295,1.098917,1.330485,0.2111506,-0.07155439,0.07081909,0.9722552,1,0.06518505,0.8401288,-0.1036435,0.5283868,0,0,0,0,199.1497,0,1,0,0,0,0.03143237,0.01181832,-0.007425736,0.9994085,1,0,0,0,1,1,1,0,0,0,-3.838263E-08,7.016219E-08,-0.000000041,1,1,0,0,0,1
489.3278,0.7149295,1.098917,1.330485,0.2285485,-0.07135939,0.04741905,0.9697551,1,0.06518505,0.8401288,-0.1036435,0.5283868,0,0,0,0,202.2861,0,1,0,0,0,0.01904751,0.00644435,-0.02126564,0.9995719,1,0,0,0,1,1,1,0,0,0,-3.838263E-08,7.016219E-08,-0.000000041,1,1,0,0,0,1
489.3773,0.7149295,1.098917,1.330485,0.2467408,-0.06625794,0.0292229,0.9663721,1,0.06518505,0.8401288,-0.1036435,0.5283868,0,0,0,0,197.6242,0,1,0,0,0,0.01955621,0.009507252,-0.0150574,0.9996503,1,0,0,0,1,1,1,0,0,0,-3.838263E-08,7.016219E-08,-0.000000041,1,1,0,0,0,1
489.4272,0.7149295,1.098917,1.330485,0.2604816,-0.06167391,0.02161766,0.9632644,1,0.06453106,0.8408974,-0.1028915,0.5273904,0,0,0,0,193.0094,0,1,0,0,0,0.01440309,0.0065391,-0.005204687,0.9998613,1,0.003691556,0.001969028,-0.00166807,0.9999898,1,1,0,0,0,-1.705895E-08,3.11832E-08,-1.823394E-08,1,1,0.001379492,0.00304764,0.005251581,0.9999806
489.4771,0.7149295,1.098917,1.330485,0.2663123,-0.05887882,0.0174674,0.9619282,1,0.06170021,0.8442121,-0.09958516,0.5230505,0,0,0,0,188.6597,0,1,0,0,0,0.006162497,0.003812152,-0.002882632,0.9999696,1,0.01506384,0.008814516,-0.003999691,0.9998397,1,1,0,0,0,0,0,0,1,1,0.003432696,0.001022064,0.006091833,0.9999747
489.5273,0.7149295,1.098917,1.330485,0.2723958,-0.05562299,0.01703147,0.9604252,1,0.05667513,0.848852,-0.0930016,0.51729,0,0,0,0,192.2662,0,1,0,0,0,0.006220897,0.003265318,0.0008340931,0.999975,1,0.0234905,0.01168623,0.005557607,0.9996403,1,1,0,0,0,0,0,0,1,1,-0.00298396,-0.005413505,0.002445407,0.999978
489.5771,0.7149295,1.098917,1.330485,0.2774647,-0.05049169,0.01416921,0.9593035,1,0.0508443,0.8534491,-0.08479978,0.5117115,0,0,0,0,161.2954,0,1,0,0,0,0.005237292,0.005742448,-0.001033262,0.9999692,1,0.009391241,0.008943512,-0.0005578537,0.9999157,1,1,0,0,0,0,0,0,1,1,-0.003218545,-0.007660714,0.005682612,0.9999492
489.6276,0.7149295,1.098917,1.330485,0.2918441,-0.03910246,0.01438743,0.9555579,1,0.04505902,0.8560212,-0.07572302,0.5093757,0,0,0,0,195.5083,0,1,0,0,0,0.01468407,0.01086973,0.004100412,0.9998246,1,0.01520944,0.01157196,0.003706811,0.9998105,1,1,0,0,0,0,0,0,1,1,-0.005545361,-0.01526601,0.009593792,0.999822
489.678,0.7149295,1.098917,1.330485,0.3000637,-0.03462981,0.01420582,0.9531845,1,0.03859412,0.8560008,-0.06459154,0.5114695,0,0,0,0,195.052,0,1,0,0,0,0.008489832,0.004352465,0.001485943,0.9999534,1,0.01568109,0.007276526,0.003588003,0.9998438,1,1,0,0,0,0,0,0,1,1,-0.007808699,-0.01909893,0.009230126,0.9997444
489.7279,0.7149295,1.098917,1.330485,0.3056179,-0.03196336,0.01580153,0.9514864,1,0.0325916,0.8533479,-0.05373883,0.5175397,0,0,0,0,191.2057,0,1,0,0,0,0.00571141,0.002081571,0.002536834,0.9999782,1,0.00930198,0.003053987,0.004623768,0.9999414,1,1,0,0,0,0,0,0,1,1,-0.01133899,-0.01625588,0.008176512,0.9997701
489.7776,0.7149295,1.098917,1.330485,0.3327881,-0.02371478,0.02017037,0.9424877,1,0.02780657,0.8501016,-0.0451162,0.5239451,0,0,0,0,191.3386,0,1,0,0,0,0.02832084,0.006696234,0.007693841,0.9995468,1,0.002100362,0.0004513598,0.0009501074,0.9999973,1,1,0,0,0,-3.512123E-09,-6.097732E-09,2.192534E-10,1,1,-0.001864272,-0.002628619,0.001056104,0.9999942
489.8279,0.7149295,1.098917,1.330485,0.3563567,-0.02001621,0.01931869,0.9339358,1,0.02493965,0.8481349,-0.04008582,0.5276726,0,0,0,0,195.3287,0,1,0,0,0,0.02500609,0.004026392,0.001172844,0.9996785,1,0,0,0,1,1,1,0,0,0,1.405275E-09,-1.181636E-08,5.230449E-09,1,1,0,0,0,1
489.878,0.7149295,1.098917,1.330485,0.3784074,-0.01266585,0.01634681,0.9254082,1,0.02323318,0.8469564,-0.03713754,0.5298545,0,0,0,0,202.9119,0,1,0,0,0,0.0235259,0.008247053,0.0004567477,0.999689,1,0,0,0,1,1,1,0,0,0,-8.174679E-10,4.934893E-08,3.508288E-09,1,1,0,0,0,1
489.9277,0.7149295,1.098917,1.330485,0.3852016,-0.01296748,0.01200563,0.9226632,1,0.02215847,0.8462505,-0.03530366,0.5311522,0,0,0,0,202.6432,0,1,0,0,0,0.007380773,0.001442928,-0.004008555,0.9999636,1,0.004536003,0.0007149063,-0.00130941,0.9999886,1,1,0,0,0,-0.000000001,2.0371E-08,-1.450591E-09,1,1,-0.0001753652,-0.00119839,0.0005402119,0.9999992
489.9775,0.7149295,1.098917,1.330485,0.3852016,-0.01296748,0.01200563,0.9226632,1,0.02079307,0.8447807,-0.03291317,0.5336947,0,0,0,0,191.0544,0,1,0,0,0,0,0,0,1,1,0.009374153,0.002997277,-0.006186738,0.9999323,1,1,0,0,0,0,0,0,1,1,-0.0001803802,-0.01151149,0.005519225,0.9999185
490.0272,0.7149295,1.098917,1.330485,0.3872046,-0.01416146,0.008750431,0.9218435,1,0.02013039,0.8418247,-0.03147191,0.5384565,0,0,0,0,183.4251,0,1,0,0,0,0.002220839,0.0001631955,-0.003427366,0.9999916,1,0.002994988,-9.319423E-05,-0.005681409,0.9999794,1,1,0,0,0,0,0,0,1,1,0.001826964,-0.00936918,0.004133434,0.9999459
490.0779,0.7149295,1.098917,1.330485,0.3890703,-0.01421334,0.005396261,0.9210826,1,0.01884816,0.8401846,-0.02926174,0.5411823,0,0,0,0,187.275,0,1,0,0,0,0.002061571,0.001261098,-0.003077568,0.9999925,1,0.002117872,0.001198745,-0.003243761,0.9999917,1,1,0,0,0,0,0,0,1,1,0.002648787,0.00427755,0.005448767,0.9999725
490.128,0.7149295,1.098917,1.330485,0.3904296,-0.01405399,0.002141752,0.920523,1,0.0176963,0.8395928,-0.02740076,0.5422362,0,0,0,0,187.3465,0,1,0,0,0,0.001516928,0.001409222,-0.002914119,0.9999937,1,0.002143465,0.001894811,-0.003104589,0.9999911,1,1,0,0,0,0,0,0,1,1,0.001483717,-0.005397591,0.001680214,0.9999828
490.1776,0.7149295,1.098917,1.330485,0.3938983,-0.01519851,-0.0001256522,0.9190283,1,0.016984,0.837758,-0.02609998,0.5451531,0,0,0,0,183.5908,0,1,0,0,0,0.003810333,-0.0001845744,-0.002482557,0.9999896,1,0.004381333,0.0004760056,-0.001874088,0.9999887,1,1,0,0,0,0,0,0,1,1,0.001061305,-0.007122254,0.001302934,0.9999732
490.2271,0.7149295,1.098917,1.330485,0.398205,-0.01514601,-0.001834822,0.9171696,1,0.01604799,0.8354773,-0.02443337,0.5487469,0,0,0,0,179.7873,0,1,0,0,0,0.00471598,0.0006942151,-0.001484438,0.9999874,1,0.005055234,0.001609822,-0.00303704,0.9999813,1,1,0,0,0,0,0,0,1,1,0.0004439029,-0.008144595,0.002857139,0.9999626
490.2779,0.7149295,1.098917,1.330485,0.3999771,-0.01448522,-0.00352894,0.9164039,1,0.01644088,0.8315313,-0.02464652,0.5546873,0,0,0,0,187.4779,0,1,0,0,0,0.001958173,0.001252389,-0.001517853,0.9999966,1,0.007118094,0.002630836,-0.00520982,0.9999577,1,1,0,0,0,0,0,0,1,1,-0.002674052,-0.01817217,-0.003053677,0.9998264
490.3273,0.7149295,1.098917,1.330485,0.4004365,-0.01446933,-0.004191766,0.9162007,1,0.01832142,0.8235591,-0.0266441,0.5663081,0,0,0,0,179.8855,0,1,0,0,0,0.0005118932,0.0002751098,-0.0005951148,0.9999996,1,0.002779458,0.002252495,-0.005296881,0.9999795,1,1,0,0,0,0,0,0,1,1,-0.005534424,-0.02990332,0.0007501915,0.9995372
490.3779,0.7149295,1.098917,1.330485,0.4012709,-0.01504397,-0.006953723,0.9158095,1,0.0201565,0.8124852,-0.02814119,0.5819533,0,0,0,0,187.5637,0,1,0,0,0,0.0009595677,0.0005702768,-0.002749876,0.9999955,1,0.0009171338,0.0008850476,-0.002312846,0.9999965,1,1,0,0,0,0,0,0,1,1,-0.00194309,-0.02472538,0.002566038,0.9996892
490.428,0.7149295,1.098917,1.330485,0.4008093,-0.01522039,-0.008686785,0.9159939,1,0.02172276,0.7999677,-0.02901341,0.5989474,0,0,0,0,191.4233,0,1,0,0,0,-0.0004724853,0.0005407259,-0.001663143,0.9999985,1,-0.001554478,-0.0003309828,-0.001989492,0.9999967,1,1,0,0,0,0,0,0,1,1,-0.003723633,-0.02304016,0.001160827,0.9997269
490.4777,0.7149295,1.098917,1.330485,0.3993959,-0.01576113,-0.009413649,0.9165947,1,0.02428825,0.7858361,-0.03092531,0.6171834,0,0,0,0,187.6087,0,1,0,0,0,-0.001529047,-0.0001831671,-0.0008988219,0.9999983,1,-0.001046255,-0.0005112033,-0.001396002,0.9999985,1,1,0,0,0,0,0,0,1,1,-0.005487506,-0.02431834,-0.004006562,0.9996813
490.5279,0.7149295,1.098917,1.330485,0.3989552,-0.01621505,-0.01073473,0.9167642,1,0.02815998,0.772451,-0.03433546,0.63352,0,0,0,0,191.4268,0,1,0,0,0,-0.0004540268,0.0001185767,-0.001397875,0.9999989,1,-0.002398035,-0.001788325,-0.003368127,0.9999897,1,1,0,0,0,0,0,0,1,1,0.001165159,-0.01615192,-0.004276916,0.9998596
490.5773,0.7149295,1.098917,1.330485,0.3989552,-0.01621505,-0.01073473,0.9167642,1,0.03585616,0.7576391,-0.04177153,0.6503481,0,0,0,0,183.7734,0,1,0,0,0,2.338643E-10,2.470157E-09,-1.58221E-09,1,1,-0.01669099,-0.01306216,-0.01987533,0.9995778,1,1,0,0,0,0,0,0,1,1,0.004552352,-0.009849455,0.0001825137,0.9999409
490.6273,0.7149295,1.098917,1.330485,0.3989552,-0.01621506,-0.01073474,0.9167642,1,0.04196576,0.7456252,-0.04716949,0.6633679,0,0,0,0,191.4315,0,1,0,0,0,-8.917349E-10,-2.782597E-09,-7.06635E-09,1,1,-9.044206E-10,-7.332975E-09,-1.540636E-09,1,1,1,0,0,0,0,0,0,1,1,0.00482195,-0.007637983,0.0004476173,0.9999591
490.6778,0.7149295,1.098917,1.330485,0.3989552,-0.01621506,-0.01073474,0.9167642,1,0.04501836,0.7380266,-0.04948228,0.6714473,0,0,0,0,191.4316,0,1,0,0,0,-2.810147E-10,-1.545847E-09,1.39065E-09,1,1,1.398485E-10,-5.955071E-10,3.885069E-09,1,1,1,0,0,0,0,0,0,1,1,0.004944487,0.00064524,0.002023433,0.9999855
490.7274,0.7149295,1.098917,1.330485,0.3989551,-0.01621505,-0.01073474,0.9167642,1,0.04663575,0.7327781,-0.05047894,0.6769884,0,0,0,0,199.0889,0,1,0,0,0,-5.288758E-10,0.000000001,-1.579833E-09,1,1,-2.299183E-10,1.765143E-09,5.842136E-09,1,1,1,0,0,0,0,0,0,1,1,0.000558961,-0.006036138,-0.0002572821,0.9999815
490.7776,0.7149295,1.098917,1.330485,0.3989551,-0.01621505,-0.01073473,0.9167643,1,0.04798483,0.728273,-0.0512646,0.6816801,0,0,0,0,202.9175,0,1,0,0,0,3.428946E-10,1.306014E-09,1.022079E-08,0.9999999,1,6.648297E-11,-1.412151E-09,1.690777E-08,0.9999999,1,1,0,0,0,0,0,0,1,1,-0.001621622,-0.002956266,-0.0009075211,0.9999939
490.8271,0.7149295,1.098917,1.330485,0.3989551,-0.01621505,-0.01073473,0.9167643,1,0.04865676,0.7251133,-0.05150798,0.6849746,0,0,0,0,187.603,0,1,0,0,0,-9.920179E-11,0.000000001,-3.730536E-09,1,1,-3.722189E-10,2.468759E-09,-0.000000014,1,1,1,0,0,0,0,0,0,1,1,-0.001633677,-0.0006232112,0.001301885,0.9999976
490.8772,0.7149295,1.098917,1.330485,0.3989551,-0.01621504,-0.01073473,0.9167643,1,0.04861988,0.7237033,-0.05125579,0.6864856,0,0,0,0,195.2603,0,1,0,0,0,-1.981045E-10,-9.259812E-10,-3.844676E-09,1,1,-3.295179E-10,-1.210965E-09,-5.425837E-09,1,1,1,0,0,0,0,0,0,1,1,0.0002654597,0.001899636,0.001139121,0.9999974
490.9276,0.7149295,1.098917,1.330485,0.3989551,-0.01621505,-0.01073475,0.9167643,1,0.04856779,0.7232451,-0.05113155,0.6869813,0,0,0,0,199.0889,0,1,0,0,0,-5.375566E-10,1.43249E-09,-9.553752E-09,1,1,-3.576453E-11,-6.216667E-10,0.000000003,1,1,1,0,0,0,-4.535836E-10,0.000000001,-8.389533E-09,1,1,-0.001622875,0.001305151,-7.807894E-05,0.9999977
490.9777,0.7149295,1.098917,1.330485,0.3989553,-0.01621504,-0.01073475,0.9167642,1,0.04852834,0.7230073,-0.05105398,0.6872401,0,0,0,0,179.9457,0,1,0,0,0,6.424865E-10,1.074534E-09,5.451771E-09,1,1,0,0,0,1,1,1,0,0,0,7.289732E-10,1.453879E-09,3.789615E-09,1,1,0,0,0,1
491.0279,0.7149295,1.098917,1.330485,0.3989555,-0.01621505,-0.01073477,0.9167641,1,0.04850501,0.7228668,-0.05100818,0.6873929,0,0,0,0,206.7461,0,1,0,0,0,-2.007736E-10,2.654474E-10,-4.062926E-09,1,1,0,0,0,1,1,1,0,0,0,-3.828046E-10,-0.000000001,-6.302001E-09,1,1,0,0,0,1
491.0774,0.7149295,1.098917,1.330485,0.3989557,-0.01621506,-0.01073478,0.916764,1,0.04849123,0.7227839,-0.05098115,0.6874832,0,0,0,0,206.7461,0,1,0,0,0,-3.04158E-10,-2.01649E-10,-5.173399E-09,1,1,0,0,0,1,1,1,0,0,0,-3.04158E-10,-2.01649E-10,-5.173399E-09,1,1,0,0,0,1
491.1279,0.7149295,1.098917,1.330485,0.3989557,-0.01621505,-0.01073482,0.916764,1,0.04848307,0.7227348,-0.05096516,0.6875364,0,0,0,0,214.4034,0,1,0,0,0,-0.000000001,2.527097E-10,-1.567286E-08,1,1,0,0,0,1,1,1,0,0,0,-8.934594E-10,1.704852E-09,-1.139063E-08,1,1,0,0,0,1
491.1779,0.7223766,1.097982,1.335307,0.3989556,-0.01621507,-0.01073485,0.916764,1,0.04847989,0.7226779,-0.05095328,0.6875975,0,0,0,0,199.0728,0,1,0.01460215,-0.001834835,0.00945572,-8.066012E-10,-1.007416E-12,-1.516584E-08,1,1,0,0,0,1,1,1,0,0,0,-8.066012E-10,-1.007416E-12,-1.516584E-08,1,1,0,0,0,1
491.2271,0.9490528,1.071896,1.41236,0.3989556,-0.01621507,-0.01073483,0.916764,1,0.04849545,0.7217392,-0.05083001,0.6885906,0,0,0,0,196.6019,0,1,0.316155,-0.03617299,0.1021108,8.161593E-10,-4.075694E-09,1.275612E-08,1,1,0,0,0,1,1,1,0,0,0,5.329111E-10,-0.000000006,1.106915E-08,1,1,0,0,0,1
491.278,1.181618,1.046797,1.454189,0.3989556,-0.01621506,-0.01073486,0.916764,1,0.04848337,0.7199528,-0.05055291,0.6904793,0,0,0,0,193.6908,0,1,0.226174,-0.02353866,0.02286061,-1.686449E-10,7.859797E-09,-1.278053E-08,1,1,0,0,0,1,1,1,0,0,0,-1.848195E-10,7.647198E-09,-9.135232E-09,1,1,0,0,0,1
491.3275,1.395272,1.025915,1.454397,0.3989557,-0.01621508,-0.01073487,0.916764,1,0.04836359,0.7182722,-0.05018068,0.6922629,0,0,0,0,174.547,0,1,0.1830151,-0.01718845,-0.01213536,-2.69294E-10,-3.948273E-09,-8.944189E-09,1,1,0,0,0,1,1,1,0,0,0,-5.198211E-11,-3.916363E-09,-0.000000006,1,1,0,0,0,1
491.3776,1.444858,1.021146,1.453049,0.3989557,-0.01621508,-0.01073488,0.916764,1,0.04821254,0.7170029,-0.04983838,0.6936127,0,0,0,0,168.1516,0,1,0,0,0,-5.789987E-12,-3.270312E-09,-8.45657E-09,1,1,0,0,0,1,1,1,0,0,0,-1.182775E-10,-4.061269E-09,-5.827264E-09,1,1,0,0,0,1
491.4306,1.453192,1.020344,1.452822,0.3989556,-0.01621513,-0.01073493,0.916764,1,0.04809172,0.7160487,-0.04957497,0.694625,0,0,0,0,152.0513,0,1,0,0,0,-1.938855E-10,2.275044E-09,-2.880129E-08,1,1,0,0,0,1,1,1,0,0,0,-2.690647E-10,2.944434E-09,-3.235028E-08,1,1,0,0,0,1
491.4778,1.454593,1.020209,1.452784,0.3989556,-0.01621516,-0.01073495,0.916764,1,0.04800083,0.7153232,-0.04937659,0.6953924,0,0,0,0,160.3292,0,1,0,0,0,-2.653008E-10,-1.251622E-09,-0.000000017,0.9999999,1,0,0,0,1,1,1,0,0,0,-2.293116E-10,-1.858593E-09,-1.862501E-08,0.9999999,1,0,0,0,1
491.5276,1.454828,1.020187,1.452778,0.3989556,-0.01621516,-0.01073498,0.916764,1,0.04792953,0.7147632,-0.04922279,0.6959838,0,0,0,0,166.28,0,1,0,0,0,-2.098549E-10,2.79351E-10,-1.306474E-08,1,1,0,0,0,1,1,1,0,0,0,-9.703103E-11,6.680595E-10,-8.906206E-09,1,1,0,0,0,1
491.5774,1.540523,1.010273,1.479929,0.3989556,-0.01621517,-0.01073498,0.916764,1,0.04787408,0.714143,-0.04907731,0.6966343,0,0,0,0,159.8309,0,1,0.1570156,-0.01805795,0.04856188,-1.965863E-10,-4.687807E-10,-4.557263E-09,1,1,0,0,0,1,1,1,0,0,0,-1.803324E-10,-6.476937E-10,1.543339E-09,1,1,0,0,0,1
491.6274,1.997405,0.966094,1.560678,0.3989556,-0.01621517,-0.01073495,0.9167641,1,0.04773664,0.7124772,-0.04870067,0.6983736,0,0,0,0,146.4375,0,1,0.5532006,-0.05122352,0.08186079,3.17534E-10,-3.254076E-09,1.554695E-08,1,1,0,0,0,1,1,1,0,0,0,4.467413E-10,-3.263683E-09,1.726787E-08,1,1,0,0,0,1
491.6779,2.136909,0.9534543,1.579414,0.3989556,-0.01621517,-0.01073495,0.9167641,1,0.04750186,0.7105796,-0.04819535,0.7003552,0,0,0,0,125.0866,0,1,0,0,0,-4.223498E-10,-1.561662E-09,2.199966E-09,1,1,0,0,0,1,1,1,0,0,0,-4.614375E-10,-5.810151E-10,-0.000000001,1,1,0,0,0,1
491.7274,2.160356,0.9513299,1.582563,0.3989556,-0.01621516,-0.01073493,0.916764,1,0.04730857,0.7090527,-0.04778782,0.7019419,0,0,0,0,121.7019,0,1,0,0,0,-1.529376E-10,-7.583241E-10,7.746849E-09,1,1,0,0,0,1,1,1,0,0,0,-9.26501E-11,-7.692154E-10,1.282157E-08,1,1,0,0,0,1
491.7777,2.164296,0.9509729,1.583092,0.3989556,-0.01621519,-0.01073496,0.9167641,1,0.04716361,0.7078814,-0.04748071,0.7031538,0,0,0,0,128.9602,0,1,0,0,0,-5.222446E-11,-7.272069E-10,-1.12082E-08,1,1,0,0,0,1,1,1,0,0,0,-7.531291E-11,-6.060557E-10,-1.68873E-08,1,1,0,0,0,1
491.8279,2.164958,0.9509129,1.583181,0.3989556,-0.01621518,-0.01073497,0.916764,1,0.04705109,0.7069781,-0.04724441,0.7040853,0,0,0,0,118.8609,0,1,0,0,0,3.523447E-11,-5.210393E-10,4.740562E-09,1,1,0,0,0,1,1,1,0,0,0,4.207196E-11,-6.494577E-10,6.754746E-09,1,1,0,0,0,1
491.8773,2.190123,0.9479384,1.597057,0.3989557,-0.01621518,-0.01073496,0.916764,1,0.04696183,0.7061777,-0.04704646,0.7049074,0,0,0,0,125.7711,0,1,0.04514018,-0.005250928,0.023729,3.277119E-12,-5.566089E-10,2.345297E-09,1,1,0,0,0,1,1,1,0,0,0,8.535183E-13,-4.950118E-10,5.769292E-09,1,1,0,0,0,1
491.9272,2.567868,0.9133866,1.690517,0.3989557,-0.01621519,-0.01073499,0.916764,1,0.04682256,0.7045371,-0.04668718,0.7065801,0,0,0,0,117.0958,0,1,0.5306457,-0.04690973,0.1157878,6.326043E-12,-8.855489E-12,-9.832789E-09,1,1,0,0,0,1,1,1,0,0,0,6.301529E-12,2.384333E-11,-0.000000017,1,1,0,0,0,1
491.9771,2.711801,0.9012018,1.717304,0.3989557,-0.01621515,-0.01073496,0.916764,1,0.04658769,0.7025176,-0.04618543,0.7086363,0,0,0,0,103.4396,0,1,0,0,0,8.22838E-11,1.165715E-09,2.386862E-08,1,1,0,0,0,1,1,1,0,0,0,1.078272E-10,1.302834E-09,2.38915E-08,1,1,0,0,0,1
492.0276,2.735991,0.8991538,1.721806,0.3989556,-0.01621515,-0.01073496,0.916764,1,0.04638994,0.7008594,-0.04577233,0.7103162,0,0,0,0,101.0634,0,1,0,0,0,-2.571815E-11,-1.38793E-10,-1.086567E-09,1,1,0,0,0,1,1,1,0,0,0,-2.763037E-11,-4.174786E-10,-2.821519E-09,1,1,0,0,0,1
492.0777,2.740057,0.8988097,1.722563,0.3989556,-0.01621513,-0.01073494,0.916764,1,0.04623874,0.6995764,-0.04545683,0.7116099,0,0,0,0,100.4719,0,1,0,0,0,9.304487E-11,5.69627E-10,1.531116E-08,1,1,0,0,0,1,1,1,0,0,0,1.875009E-10,3.321919E-10,8.921498E-09,1,1,0,0,0,1
492.1276,2.74074,0.8987519,1.72269,0.3989556,-0.01621515,-0.01073497,0.916764,1,0.04611844,0.6985813,-0.04521053,0.7126101,0,0,0,0,99.87893,0,1,0,0,0,-3.539287E-10,1.525141E-10,-1.779812E-08,0.9999997,1,0,0,0,1,1,1,0,0,0,-2.822639E-10,2.365508E-10,-1.770738E-08,0.9999997,1,0,0,0,1
492.1773,2.74281,0.8984017,1.725253,0.3989556,-0.01621516,-0.01073499,0.916764,1,0.04601819,0.6977759,-0.04500922,0.713418,0,0,0,0,96.10555,0,1,0.002572843,-0.0004480156,0.003343615,2.597525E-10,6.762297E-10,-5.137717E-09,1,1,0,0,0,1,1,1,0,0,0,2.90247E-10,7.031386E-10,-7.106115E-09,1,1,0,0,0,1
492.2271,2.743343,0.8983106,1.725924,0.3989556,-0.01621517,-0.01073498,0.916764,0.963634,0.04593078,0.6971133,-0.04483934,0.7140818,0,0,0,0,90.40299,0,1,0,0,0,-2.236698E-11,7.972099E-10,1.552059E-09,1,0.963634,0,0,0,1,1,1,0,0,0,-8.461638E-11,7.546875E-10,-3.856973E-10,1,1,0,0,0,1
492.2773,2.743433,0.8982953,1.726037,0.3989557,-0.0162152,-0.010735,0.916764,0.8760992,0.04585233,0.6965809,-0.04469518,0.7146152,0,0,0,0,87.8455,0,1,0,0,0,-4.534296E-10,-6.171956E-10,-1.290765E-08,1,0.9091617,0,0,0,1,1,1,0,0,0,-5.67862E-10,-1.098433E-09,-9.346888E-09,1,1,0,0,0,1
492.3272,2.743448,0.8982927,1.726056,0.3989556,-0.0162152,-0.01073504,0.916764,0.851209,0.04578272,0.6961556,-0.04457349,0.7150416,0,0,0,0,89.4485,0,1,0,0,0,5.653635E-10,2.824895E-09,-1.839735E-08,1,0.9715898,0,0,0,1,1,1,0,0,0,4.797048E-10,2.14932E-09,-1.843281E-08,1,1,0,0,0,1
492.378,2.743451,0.8982922,1.726059,0.3989556,-0.01621519,-0.01073507,0.916764,0.851209,0.04572282,0.6958181,-0.04447252,0.7153803,0,0,0,0,89.01284,0,1,0,0,0,3.872684E-10,0.000000003,-1.087206E-08,1,1,0,0,0,1,1,1,0,0,0,3.173892E-10,3.469367E-09,-7.250261E-09,1,1,0,0,0,1
492.4271,2.743451,0.8982922,1.72606,0.3989556,-0.01621517,-0.01073505,0.916764,0.851209,0.04567302,0.6955521,-0.04439055,0.7156471,0,0,0,0,87.28928,0,1,0,0,0,-3.301956E-10,4.591153E-10,0.000000011,1,1,0,0,0,1,1,1,0,0,0,-2.299057E-10,-6.626281E-11,1.469884E-08,1,1,0,0,0,1
492.4779,2.743451,0.8982922,1.72606,0.3989556,-0.01621516,-0.01073502,0.916764,0.851209,0.04563244,0.6953437,-0.04432486,0.7158563,0,0,0,0,95.84682,0,1,0,0,0,-1.420053E-10,-0.000000002,1.293063E-08,1,1,0,0,0,1,1,1,0,0,0,-1.358509E-10,-2.125538E-09,1.085062E-08,1,1,0,0,0,1
492.5276,2.739737,0.8975478,1.73705,0.3989556,-0.01621514,-0.010735,0.9167641,0.851209,0.04561842,0.6950719,-0.04427736,0.716124,0,0,0,0,90.74316,0,1,-0.004887502,-0.0009796241,0.01446211,4.053232E-10,-1.797758E-10,0.000000018,1,1,0,0,0,1,1,1,0,0,0,4.053232E-10,-1.797758E-10,0.000000018,1,1,0,0,0,1
492.5777,2.73876,0.8973521,1.739938,0.3989556,-0.01621516,-0.01073499,0.9167641,0.8240868,0.04562513,0.6947557,-0.04424467,0.7164324,0,0,0,0,87.31503,0,1,0,0,0,-8.409214E-11,-1.308622E-09,1.728443E-09,1,0.9681369,0,0,0,1,1,1,0,0,0,-1.58912E-10,-2.408388E-09,1.678945E-09,1,1,0,0,0,1
492.628,2.738596,0.8973193,1.740424,0.3989556,-0.01621515,-0.01073495,0.916764,0.7562317,0.04563348,0.6944926,-0.04422022,0.7166883,0,0,0,0,86.92148,0,1,0,0,0,1.124156E-10,3.2782E-09,1.786841E-08,1,0.9176602,0,0,0,1,1,1,0,0,0,1.124156E-10,3.2782E-09,1.786841E-08,1,1,0,0,0,1
492.6775,2.738569,0.8973138,1.740506,0.3989556,-0.01621513,-0.01073493,0.916764,0.7562317,0.04564118,0.6942869,-0.04420225,0.7168883,0,0,0,0,84.40537,0,1,0,0,0,-6.240005E-10,-1.336452E-09,1.807317E-08,0.9999999,1,0,0,0,1,1,1,0,0,0,-4.828923E-10,-0.000000002,1.626008E-08,0.9999999,1,0,0,0,1
492.7273,2.738564,0.8973129,1.740519,0.3989559,-0.01621512,-0.01073491,0.9167639,0.7562317,0.04564697,0.6941266,-0.04418806,0.7170439,0,0,0,0,91.02602,0,1,0,0,0,-6.833028E-10,-4.597906E-09,1.127758E-08,1,1,0,0,0,1,1,1,0,0,0,-6.327525E-10,-0.000000004,7.552599E-09,1,1,0,0,0,1
492.7775,2.738564,0.8973128,1.740521,0.3989559,-0.01621514,-0.01073493,0.9167638,0.7562317,0.0456521,0.6940035,-0.04417781,0.7171635,0,0,0,0,89.37184,0,1,0,0,0,4.24583E-10,-6.49717E-10,-1.628044E-08,1,1,0,0,0,1,1,1,0,0,0,4.24583E-10,-6.49717E-10,-1.628044E-08,1,1,0,0,0,1
492.8275,2.738564,0.8973128,1.740522,0.398956,-0.01621517,-0.01073497,0.9167638,0.7562317,0.04565672,0.6939089,-0.04417063,0.7172551,0,0,0,0,91.02703,0,1,0,0,0,-2.471836E-10,-8.604751E-10,-2.058499E-08,1,1,0,0,0,1,1,1,0,0,0,-1.698394E-10,-1.176838E-09,-2.245404E-08,1,1,0,0,0,1
492.8779,2.738564,0.8973128,1.740522,0.398956,-0.01621518,-0.01073495,0.9167638,0.7562317,0.04566067,0.6938365,-0.0441655,0.7173253,0,0,0,0,92.6821,0,1,0,0,0,1.12251E-10,-4.457165E-09,3.371945E-09,1,1,0,0,0,1,1,1,0,0,0,1.12251E-10,-4.457165E-09,3.371945E-09,1,1,0,0,0,1
492.9272,2.738564,0.8973128,1.740522,0.398956,-0.01621516,-0.01073494,0.9167639,0.7090616,0.04566392,0.6937806,-0.04416178,0.7173793,0,0,0,0,89.27414,0,1,0,0,0,2.893573E-11,5.307526E-09,1.138284E-08,1,0.9376249,0,0,0,1,1,1,0,0,0,2.893573E-11,5.307526E-09,1.138284E-08,1,1,0,0,0,1
492.978,2.738564,0.8973128,1.740522,0.398956,-0.01621515,-0.01073498,0.9167639,0.6518431,0.04566658,0.6937376,-0.04415905,0.7174208,0,0,0,0,85.70142,0,1,0,0,0,-7.389078E-11,2.762105E-09,-5.884688E-09,1,0.9193038,0,0,0,1,1,1,0,0,0,1.610632E-11,2.753577E-09,-7.623294E-09,1,1,0,0,0,1
493.0275,2.738564,0.8973128,1.740522,0.3989562,-0.01621512,-0.01073495,0.9167637,0.6446576,0.04566872,0.6937045,-0.04415704,0.7174529,0,0,0,0,82.65553,0,1,0,0,0,3.345429E-10,3.261144E-09,1.838612E-08,0.9999999,0.9889767,0,0,0,1,1,1,0,0,0,2.613423E-10,3.44422E-09,1.833662E-08,0.9999999,1,0,0,0,1
493.0777,2.738564,0.8973128,1.740522,0.3989562,-0.01621511,-0.01073491,0.9167637,0.6446576,0.04567042,0.693679,-0.04415554,0.7174776,0,0,0,0,82.46651,0,1,0,0,0,-2.609463E-10,-2.289489E-09,2.246473E-08,1,1,0,0,0,1,1,1,0,0,0,-1.598323E-10,-2.560555E-09,2.061365E-08,1,1,0,0,0,1
493.1278,2.738564,0.8973128,1.740522,0.3989563,-0.01621512,-0.01073491,0.9167637,0.6446576,0.04567176,0.6936592,-0.04415441,0.7174966,0,0,0,0,84.04955,0,1,0,0,0,-7.056662E-10,-1.257682E-09,1.77726E-09,1,1,0,0,0,1,1,1,0,0,0,-6.955245E-10,-1.424655E-09,1.47764E-11,1,1,0,0,0,1
493.1774,2.738564,0.8973128,1.740522,0.3989564,-0.01621511,-0.01073491,0.9167637,0.6446576,0.0456728,0.6936439,-0.04415353,0.7175114,0,0,0,0,87.22122,0,1,0,0,0,2.630134E-10,5.571263E-09,8.739118E-09,0.9999999,1,0,0,0,1,1,1,0,0,0,1.760929E-10,4.325724E-09,0.000000005,0.9999999,1,0,0,0,1
493.2275,2.738564,0.8973128,1.740522,0.3989566,-0.01621514,-0.01073497,0.9167637,0.6446576,0.04567361,0.6936321,-0.04415286,0.7175227,0,0,0,0,87.22122,0,1,0,0,0,2.29705E-10,5.887179E-09,-0.00000003,1,1,0,0,0,1,1,1,0,0,0,2.498365E-10,5.262736E-09,-2.793998E-08,1,1,0,0,0,1
493.2773,2.738564,0.8973128,1.740522,0.3989567,-0.01621515,-0.010735,0.9167635,0.5976331,0.04567425,0.6936231,-0.04415236,0.7175315,0,0,0,0,69.75724,0,1,0,0,0,0.000000001,-5.357425E-10,-2.162942E-08,1,0.9270551,0,0,0,1,1,1,0,0,0,1.091489E-09,-1.253788E-09,-2.349559E-08,1,1,0,0,0,1
493.3275,2.738564,0.8973128,1.740522,0.3989567,-0.01621511,-0.01073501,0.9167635,0.5976331,0.04567474,0.693616,-0.04415197,0.7175383,0,0,0,0,81.07311,0,1,0,0,0,-1.272236E-10,1.284214E-09,3.160043E-09,1,1,0,0,0,1,1,1,0,0,0,-1.272236E-10,1.284214E-09,3.160043E-09,1,1,0,0,0,1
493.3778,2.738564,0.8973128,1.740522,0.3989568,-0.01621509,-0.01073497,0.9167635,0.5976331,0.04567511,0.6936105,-0.04415166,0.7175436,0,0,0,0,82.55039,0,1,0,0,0,4.602376E-10,-5.18624E-09,1.685091E-08,1,1,0,0,0,1,1,1,0,0,0,2.547863E-10,-4.789916E-09,2.779032E-08,1,1,0,0,0,1
493.4279,2.738564,0.8973128,1.740522,0.3989571,-0.01621507,-0.0107349,0.9167634,0.5976331,0.04567539,0.6936063,-0.0441514,0.7175477,0,0,0,0,85.66531,0,1,0,0,0,-0.000000001,-0.000000003,3.267742E-08,1,1,0,0,0,1,1,1,0,0,0,-9.437834E-10,-5.304966E-09,3.265714E-08,1,1,0,0,0,1
493.478,2.738976,0.9031068,1.744408,0.3989572,-0.01621505,-0.01073482,0.9167634,0.5976331,0.04564976,0.6935846,-0.04412375,0.717572,0,0,0,0,85.66431,0,1,0,0,0,-5.161612E-10,-4.247186E-09,4.758505E-08,1,1,0,0,0,1,1,1,0.001239811,0.01505429,0.008817853,-5.914113E-10,-4.803735E-09,4.016205E-08,1,1,0,0,0,1
493.528,2.748165,0.9589257,1.747374,0.3989574,-0.01621508,-0.01073484,0.9167632,0.5976331,0.04516048,0.6935105,-0.04363811,0.7177043,0,0,0,0,83.99644,0,1,0.002977279,7.552902E-06,0.0003684539,1.917727E-10,-7.42229E-09,-2.25601E-08,1,1,0,0,0,1,1,1,0.01655678,0.1036634,-0.003724832,1.183566E-10,-7.4029E-09,-1.508617E-08,1,1,0,0,0,1
493.5772,2.803293,1.086402,1.739435,0.3989573,-0.01621509,-0.01073486,0.9167633,0.5976331,0.0430555,0.6936547,-0.04160633,0.717815,0,0,0,0,76.99413,0,1,0.09113902,-0.000559583,0.02057319,3.253643E-10,-1.096828E-09,-0.000000005,1,1,0,0,0,1,1,1,0.02681573,0.1505622,-0.02441982,3.445667E-10,1.624343E-09,-8.361E-09,1,1,0,0,0,1
493.6278,3.042532,1.211769,1.764315,0.3989575,-0.0162151,-0.01073487,0.9167632,0.5976331,0.0390085,0.6938273,-0.03769019,0.7180957,0,0,0,0,74.73087,0,1,0.2947459,-0.0003320834,0.05965457,2.466431E-10,-4.176103E-10,-0.000000004,1,1,0,0,0,1,1,1,0.01834451,0.1094153,-0.01834913,4.338839E-10,5.70935E-10,-8.786045E-10,1,1,0,0,0,1
493.6777,3.208407,1.30315,1.79366,0.3989575,-0.0162151,-0.01073487,0.9167632,0.5976331,0.03390217,0.6936668,-0.03271888,0.7187535,0,0,0,0,65.09566,0,1,0.06302452,-0.000161955,0.02660483,2.040149E-10,-4.611685E-10,-2.860308E-09,1,1,0,0,0,1,1,1,0.009515121,0.07135774,-0.003385323,2.040149E-10,-4.611685E-10,-2.860308E-09,1,1,0,0,0,1
493.728,3.262951,1.368737,1.809725,0.3989575,-0.01621511,-0.01073487,0.9167632,0.5976331,0.02873888,0.6932821,-0.02768933,0.7195606,0,0,0,0,58.1293,0,1,0.008126738,-0.0001821588,0.007133961,1.882395E-10,-1.673209E-09,-3.841561E-09,1,1,0,0,0,1,1,1,0.005616544,0.05068915,-0.0002349679,2.089394E-10,-3.234621E-09,-3.249873E-09,1,1,0,0,0,1
493.7774,3.27607,1.40885,1.812822,0.3989574,-0.01621511,-0.01073487,0.9167632,0.5976331,0.02400591,0.6929059,-0.02309427,0.7202581,0,0,0,0,54.89954,0,1,0,0,0,-2.525912E-10,-0.000000002,-2.76768E-09,1,1,0,0,0,1,1,1,0.00270475,0.02686347,-0.0001440168,-2.077305E-10,-0.000000001,-9.208168E-11,1,1,0,0,0,1
493.8276,3.279454,1.428789,1.813307,0.3989574,-0.01621512,-0.01073488,0.9167632,0.5976331,0.01995373,0.6926024,-0.01917344,0.7207886,0,0,0,0,58.05318,0,1,0,0,0,-6.481503E-11,2.224547E-09,-9.686246E-09,1,1,0,0,0,1,1,1,0.001001628,0.0119581,-1.426066E-05,-1.770973E-10,2.394866E-09,-6.07618E-09,1,1,0,0,0,1
493.8777,3.279695,1.432742,1.815156,0.3989575,-0.01621514,-0.01073489,0.9167632,0.5976331,0.0166589,0.6923507,-0.0159927,0.7211916,0,0,0,0,59.36816,0,1,0,0,0,-6.077425E-11,-3.649405E-09,-0.000000005,1,1,0,0,0,1,1,1,-0.001744708,-0.005845301,0.005898174,4.070184E-11,-2.687056E-09,-5.255238E-09,1,1,0,0,0,1
493.9271,3.272665,1.408403,1.825659,0.3989576,-0.01621513,-0.01073489,0.9167632,0.5976331,0.01429478,0.6920136,-0.01370844,0.7216127,0,0,0,0,58.34652,0,1,-0.008541759,-0.0002472527,-0.004120336,-8.396107E-11,0.000000003,-8.95074E-10,1,1,0,0,0,1,1,1,-0.006619828,-0.04149142,0.01496624,-9.048241E-11,3.185275E-09,-4.838694E-10,1,1,0,0,0,1
493.9771,3.213846,1.344708,1.821231,0.3989576,-0.01621513,-0.01073488,0.9167631,0.5976331,0.01323431,0.6916444,-0.01267779,0.7220057,0,0,0,0,56.11604,0,1,-0.09124715,-0.002865954,-0.04222105,6.50453E-11,-5.864106E-10,1.909438E-09,1,1,0,0,0,1,1,1,-0.01229635,-0.07990935,0.02447578,4.164569E-11,9.138457E-10,3.250291E-09,1,1,0,0,0,1
494.0275,3.099595,1.26955,1.817648,0.3989576,-0.01621512,-0.0107349,0.9167631,0.5976331,0.01365021,0.6913947,-0.01306742,0.7222301,0,0,0,0,57.63476,0,1,-0.110632,-0.006437358,-0.008791223,3.371638E-10,3.682439E-09,-2.06984E-09,1,1,0,0,0,1,1,1,-0.01034058,-0.06497865,0.01872627,3.152788E-10,3.890765E-09,-2.06787E-09,1,1,0,0,0,1
494.0775,2.999189,1.210302,1.83639,0.3989577,-0.01621511,-0.0107349,0.9167631,0.5976331,0.01512909,0.6909111,-0.01446489,0.7226366,0,0,0,0,61.6365,0,1,-0.07360096,-0.004969514,0.008153026,2.84546E-10,2.74449E-09,-1.150335E-09,1,1,0,0,0,1,1,1,-0.008686645,-0.0439911,0.01838454,2.505429E-10,0.000000001,6.843275E-10,1,1,0,0,0,1
494.1278,2.937462,1.175879,1.859042,0.3989576,-0.01621509,-0.01073489,0.9167631,0.5976331,0.01709536,0.6900618,-0.01630831,0.7233647,0,0,0,0,66.04554,0,1,-0.03048997,-0.001638116,0.00190126,-9.672063E-12,4.916412E-09,1.009098E-08,1,1,0,0,0,1,1,1,-0.006155791,-0.02003349,0.01804324,-4.647235E-11,4.494099E-09,1.033224E-08,1,1,0,0,0,1
494.1779,2.921078,1.159018,1.872051,0.3989576,-0.0162151,-0.01073488,0.9167632,0.5976331,0.01903924,0.6890885,-0.01811614,0.7242005,0,0,0,0,68.97135,0,1,0,0,0,-1.093605E-10,-4.150601E-09,9.080741E-10,1,1,0,0,0,1,1,1,-0.003856593,-0.01442385,0.009113247,-1.211288E-10,-4.43005E-09,-7.469072E-10,1,1,0,0,0,1
494.2271,2.912947,1.135533,1.88584,0.3989578,-0.01621511,-0.01073489,0.9167631,0.5976331,0.02090915,0.6881019,-0.01984388,0.7250412,0,0,0,0,71.51224,0,1,0,0,0,7.232961E-11,1.057892E-09,-3.902177E-09,1,1,0,0,0,1,1,1,-0.006954781,-0.02597252,0.01520065,-2.259937E-10,1.68365E-09,-3.165437E-09,1,1,0,0,0,1
494.2774,2.908174,1.116664,1.893986,0.3989579,-0.01621513,-0.01073488,0.916763,0.5976331,0.02276469,0.6871216,-0.02154958,0.725866,0,0,0,0,73.41396,0,1,0,0,0,-7.168073E-11,-8.732994E-09,3.487103E-09,1,1,0,0,0,1,1,1,-0.00238929,-0.01172351,0.003147662,-2.633329E-10,-0.00000001,4.808586E-09,1,1,0,0,0,1
494.3273,2.90599,1.105608,1.895968,0.3989579,-0.01621514,-0.01073488,0.916763,0.5976331,0.02443882,0.6862811,-0.02308401,0.726559,0,0,0,0,75.07484,0,1,0,0,0,-1.719234E-12,2.55815E-09,-5.270508E-09,1,1,0,0,0,1,1,1,-0.001453798,-0.008881206,0.0001013829,-1.225473E-10,3.28358E-09,-2.766501E-09,1,1,0,0,0,1
494.3771,2.904133,1.095304,1.896383,0.3989582,-0.01621517,-0.0107349,0.9167629,0.5976331,0.02590257,0.6856071,-0.02442438,0.7271007,0,0,0,0,72.41167,0,1,0,0,0,4.280299E-10,-4.052327E-09,-6.44328E-09,1,1,0,0,0,1,1,1,-0.002107988,-0.0118128,0.0001137004,3.283971E-10,-4.493005E-09,-0.000000009,1,1,0,0,0,1
494.4279,2.897661,1.063733,1.899196,0.3989584,-0.01621518,-0.0107349,0.9167628,0.5883815,0.02740112,0.6850289,-0.02579992,0.7275432,0,0,0,0,75.30997,0,1,0,0,0,-7.480741E-11,-3.286299E-09,-9.344832E-10,1,0.9845196,0,0,0,1,1,1,-0.01013599,-0.04995593,0.003436033,-6.510916E-12,-3.608284E-09,-6.426845E-10,1,1,0,0,0,1
494.4771,2.889392,1.023547,1.90152,0.3989584,-0.01621519,-0.01073489,0.9167628,0.5411158,0.0292302,0.6845146,-0.0274882,0.7278941,0,0,0,0,65.22,0,1,0,0,0,-4.32457E-10,-2.436712E-09,7.035533E-10,1,0.9196682,0,0,0,1,1,1,-0.007093695,-0.03219814,0.00327181,-3.993565E-10,-7.695451E-10,4.472185E-09,1,1,0,0,0,1
494.5277,2.880531,0.9833646,1.903268,0.3989585,-0.01621521,-0.01073489,0.9167628,0.5120595,0.03132689,0.6840351,-0.02942767,0.7281818,0,0,0,0,69.80444,0,1,0,0,0,4.582451E-10,-9.125476E-09,-0.000000006,1,0.9463028,0,0,0,1,1,1,-0.009774236,-0.04392122,0.0005639906,4.582451E-10,-9.125476E-09,-0.000000006,1,1,0,0,0,1
494.5778,2.875191,0.9601391,1.903791,0.3989584,-0.01621521,-0.01073489,0.9167628,0.5052948,0.03346168,0.6836154,-0.03140441,0.7283983,0,0,0,0,69.57037,0,1,0,0,0,2.184677E-10,2.302051E-09,-9.340164E-10,1,0.9867893,0,0,0,1,1,1,-0.002809719,-0.0116651,0.0001701047,6.092986E-11,2.108184E-09,1.260707E-09,1,1,0,0,0,1
494.6274,2.87206,0.9417375,1.897086,0.3989585,-0.01621521,-0.01073488,0.9167628,0.5052948,0.03542901,0.6833084,-0.03323066,0.7285123,0,0,0,0,65.67358,0,1,0,0,0,-1.793578E-10,3.350591E-09,5.82836E-09,1,1,0,0,0,1,1,1,-0.002425115,-0.02129046,-0.01439632,-2.166514E-10,4.537898E-09,7.805808E-09,1,1,0,0,0,1
494.6772,2.872479,0.9281633,1.878386,0.3989585,-0.01621519,-0.01073486,0.9167628,0.5052948,0.03721167,0.6833134,-0.0349112,0.7283401,0,0,0,0,65.82097,0,1,0,0,0,-2.98284E-10,2.454182E-09,1.329908E-08,0.9999999,1,0,0,0,1,1,1,0.001816461,-0.007016602,-0.01753472,-2.430802E-10,-2.67886E-09,7.464368E-09,0.9999999,1,0,0,0,1
494.7272,2.875105,0.9241216,1.860717,0.3989586,-0.01621521,-0.0107349,0.9167627,0.5052948,0.03869218,0.6836188,-0.03633805,0.7279065,0,0,0,0,69.89562,0,1,0,0,0,3.468237E-11,2.702005E-10,-1.523387E-08,0.9999999,1,0,0,0,1,1,1,0.003332341,-0.001280353,-0.01764243,6.852201E-11,-2.441761E-09,-1.733315E-08,0.9999999,1,0,0,0,1
494.7779,2.880399,0.9225047,1.833266,0.3989587,-0.01621522,-0.0107349,0.9167627,0.5052948,0.03985202,0.6841925,-0.03749275,0.727246,0,0,0,0,71.10482,0,1,0,0,0,2.992115E-10,-7.218863E-09,5.918709E-10,1,1,0,0,0,1,1,1,0.008560937,-0.0001467986,-0.04122645,3.722467E-10,-6.215653E-09,-0.000000001,1,1,0,0,0,1
494.8276,2.888274,0.9269265,1.801485,0.3989588,-0.01621524,-0.01073491,0.9167627,0.5052948,0.04068073,0.6851977,-0.03838349,0.7262065,0,0,0,0,72.13316,0,1,0,0,0,1.929525E-10,-3.76428E-09,-8.62193E-09,0.9999999,1,0,0,0,1,1,1,0.006899425,0.006945351,-0.02368808,4.051848E-10,-1.749535E-09,-8.572726E-09,0.9999999,1,0,0,0,1
494.8773,2.898132,0.9394774,1.771174,0.3989589,-0.01621526,-0.01073491,0.9167626,0.4913492,0.04111837,0.6865015,-0.03893924,0.7249198,0,0,0,0,70.24705,0,1,0,0,0,-1.16068E-10,-4.120319E-09,-3.434594E-09,1,0.9724011,0,0,0,1,1,1,0.01047486,0.01517545,-0.02973319,-3.767701E-10,-5.541061E-09,-1.320095E-09,1,1,0,0,0,1
494.9277,2.910096,0.9637196,1.747043,0.3989591,-0.01621527,-0.01073492,0.9167625,0.4788341,0.04110353,0.6879752,-0.03908451,0.7235144,0,0,0,0,67.88352,0,1,0,0,0,-4.281446E-10,-3.247387E-09,1.689314E-09,1,0.9745291,0,0,0,1,1,1,0.01306435,0.03016945,-0.02119089,2.283974E-10,-2.32139E-09,-1.04468E-08,1,1,0,0,0,1
494.9777,2.920407,0.9881279,1.730579,0.3989591,-0.01621527,-0.01073491,0.9167625,0.4761585,0.04061703,0.6894704,-0.03877987,0.7221336,0,0,0,0,65.7299,0,1,0,0,0,3.361775E-10,1.610342E-09,9.891666E-09,1,0.9944124,0,0,0,1,1,1,0.01012153,0.02493637,-0.01515516,-1.630951E-10,1.68132E-10,-5.890322E-11,1,1,0,0,0,1
495.0276,2.932844,1.022573,1.71689,0.3989592,-0.01621528,-0.01073492,0.9167625,0.4761585,0.03968704,0.6909118,-0.03803897,0.720846,0,0,0,0,65.13173,0,1,0,0,0,1.264776E-11,1.907372E-09,-2.804197E-09,1,1,0,0,0,1,1,1,0.0105817,0.03117492,-0.00926984,1.763488E-10,2.254372E-09,-9.452018E-09,1,1,0,0,0,1
495.0774,2.941658,1.049012,1.70891,0.3989594,-0.01621529,-0.01073494,0.9167624,0.4761585,0.03853875,0.692185,-0.03706348,0.7197368,0,0,0,0,63.35632,0,1,0,0,0,1.554267E-09,2.426572E-09,-0.000000012,1,1,0,0,0,1,1,1,0.01028815,0.03125942,-0.009320468,1.887412E-09,1.315647E-09,-9.428645E-10,1,1,0,0,0,1
495.1274,2.949308,1.073197,1.703013,0.3989595,-0.01621531,-0.01073495,0.9167623,0.4761585,0.03721319,0.6933107,-0.03589449,0.7187817,0,0,0,0,66.83059,0,1,0,0,0,4.376139E-11,-1.273901E-09,-8.569942E-09,1,1,0,0,0,1,1,1,0.006761884,0.02298119,-0.003340799,8.952991E-11,2.480333E-11,-7.158473E-09,1,1,0,0,0,1
495.1775,2.960383,1.090163,1.709321,0.3989595,-0.01621531,-0.01073496,0.9167624,0.4761585,0.03584607,0.6941939,-0.03465468,0.7180592,0,0,0,0,65.22816,0,1,0.01051917,-0.001228746,0.01326036,1.318666E-10,-1.252716E-10,-4.196487E-09,1,1,0,0,0,1,1,1,0.004542533,0.01741499,-0.0002861855,5.307807E-10,3.944898E-09,-7.848533E-09,1,1,0,0,0,1
495.2279,2.984271,1.105848,1.718149,0.3989597,-0.01621531,-0.010735,0.9167622,0.4761585,0.03451814,0.6947463,-0.03341657,0.7176485,0,0,0,0,51.9233,0,1,0.03206305,-0.001557451,0.00972406,4.655389E-10,5.795908E-09,-1.027848E-08,1,1,0,0,0,1,1,1,0.002938536,0.01163292,-0.0001998251,3.844724E-10,5.66898E-09,-8.620036E-09,1,1,0,0,0,1
495.278,3.066981,1.119953,1.742339,0.3989598,-0.01621532,-0.01073501,0.9167622,0.4761585,0.03316967,0.6949268,-0.0321218,0.7175965,0,0,0,0,59.43011,0,1,0.09909874,-0.004801034,0.0297446,4.437038E-11,1.299927E-09,-5.406041E-09,1,1,0,0,0,1,1,1,0.004363229,0.01746073,-0.0002914805,1.990298E-10,2.229628E-09,-7.139414E-09,1,1,0,0,0,1
495.3279,3.144289,1.121413,1.767623,0.3989598,-0.01621535,-0.01073501,0.9167622,0.4761585,0.03192464,0.694698,-0.03089163,0.7179285,0,0,0,0,54.85474,0,1,0.06927152,-0.003741228,0.02636442,9.728082E-11,-0.000000003,-6.396711E-09,1,1,0,0,0,1,1,1,0,0,0,1.19229E-10,-6.102964E-09,-2.623555E-09,1,1,0,0,0,1
495.3779,3.181077,1.119933,1.785102,0.3989598,-0.01621534,-0.01073501,0.9167622,0.4761585,0.03092746,0.6941999,-0.02988162,0.7184964,0,0,0,0,52.60852,0,1,0.01377559,-0.001166694,0.01071822,-2.235946E-10,2.178973E-09,-8.851173E-10,0.9999999,1,0,0,0,1,1,1,0.0005351815,-0.0001774451,-0.002946539,-2.179629E-10,1.648364E-09,-1.54546E-09,0.9999999,1,0,0,0,1
495.4276,3.188935,1.119378,1.784881,0.3989598,-0.01621533,-0.01073502,0.9167622,0.4761585,0.03015775,0.6937532,-0.0290991,0.7189926,0,0,0,0,49.71787,0,1,0,0,0,2.087661E-10,3.188858E-09,-3.793482E-09,1,1,0,0,0,1,1,1,0.0005446206,-0.0001799017,-0.00294466,7.594183E-11,4.417861E-09,-0.000000002,1,1,0,0,0,1
495.4774,3.190295,1.119272,1.784632,0.3989598,-0.01621534,-0.01073503,0.9167622,0.4761585,0.02956497,0.6934206,-0.02849881,0.7193619,0,0,0,0,51.20215,0,1,0,0,0,-3.855068E-10,-1.496229E-09,-6.050126E-09,1,1,0,0,0,1,1,1,0,0,0,-5.54172E-10,-1.273145E-09,-4.781234E-09,1,1,0,0,0,1
495.5278,3.190524,1.119254,1.78459,0.3989599,-0.01621535,-0.01073502,0.9167621,0.4761585,0.02910703,0.6931656,-0.02803606,0.7196446,0,0,0,0,55.21003,0,1,0,0,0,-3.674297E-10,1.061823E-09,2.734954E-10,1,1,0,0,0,1,1,1,0,0,0,-3.37337E-10,7.056378E-11,1.466947E-09,1,1,0,0,0,1
495.5778,3.198235,1.118771,1.78855,0.39896,-0.01621535,-0.01073502,0.9167621,0.4761585,0.02875124,0.6929462,-0.02767538,0.7198841,0,0,0,0,54.11053,0,1,0.01418626,-0.0009041055,0.007679565,-1.696788E-10,1.104184E-09,5.439347E-09,1,1,0,0,0,1,1,1,0,0,0,3.810279E-10,1.250302E-10,7.80182E-09,1,1,0,0,0,1
495.6272,3.370783,1.109869,1.830331,0.3989599,-0.01621534,-0.010735,0.9167622,0.4761585,0.02844819,0.6924369,-0.02734401,0.7203985,0,0,0,0,50.70393,0,1,0.3115802,-0.01590837,0.06986494,2.826883E-10,3.647747E-09,0.000000012,1,1,0,0,0,1,1,1,0,0,0,4.449705E-11,1.681944E-09,7.724072E-09,1,1,0,0,0,1
495.6772,3.519014,1.101704,1.864492,0.3989601,-0.01621534,-0.01073501,0.9167621,0.4761585,0.02815157,0.6914789,-0.02698607,0.7213433,1,-0.02087235,0.0003399849,-0.0003399849,41.86152,0,1,0.06807522,-0.003281348,0.01118649,1.944718E-10,4.700962E-09,-1.239175E-08,1,1,0,0,0,1,1,1,0,0,0,-2.206575E-10,3.569336E-09,-6.392099E-10,1,1,0,0,0,1
495.7273,3.498867,1.103462,1.868579,0.3989601,-0.01621533,-0.01073501,0.9167621,0.4761585,0.0279207,0.6905748,-0.02669699,0.7222287,1,-0.00515008,0.0001680851,-0.0001090765,39.90284,0,1,0,0,0,3.991166E-10,2.316033E-09,7.06704E-09,1,1,0,0,0,1,1,1,0,0,0,4.316895E-10,2.314416E-09,5.193434E-09,1,1,0,0,0,1
495.778,3.495122,1.10341,1.869598,0.3989601,-0.01621534,-0.010735,0.9167621,0.4761585,0.02775918,0.6898445,-0.02648839,0.72294,1,-0.0008628368,0,0,40.01913,0,1,0,0,0,-1.632233E-10,-0.000000006,-2.717519E-09,1,1,0,0,0,1,1,1,0,0,0,-3.563102E-10,-4.754479E-09,3.296563E-09,1,1,0,0,0,1
495.8276,3.494376,1.103924,1.870044,0.3989602,-0.01621537,-0.01073501,0.916762,0.4761585,0.02763474,0.689267,-0.02632713,0.7235013,1,-3.504753E-05,0,0,36.37801,0,1,0.001136807,0.0004919678,-0.00891435,-1.578119E-10,-6.59707E-09,-1.156088E-08,1,1,0,0,0,1,1,1,-0.001748791,0.0004913544,0.008814769,-1.996255E-10,-3.79263E-09,-6.949915E-09,1,1,0,0,0,1
495.8778,3.492241,1.099645,1.8742,0.3989604,-0.01621537,-0.01073502,0.916762,0.4761585,0.02755743,0.6887757,-0.02621756,0.7239761,1,0,0,0,34.94831,0,1,0,0,0,6.318712E-11,1.948147E-09,2.662478E-09,1,1,0,0,0,1,1,1,-0.003419868,-0.008372658,0.005939959,1.408465E-10,2.178841E-09,-3.946501E-09,1,1,0,0,0,1
495.9275,3.487788,1.083869,1.875535,0.3989604,-0.0162154,-0.01073502,0.9167619,0.4538665,0.02769338,0.6883385,-0.02631539,0.724383,1,0,0,0,35.60799,0,1,0,0,0,2.817457E-11,-2.911929E-09,-7.126575E-09,1,0.9531835,0,0,0,1,1,1,-0.006198138,-0.02318478,0.0002032401,-1.18301E-11,-6.816026E-09,-2.863454E-09,1,1,0,0,0,1
495.9778,3.482971,1.06642,1.875905,0.3989605,-0.01621541,-0.01073502,0.9167619,0.4355053,0.0280683,0.6879709,-0.02664554,0.7247056,0,0,0,0,36.03859,0,1,0,0,0,-4.523974E-10,-1.346937E-09,1.376797E-09,1,0.9595449,0,0,0,1,1,1,-0.004029128,-0.01444801,0.0001432051,-5.391249E-10,2.701579E-10,7.205825E-10,1,1,0,0,0,1
496.0273,3.47551,1.037412,1.872267,0.3989604,-0.0162154,-0.01073502,0.9167619,0.4262989,0.02874917,0.6876769,-0.02727162,0.7249346,0,0,0,0,35.85833,0,1,0,0,0,-1.338906E-10,4.85137E-09,3.403394E-09,1,0.9788604,0,0,0,1,1,1,-0.009098223,-0.03801505,-0.008586536,-9.010005E-11,3.791226E-09,6.690491E-09,1,1,0,0,0,1
496.0781,3.471001,1.013198,1.860855,0.3989606,-0.01621542,-0.01073502,0.9167619,0.4262989,0.02973585,0.6875736,-0.02820247,0.7249572,0,0,0,0,36.59707,0,1,0,0,0,-5.513289E-10,-8.817059E-09,-5.279372E-09,1,1,0,0,0,1,1,1,-0.001841266,-0.01516318,-0.01164886,-6.784698E-10,-8.41346E-09,-2.808186E-09,1,1,0,0,0,1
496.1275,3.468955,0.9926521,1.842592,0.3989607,-0.01621543,-0.01073503,0.9167618,0.4262989,0.03084024,0.6877294,-0.02926607,0.7247211,0,0,0,0,35.16113,0,1,0,0,0,2.151116E-11,2.593357E-09,2.879792E-09,1,1,0,0,0,1,1,1,-0.001304294,-0.02161766,-0.02340784,2.151116E-11,2.593357E-09,2.879792E-09,1,1,0,0,0,1
496.1774,3.469654,0.9847193,1.828883,0.3989606,-0.01621541,-0.01073501,0.9167618,0.4262989,0.03190452,0.688102,-0.03031095,0.7242783,0,0,0,0,38.77394,0,1,0,0,0,-2.268261E-10,7.116228E-09,1.563692E-08,0.9999999,1,0,0,0,1,1,1,0.001847873,-0.0005799471,-0.00878914,7.221737E-12,8.438621E-09,1.274752E-08,0.9999999,1,0,0,0,1
496.2274,3.473197,0.9823501,1.810411,0.3989606,-0.01621543,-0.01073502,0.9167618,0.4262989,0.03277435,0.6886515,-0.03118798,0.7236797,0,0,0,0,37.18958,0,1,0,0,0,6.539772E-11,2.915356E-10,-1.231419E-08,0.9999999,1,0,0,0,1,1,1,0.004965468,-0.001486146,-0.02343362,1.302517E-10,9.151402E-10,-1.05466E-08,0.9999999,1,0,0,0,1
496.2772,3.477273,0.9823454,1.778398,0.3989605,-0.01621544,-0.01073503,0.9167619,0.4262989,0.03344638,0.6894566,-0.03190122,0.7228508,0,0,0,0,36.98186,0,1,0.0001612125,0.0008374124,-0.02715249,6.615929E-10,1.647926E-09,-9.932802E-09,1,1,0,0,0,1,1,1,0.004583349,0.001786969,-0.01757163,5.373632E-10,1.4326E-09,-5.455584E-09,1,1,0,0,0,1
496.3274,3.518681,0.9890334,1.644054,0.3989606,-0.01621545,-0.01073503,0.9167619,0.4262989,0.03379246,0.6917229,-0.03243637,0.7206423,1,0,0,0,35.78216,0,1,0.05355685,0.0007766019,-0.1508817,1.064966E-10,-6.4908E-09,-3.282655E-09,1,1,0,0,0,1,1,1,0.005720846,0.007692322,-0.01463293,1.416114E-10,-5.314363E-09,-2.844436E-09,1,1,0,0,0,1
496.3772,3.532856,1.005275,1.525576,0.3989606,-0.01621544,-0.01073504,0.9167619,0.4262989,0.03370938,0.6956003,-0.03270822,0.7168919,1,-0.01220345,0,0,33.61985,0,1,0.04825166,-0.0004954243,-0.08223222,-1.503652E-10,0.000000004,4.380079E-09,1,1,0,0,0,1,1,1,0.01181601,0.02148141,-0.02347168,2.137348E-11,3.600954E-09,0.000000003,1,1,0,0,0,1
496.4276,3.524439,1.021675,1.481084,0.3989606,-0.01621543,-0.01073503,0.9167618,0.4262989,0.03334183,0.6997601,-0.03272966,0.7128484,1,-0.003787756,0,0,36.02674,0,1,0.00359806,-1.061354E-06,-0.005661622,-1.681953E-10,1.92294E-09,6.527673E-09,1,1,0,0,0,1,1,1,0.00697029,0.01666922,-0.008868111,-1.433886E-10,1.599145E-09,4.654429E-09,1,1,0,0,0,1
496.4772,3.521963,1.035815,1.470692,0.3989607,-0.01621544,-0.01073505,0.9167618,0.4262989,0.03279011,0.7032849,-0.03250712,0.7094072,1,-0.001247406,-1.192093E-07,0,37.24024,0,1,0,0,0,3.447516E-11,-3.139405E-10,-4.85574E-09,1,1,0,0,0,1,1,1,0.004054124,0.01129548,-0.002993953,-1.521054E-11,-2.103194E-10,-6.276451E-09,1,1,0,0,0,1
496.5275,3.520695,1.04055,1.467364,0.3989607,-0.01621545,-0.01073506,0.9167618,0.4262989,0.03223205,0.7060947,-0.03220673,0.70665,1,-0.0003359318,0,0,40.49223,0,1,0,0,0,1.477587E-11,-5.794202E-10,-6.224826E-09,1,1,0,0,0,1,1,1,0,0,0,7.822733E-12,-7.022328E-10,-7.101985E-09,1,1,0,0,0,1
496.5773,3.521186,1.041228,1.46846,0.3989606,-0.01621544,-0.01073505,0.9167618,0.4262989,0.03177302,0.7082741,-0.03194331,0.7044984,1,-0.0007102489,0,0,38.91428,0,1,0.002724114,-0.0002316905,0.003244305,-3.715943E-11,-6.302119E-11,-1.366117E-09,1,1,0,0,0,1,1,1,0,0,0,-3.19523E-11,-7.967387E-11,8.708524E-09,1,1,0,0,0,1
496.6277,3.525293,1.03949,1.506634,0.3989606,-0.01621545,-0.01073506,0.9167619,0.4262989,0.0314405,0.7096279,-0.03172973,0.7031593,1,-0.004763126,0,0,35.84074,0,1,0.02573078,-0.003240489,0.05031618,-1.016619E-10,4.499262E-12,-0.000000007,1,1,0,0,0,1,1,1,-0.001337107,0.0004563651,0.008888403,-6.110898E-11,1.424258E-10,-2.660093E-09,1,1,0,0,0,1
496.678,3.52677,1.035916,1.599471,0.3989608,-0.01621547,-0.01073509,0.9167618,0.4262989,0.03128203,0.7094789,-0.03155576,0.7033246,1,-0.006781101,0,0,35.99112,0,1,0.03492603,-0.005184108,0.08702883,3.644399E-12,1.211591E-09,-1.275308E-08,1,1,0,0,0,1,1,1,-0.003559476,0.001278662,0.02369997,1.51772E-11,1.266402E-09,-1.411693E-08,1,1,0,0,0,1
496.7279,3.525358,1.033595,1.688156,0.3989609,-0.01621546,-0.01073509,0.9167618,0.4262989,0.03128101,0.7078562,-0.03140934,0.7049642,1,-0.003205776,0.0007045269,0.0007045269,35.16108,0,1,0.02209694,-0.003452823,0.06187591,1.347392E-11,1.178117E-09,2.378196E-09,1,1,0,0,0,1,1,1,-0.002795675,0.0009882273,0.01775407,6.939234E-12,1.246551E-09,2.527165E-10,1,1,0,0,0,1
496.7781,3.524187,1.032366,1.755393,0.3989612,-0.01621548,-0.01073512,0.9167616,0.4262989,0.03136076,0.7053626,-0.0312677,0.707462,1,0,0,0,30.10915,0,1,0.006200716,-0.00164398,0.0335994,1.406767E-11,2.585253E-11,-8.472285E-09,1,1,0,0,0,1,1,1,-0.003864035,0.001330718,0.02364945,1.97681E-11,2.065659E-10,-0.000000009,1,1,0,0,0,1
496.8272,3.519851,1.033171,1.785822,0.3989613,-0.01621549,-0.01073513,0.9167615,0.4262989,0.03144722,0.7027689,-0.03112515,0.710041,1,-0.0001831055,0,0,30.53011,0,1,0,0,0,3.91548E-11,7.521899E-10,-5.251364E-09,1,1,0,0,0,1,1,1,-0.003558897,0.001168176,0.02066321,3.834622E-11,7.516368E-10,-4.47705E-09,1,1,0,0,0,1
496.8774,3.516878,1.034162,1.806175,0.3989615,-0.01621553,-0.01073516,0.9167615,0.4262989,0.03151902,0.7003758,-0.03098683,0.7124045,1,0,0,0,34.05484,0,1,0,0,0,-3.932811E-11,-0.000000002,-1.630023E-08,0.9999999,1,0,0,0,1,1,1,-0.003181062,0.0009908313,0.01768894,-1.155467E-11,-0.000000002,-1.926114E-08,0.9999999,1,0,0,0,1
496.9272,3.514004,1.035052,1.822552,0.3989616,-0.01621553,-0.01073518,0.9167614,0.4262989,0.03157428,0.6982304,-0.03085485,0.7145106,1,0,0,0,34.93335,0,1,0,0,0,-6.879954E-11,-0.000000001,-1.023308E-08,1,1,0,0,0,1,1,1,-0.002724322,0.0008218012,0.0147276,-5.643873E-11,-0.000000001,-9.161782E-09,1,1,0,0,0,1
496.978,3.512798,1.035418,1.829192,0.3989616,-0.01621554,-0.01073519,0.9167614,0.4262989,0.03161627,0.6963797,-0.03073626,0.7163177,1,0,0,0,35.80892,0,1,0,0,0,-9.042626E-12,1.78831E-09,-8.663696E-10,1,1,0,0,0,1,1,1,0,0,0,-5.773092E-11,1.331306E-09,5.13487E-09,1,1,0,0,0,1
497.0273,3.528223,1.035156,1.832976,0.3989617,-0.01621554,-0.01073519,0.9167614,0.4262989,0.03164161,0.6948872,-0.03063291,0.717769,1,-0.006217718,-1.192093E-07,0,32.34035,0,1,0.03567377,-0.001970885,0.004415212,1.399158E-11,5.482266E-10,3.877138E-09,1,1,0,0,0,1,1,1,0.0008365544,0.002880991,8.297362E-06,8.321385E-12,-6.980317E-10,0.000000004,1,1,0,0,0,1
497.0775,3.68099,1.006566,1.7952,0.3989617,-0.01621554,-0.01073518,0.9167613,0.4262989,0.03176423,0.6940808,-0.03068293,0.7185411,1,0,-0.001501679,-0.002373934,31.45365,0,1,0.2288816,-0.01236531,0.004441159,1.970279E-10,4.385412E-09,0.000000005,1,1,0,0,0,1,1,1,0.004275777,0.008176365,-0.008773647,9.40174E-11,3.723302E-09,4.93635E-09,1,1,0,0,0,1
497.1278,3.815356,1.004438,1.782597,0.3989617,-0.01621552,-0.01073519,0.9167614,0.4262989,0.03185314,0.6939759,-0.03076013,0.7186353,1,0,0,0,25.06588,0,1,0.08881363,-0.004540686,-0.01007395,-1.448663E-11,6.264206E-09,6.373338E-09,1,1,0,0,0,1,1,1,0.002244829,0.005614182,-0.002907703,4.938177E-11,6.73243E-09,6.336204E-09,1,1,0,0,0,1
497.1781,3.841946,1.00579,1.776383,0.3989617,-0.01621553,-0.01073519,0.9167613,0.4262989,0.03181626,0.6940711,-0.03073254,0.7185462,1,0,0,0,16.31736,0,1,0,0,0,3.453117E-10,-5.153505E-10,-5.566913E-09,0.9999999,1,0,0,0,1,1,1,0.0006004715,-0.0001568289,-0.002935104,3.045315E-10,-0.000000001,-0.000000005,0.9999999,1,0,0,0,1
497.2271,3.847726,1.008253,1.772333,0.3989617,-0.01621552,-0.01073519,0.9167613,0.4262989,0.03173973,0.6942197,-0.03067105,0.7184086,1,0,0,0,18.33755,0,1,0,0,0,1.646809E-10,6.864289E-10,1.630236E-09,1,1,0,0,0,1,1,1,0.002028194,0.002570938,-0.005854012,1.147273E-10,1.7145E-09,3.313939E-09,1,1,0,0,0,1
497.2771,3.850816,1.010692,1.764708,0.3989617,-0.01621552,-0.01073519,0.9167613,0.4262989,0.03163574,0.6944646,-0.03059109,0.7181798,1,0,0,0,18.84304,0,1,0,0,0,-2.262013E-11,-1.769155E-09,-1.927625E-09,1,1,0,0,0,1,1,1,0.002042202,0.002564703,-0.005852496,-7.929216E-11,-2.145031E-09,1.683111E-09,1,1,0,0,0,1
497.3275,3.852901,1.01088,1.76021,0.3989616,-0.01621553,-0.01073519,0.9167614,0.4262989,0.03153768,0.6947331,-0.03051877,0.7179275,1,0,0,0,18.64526,0,1,0.002973996,-0.0001634036,0.0003586734,-2.751223E-10,-1.35634E-09,2.692588E-10,1,1,0,0,0,1,1,1,0.00119074,-0.0003068072,-0.005872648,-2.751223E-10,-1.35634E-09,2.692588E-10,1,1,0,0,0,1
497.3775,3.915521,1.009992,1.75371,0.3989618,-0.01621554,-0.0107352,0.9167613,0.4262989,0.03141145,0.6950303,-0.03042141,0.7176495,1,0,0,0,17.25517,0,1,0.1066043,-0.005612796,-0.008370873,-3.001927E-10,-2.941046E-09,-7.5148E-09,1,1,0,0,0,1,1,1,0.0008542725,0.002875714,0.000022183,-1.888401E-10,-2.622515E-09,-5.543473E-09,1,1,0,0,0,1
497.4275,4.178472,0.9968706,1.728914,0.398962,-0.01621556,-0.01073522,0.9167613,0.4262989,0.03116385,0.6956876,-0.03023622,0.7170309,1,0,0,0,13.55957,0,1,0.2956997,-0.01503339,-0.02483927,3.192602E-10,-3.178311E-09,-9.394072E-09,1,1,0,0,0,1,1,1,0.0005955428,-0.0001428749,-0.00293682,2.92154E-10,-1.660651E-09,-5.817848E-09,1,1,0,0,0,1
497.4776,4.246296,0.9947417,1.721519,0.398962,-0.01621555,-0.0107352,0.9167612,0.4262989,0.03088743,0.6964636,-0.03003215,0.7162978,1,0,0.0006098151,0.0006098747,7.605195,0,1,0,0,0,1.240187E-11,5.049464E-10,1.291432E-08,1,1,0,0,0,1,1,1,0.001772288,-0.0004540581,-0.008812085,2.668031E-11,1.467316E-09,1.024464E-08,1,1,0,0,0,1
497.5277,4.25913,0.9964879,1.722524,0.398962,-0.01621555,-0.01073519,0.9167612,0.4262989,0.03061868,0.6971301,-0.0298255,0.7156694,1,0,-0.0002722144,0.001594067,5.547572,0,1,0,0,0,-1.991904E-10,-1.150805E-10,8.383133E-09,1,1,0,0,0,1,1,1,0.0005907248,-0.0001539413,-0.002937234,-2.260867E-10,-9.031262E-10,7.125093E-09,1,1,0,0,0,1
497.5779,4.261286,0.9957114,1.724264,0.3989621,-0.01621555,-0.01073518,0.9167612,0.4262989,0.03042641,0.6976051,-0.02967702,0.7152207,1,0,-5.447865E-05,0.0002774,6.201603,0,1,0,0,0,1.993054E-10,-0.000000001,1.616101E-10,1,1,0,0,0,1,1,1,0,0,0,-2.648487E-10,-1.218835E-09,5.657157E-09,1,1,0,0,0,1
497.628,4.262444,0.9955254,1.725552,0.3989622,-0.01621554,-0.01073516,0.9167612,0.4262989,0.03028138,0.6979563,-0.02956415,0.7148889,1,0,-9.298325E-06,4.661083E-05,6.4429,0,1,0.002652967,-0.0001761066,0.003306169,-1.043044E-10,6.64416E-09,2.337083E-08,1,1,0,0,0,1,1,1,0,0,0,9.530526E-11,3.91541E-09,1.243925E-08,1,1,0,0,0,1
497.6772,4.330652,0.9917136,1.758512,0.3989622,-0.01621554,-0.01073516,0.9167612,0.4262989,0.0301616,0.6980335,-0.02945317,0.7148231,1,0,0,0,5.76441,0,1,0.1724592,-0.009614844,0.07851259,1.151561E-10,-7.110446E-10,1.215563E-09,1,1,0,0,0,1,1,1,0,0,0,1.205357E-10,-1.522874E-10,6.348163E-10,1,1,0,0,0,1
497.7274,4.571562,1.008926,1.820503,0.3989622,-0.01621554,-0.01073518,0.9167612,0.4262989,0.02981977,0.6971222,-0.02904398,0.7157429,1,0,0.0109883,-0.01160359,9.734795,0,1,0.223662,-0.01167804,0.07819927,2.709641E-10,7.540661E-10,-1.30501E-08,1,1,0,0,0,1,1,1,0,0,0,3.646623E-10,6.401701E-10,-1.244719E-08,1,1,0,0,0,1
497.778,4.646323,1.006157,1.801855,0.3989622,-0.01621555,-0.01073521,0.9167612,0.4262989,0.02916012,0.6964371,-0.02834499,0.7164648,1,9.489059E-05,-0.001356363,-0.005074859,15.91173,0,1,0,0,0,-9.687267E-11,1.195378E-09,-1.139453E-08,1,1,0,0,0,1,1,1,0,0,0,-9.511145E-11,1.878087E-09,-1.078416E-08,1,1,0,0,0,1
497.828,4.658941,1.003141,1.797003,0.3989623,-0.01621554,-0.01073519,0.9167611,0.4262989,0.02872094,0.6961089,-0.02789114,0.7168191,1,1.573563E-05,-0.0001960993,-0.0008147955,20.90153,0,1,0,0,0,-2.274637E-10,1.587709E-09,1.363813E-08,1,1,0,0,0,1,1,1,0,0,0,-2.414817E-10,1.91632E-09,1.492933E-08,1,1,0,0,0,1
497.8776,4.661061,1.002648,1.7962,0.3989622,-0.01621553,-0.0107352,0.9167611,0.4262989,0.02839777,0.6958917,-0.02755961,0.7170557,1,0.000002861,-3.349781E-05,-0.0001372099,22.60167,0,1,0,0,0,-3.133378E-11,6.979486E-10,-0.000000001,1,1,0,0,0,1,1,1,0,0,0,8.000954E-12,-7.492054E-11,-7.525857E-10,1,1,0,0,0,1
497.9279,4.691478,1.001009,1.792724,0.3989622,-0.01621554,-0.01073521,0.9167612,0.4262989,0.02814167,0.6957383,-0.0272986,0.7172246,1,0.000005722,9.858608E-05,-0.0001159906,22.55671,0,1,0.08492145,-0.005317762,-0.01172264,1.089584E-10,3.192139E-10,-2.526385E-09,1,1,0,0,0,1,1,1,0,0,0,1.089584E-10,3.192139E-10,-2.526385E-09,1,1,0,0,0,1
497.9774,4.867699,0.9900734,1.746989,0.3989622,-0.01621554,-0.01073521,0.9167612,0.4262989,0.02788282,0.6961724,-0.02707961,0.7168216,1,0,0,0,24.49185,0,1,0.1717475,-0.01058911,-0.05082973,-1.282379E-10,-3.392533E-10,-1.208083E-09,1,1,0,0,0,1,1,1,0,0,0,-1.995893E-10,2.775434E-10,-2.111554E-09,1,1,0,0,0,1
498.0273,4.909688,0.9874727,1.735641,0.3989623,-0.01621554,-0.01073521,0.9167611,0.4262989,0.02764786,0.6969434,-0.02690871,0.7160876,1,0,0,0,31.56571,0,1,0,0,0,-1.377317E-10,1.770369E-09,0.000000003,1,1,0,0,0,1,1,1,0,0,0,-1.461673E-10,1.615814E-09,2.242038E-09,1,1,0,0,0,1
498.0775,4.916745,0.9870356,1.733734,0.3989623,-0.01621557,-0.01073522,0.9167611,0.4262989,0.02746387,0.6976115,-0.02677916,0.7154487,1,0,0,0,34.54316,0,1,0,0,0,1.608569E-10,-2.325406E-09,-0.000000009,1,1,0,0,0,1,1,1,0,0,0,2.006205E-10,-2.448555E-09,-8.431965E-09,1,1,0,0,0,1
498.1275,4.91883,0.986946,1.733455,0.3989624,-0.01621556,-0.01073524,0.916761,0.4262989,0.02731891,0.6981363,-0.0266766,0.714946,1,0,0,0,36.70868,0,1,0.002996334,-0.000053949,0.0001380901,5.233859E-11,1.5273E-09,-2.344092E-09,1,1,0,0,0,1,1,1,0,0,0,1.166519E-10,2.170765E-09,-1.623896E-09,1,1,0,0,0,1
498.1774,4.946851,0.9927631,1.719167,0.3989623,-0.01621556,-0.01073523,0.9167611,0.4262989,0.02713947,0.6987025,-0.02654297,0.7144045,1,2.193451E-05,0.002226412,0.0023911,35.18122,0,1,0.03422653,-0.001341283,-0.02856126,5.981168E-11,2.672617E-10,0.000000002,1,1,0,0,0,1,1,1,0,0,0,-3.022262E-11,2.57232E-10,2.376007E-09,1,1,0,0,0,1
498.2276,5.319663,0.9848568,1.419048,0.3989624,-0.01621558,-0.01073523,0.916761,0.4262989,0.02657726,0.7026289,-0.02628008,0.7105742,0,0,0,0,41.16203,0,1,0.4494173,-0.01124411,-0.3637007,-1.694645E-10,-4.076714E-09,-0.000000003,1,1,0,0,0,1,1,1,0,0,0,-1.587881E-10,-3.645103E-09,-1.464623E-09,1,1,0,0,0,1
498.2775,5.390569,0.9831135,1.36193,0.3989624,-0.01621558,-0.01073523,0.916761,0.4262989,0.02597232,0.7075722,-0.02604184,0.7056832,0,0,0,0,54.89862,0,1,0,0,0,4.041479E-11,6.397204E-10,1.607058E-10,1,1,0,0,0,1,1,1,0,0,0,7.142491E-11,6.909477E-10,1.597474E-10,1,1,0,0,0,1
498.3276,5.402486,0.9828204,1.35233,0.3989624,-0.01621558,-0.01073524,0.916761,0.4262989,0.02549676,0.711648,-0.02586203,0.7015968,0,0,0,0,63.99057,0,1,0,0,0,-5.746519E-11,4.815681E-11,-5.142784E-09,1,1,0,0,0,1,1,1,0,0,0,-6.109169E-11,3.275378E-10,-5.909717E-09,1,1,0,0,0,1
498.3777,5.406018,0.9828126,1.350742,0.3989624,-0.01621557,-0.01073524,0.916761,0.4262989,0.02513332,0.7148169,-0.02572463,0.6983862,0,0,0,0,62.13884,0,1,0.002998489,8.144041E-05,4.929933E-05,-7.867753E-11,2.523021E-09,5.049097E-10,1,1,0,0,0,1,1,1,0,0,0,-5.932557E-11,0.000000002,-2.708472E-10,1,1,0,0,0,1
498.4275,5.739835,0.9940784,1.284131,0.3989624,-0.01621557,-0.01073525,0.916761,0.4262989,0.02458417,0.7176453,-0.02536651,0.6955124,0,0,0,0,65.75654,0,1,0.5890709,0.02046128,-0.1252354,2.207485E-10,4.906923E-09,-5.270419E-09,1,1,0,0,0,1,1,1,0,0,0,2.067292E-10,4.239026E-09,-2.652421E-09,1,1,0,0,0,1
498.4775,5.953747,1.001753,1.235108,0.3989625,-0.01621557,-0.01073525,0.916761,0.4262989,0.02363562,0.7207178,-0.02460267,0.6923886,0,0,0,0,80.2123,0,1,0,0,0,-3.733439E-11,5.536487E-10,4.209912E-09,1,1,0,0,0,1,1,1,0,0,0,-1.152423E-10,5.473916E-10,3.62193E-09,1,1,0,0,0,1
498.5274,5.9897,1.003043,1.226869,0.3989624,-0.01621557,-0.01073526,0.916761,0.4262989,0.02282208,0.7232732,-0.0239306,0.6897697,0,0,0,0,89.5276,0,1,0,0,0,3.226999E-11,1.447626E-09,-6.427261E-09,1,1,0,0,0,1,1,1,0,0,0,-1.101674E-10,2.417598E-10,-7.712426E-09,1,1,0,0,0,1
498.5777,5.995742,1.00326,1.225484,0.3989624,-0.01621558,-0.01073526,0.916761,0.4262989,0.02220175,0.7252642,-0.02341399,0.6877142,0,0,0,0,98.27724,0,1,0,0,0,3.08597E-10,2.363895E-09,-0.000000006,1,1,0,0,0,1,1,1,0,0,0,1.557245E-10,2.303192E-09,-4.208757E-09,1,1,0,0,0,1
498.6279,6.03152,1.004802,1.219099,0.3989625,-0.01621559,-0.01073528,0.916761,0.4262989,0.02170772,0.7268031,-0.02299495,0.6861175,0,0,0,0,97.37385,0,1,0.1074842,0.004645884,-0.02032885,-5.341689E-11,0.000000003,-4.89116E-09,1,1,0,0,0,1,1,1,0,0,0,-8.073164E-11,2.354484E-09,-8.556589E-09,1,1,0,0,0,1
498.6777,6.460619,1.024017,1.101086,0.3989625,-0.0162156,-0.01073529,0.916761,0.4262989,0.0208746,0.7287588,-0.02223761,0.684091,0,0,0,0,100.5034,0,1,0.5234128,0.0236626,-0.1523376,-9.086568E-11,-2.193188E-09,-5.763704E-09,1,1,0,0,0,1,1,1,0,0,0,5.958632E-11,-1.696127E-09,-3.843825E-09,1,1,0,0,0,1
498.7272,6.599751,1.030335,1.060697,0.3989626,-0.0162156,-0.01073531,0.916761,0.4262989,0.01980014,0.7311738,-0.02124108,0.681573,0,0,0,0,117.8692,0,1,0,0,0,-3.843822E-10,3.809453E-09,-5.646874E-09,1,1,0,0,0,1,1,1,0,0,0,-3.431583E-10,1.542813E-09,-3.890338E-09,1,1,0,0,0,1
498.7773,6.623136,1.031397,1.053909,0.3989626,-0.0162156,-0.01073531,0.916761,0.4262989,0.01893855,0.7331847,-0.02043606,0.6794586,0,0,0,0,129.439,0,1,0,0,0,2.625862E-11,-5.118332E-09,-7.969371E-10,1,1,0,0,0,1,1,1,0,0,0,3.077771E-11,-4.742526E-09,-0.000000001,1,1,0,0,0,1
498.8277,6.627066,1.031576,1.052768,0.3989626,-0.01621558,-0.01073531,0.916761,0.4262989,0.01828006,0.7347521,-0.01981604,0.6777998,0,0,0,0,134.5773,0,1,0,0,0,7.608383E-10,1.30839E-08,3.138151E-09,1,1,0,0,0,1,1,1,0,0,0,6.23858E-10,1.239624E-08,2.342634E-09,1,1,0,0,0,1
498.8772,6.672753,1.034176,1.05725,0.3989628,-0.0162156,-0.0107353,0.9167609,0.4262989,0.01773841,0.7359076,-0.019294,0.6765746,0,0,0,0,130.3862,0,1,0.1204315,0.006842315,0.01317792,-2.600235E-10,-6.77528E-09,3.050147E-10,1,1,0,0,0,1,1,1,0,0,0,-3.721499E-11,-0.000000006,1.820536E-09,1,1,0,0,0,1
498.9279,7.039402,1.05644,1.063924,0.3989629,-0.01621561,-0.0107353,0.9167608,0.4262989,0.01692666,0.7363541,-0.01843425,0.6761334,0,0,0,0,140.0897,0,1,0.4224677,0.02607467,-0.001776421,3.03936E-10,-5.585503E-09,5.795164E-10,1,1,0,0,0,1,1,1,0,0,0,3.056879E-10,-5.623601E-09,6.967334E-10,1,1,0,0,0,1
498.9779,7.148682,1.06317,1.063937,0.3989631,-0.0162156,-0.01073531,0.9167607,0.4262989,0.01596549,0.7364169,-0.0173894,0.676116,0,0,0,0,154.3827,0,1,0,0,0,-1.331895E-10,4.594291E-09,-2.713472E-09,1,1,0,0,0,1,1,1,0,0,0,-1.956513E-10,0.000000006,-2.358855E-09,1,1,0,0,0,1
499.0271,7.167048,1.064301,1.063939,0.3989631,-0.01621559,-0.01073532,0.9167607,0.4262989,0.01518627,0.7364265,-0.01654021,0.6761449,0,0,0,0,158.6638,0,1,0,0,0,3.019756E-10,5.774015E-09,0.000000001,1,1,0,0,0,1,1,1,0,0,0,4.486468E-10,6.801396E-09,1.458442E-09,1,1,0,0,0,1
499.0772,7.170135,1.064491,1.063939,0.3989632,-0.01621558,-0.01073532,0.9167607,0.4262989,0.01457672,0.7364193,-0.01587527,0.6761822,0,0,0,0,110.082,0,1,0,0,0,2.726785E-10,7.408581E-09,-1.741053E-09,1,1,0,0,0,1,1,1,0,0,0,4.742242E-10,8.106633E-09,-2.801903E-09,1,1,0,0,0,1
499.128,7.18415,1.065415,1.064284,0.3989632,-0.01621558,-0.01073534,0.9167607,0.4262989,0.01408213,0.7363824,-0.01533443,0.6762452,0,0,0,0,167.1212,0,1,0.044987,0.002974558,0.001149988,-5.595543E-11,2.063377E-09,-4.311785E-09,1,1,0,0,0,1,1,1,0,0,0,-6.705052E-12,4.188083E-09,-5.065004E-09,1,1,0,0,0,1
499.1776,7.447661,1.083724,1.037423,0.3989632,-0.0162156,-0.01073535,0.9167607,0.4262989,0.01350118,0.7363147,-0.0146983,0.6763448,,,,,,,,,,,,,,,,,,,,,,,,,,,,,,,,,
